date,open,high,low,close,adj_close,volume,dgs10,daily_return,cumulative_return,moving_average_20,moving_average_50,rolling_volatility_20,rsi_14,running_max_close,drawdown,trend_status
2018-01-02,267.8399963378906,268.8099975585937,267.3999938964844,268.7699890136719,235.95431518554688,86655700,2.46,,0.0,,,,,268.7699890136719,0.0,Insufficient data
2018-01-03,268.9599914550781,270.6400146484375,268.9599914550781,270.4700012207031,237.4467620849609,90070400,2.44,0.006325156366117746,0.006325156366117746,,,,,270.4700012207031,0.0,Insufficient data
2018-01-04,271.20001220703125,272.1600036621094,270.5400085449219,271.6099853515625,238.447509765625,80636400,2.46,0.004214826508353253,0.010566642311192309,,,,,271.6099853515625,0.0,Insufficient data
2018-01-05,272.510009765625,273.5599975585937,271.95001220703125,273.4200134277344,240.0365447998047,83524000,2.47,0.0066640704458234,0.01730112960575325,,,,,273.4200134277344,0.0,Insufficient data
2018-01-08,273.3099975585937,274.1000061035156,272.9800109863281,273.9200134277344,240.4754638671875,57319200,2.49,0.0018286883748257488,0.01916145635516031,,,,,273.9200134277344,0.0,Insufficient data
2018-01-09,274.3999938964844,275.25,274.0799865722656,274.5400085449219,241.0198516845703,57254000,2.55,0.002263416642797056,0.02146824335717179,,,,,274.5400085449219,0.0,Insufficient data
2018-01-10,273.67999267578125,274.4200134277344,272.9200134277344,274.1199951171875,240.65106201171875,69574300,2.55,-0.0015298805808321436,0.019905518927722854,,,,,274.5400085449219,-0.0015298805808321436,Insufficient data
2018-01-11,274.75,276.1199951171875,274.5599975585937,276.1199951171875,242.40692138671875,62361500,2.54,0.007296074841767641,0.027346825925351315,,,,,276.1199951171875,0.0,Insufficient data
2018-01-12,276.4200134277344,278.1099853515625,276.0799865722656,277.9200134277344,243.98716735839844,90816100,2.55,0.006518971252997829,0.03404407035041723,,,,,277.9200134277344,0.0,Insufficient data
2018-01-16,279.3500061035156,280.0899963378906,276.17999267578125,276.9700012207031,243.1531219482422,106555100,2.54,-0.0034182936137424624,0.030509404108410187,,,,,277.9200134277344,-0.0034182936137424624,Insufficient data
2018-01-17,278.0299987792969,280.04998779296875,276.9700012207031,279.6099853515625,245.47076416015625,113258800,2.57,0.00953166089910118,0.040331870301706374,,,,,279.6099853515625,0.0,Insufficient data
2018-01-18,279.4800109863281,279.9599914550781,278.5799865722656,279.1400146484375,245.0581970214844,100728000,2.62,-0.0016808080102507228,0.038583272160784166,,,,,279.6099853515625,-0.0016808080102507228,Insufficient data
2018-01-19,279.79998779296875,280.4100036621094,279.1400146484375,280.4100036621094,246.17320251464844,140920100,2.64,0.004549648731914546,0.04330846122795817,,,,,280.4100036621094,0.0,Insufficient data
2018-01-22,280.1700134277344,282.69000244140625,280.1099853515625,282.69000244140625,248.1747894287109,91322400,2.66,0.008130946647838755,0.051791546663441546,,,,,282.69000244140625,0.0,Insufficient data
2018-01-23,282.739990234375,283.6199951171875,282.3699951171875,283.2900085449219,248.7014923095703,97084700,2.63,0.002122487878360557,0.05402396147179678,,,,89.890136792437,283.2900085449219,0.0,Insufficient data
2018-01-24,284.0199890136719,284.70001220703125,281.8399963378906,283.17999267578125,248.6048583984375,134816100,2.65,-0.00038835068594800237,0.05361463054335358,,,,88.26002201085109,283.2900085449219,-0.00038835068594800237,Insufficient data
2018-01-25,284.1600036621094,284.2699890136719,282.3999938964844,283.29998779296875,248.7102508544922,84587300,2.63,0.0004237415081964624,0.05406109079595778,,,,87.49192528589381,283.29998779296875,0.0,Insufficient data
2018-01-26,284.25,286.6300048828125,283.9599914550781,286.5799865722656,251.5897521972656,107743100,2.66,0.01157782887620118,0.06626482973025527,,,,88.56968062079847,286.5799865722656,0.0,Insufficient data
2018-01-29,285.92999267578125,286.42999267578125,284.5,284.67999267578125,249.921630859375,90118300,2.7,-0.00662989038142503,0.05919561079157476,,,,79.14405262383514,286.5799865722656,-0.00662989038142503,Insufficient data
2018-01-30,282.6000061035156,284.739990234375,281.2200012207031,281.760009765625,247.35829162597656,131796400,2.73,-0.010257071045669863,0.04833136616042388,278.125,,,67.38923034179427,286.5799865722656,-0.016818958170427556,Insufficient data
2018-01-31,282.7300109863281,283.29998779296875,280.67999267578125,281.8999938964844,247.48117065429688,108364800,2.72,0.0004968204358588579,0.04885219860668433,278.7815002441406,,0.08723703833067578,68.99418406257311,286.5799865722656,-0.016330493736697593,Insufficient data
2018-02-01,281.07000732421875,283.0599975585937,280.67999267578125,281.5799865722656,247.20021057128903,90102500,2.78,-0.001135180316237494,0.04766156223618356,279.3369995117188,,0.08680553416034,64.52128687075614,286.5799865722656,-0.017447135997890717,Insufficient data
2018-02-02,280.0799865722656,280.2300109863281,275.4100036621094,275.45001220703125,241.81871032714844,173174800,2.84,-0.021769922073851533,0.024854051666532317,279.5290008544922,,0.12056597857683439,44.660591275344004,286.5799865722656,-0.03883723528065619,Insufficient data
2018-02-05,273.45001220703125,275.8500061035156,263.3099975585937,263.92999267578125,231.7052764892578,294681800,2.77,-0.041822541371286714,-0.01800794930882199,279.0544998168945,,0.19111669188704997,30.652760760641115,286.5799865722656,-0.0790355047726713,Insufficient data
2018-02-06,259.94000244140625,269.70001220703125,258.70001220703125,269.1300048828125,236.27032470703125,355026800,2.79,0.01970224056126546,0.0013394943031459494,278.81499938964845,,0.2054781888367174,35.54882061934107,286.5799865722656,-0.06089044073931815,Insufficient data
2018-02-07,268.5,272.3599853515625,267.5799865722656,267.6700134277344,234.9886016845703,167376100,2.84,-0.005424855752199975,-0.004092628012429489,278.47149963378905,,0.20576958890676822,34.6040125937341,286.5799865722656,-0.06598497463381936,Insufficient data
2018-02-08,268.010009765625,268.1700134277344,257.5899963378906,257.6300048828125,226.1744537353516,246449500,2.85,-0.03750890290754394,-0.04144802093321853,277.6470001220703,,0.24285910551338058,25.249886769280565,286.5799865722656,-0.10101885353446671,Insufficient data
2018-02-09,260.79998779296875,263.6099853515625,252.9199981689453,261.5,229.57196044921875,283565300,2.83,0.015021523284711513,-0.02704911006006061,276.91600036621094,,0.24867503397031146,27.7462623807436,286.5799865722656,-0.08751478731031803,Insufficient data
2018-02-12,263.8299865722656,267.010009765625,261.6600036621094,265.3399963378906,232.9430389404297,143736000,2.86,0.014684498424055947,-0.012761814250053738,276.28699951171876,,0.25427177536424866,32.35002868713735,286.5799865722656,-0.07411539964260205,Insufficient data
2018-02-13,263.9700012207031,266.6199951171875,263.3099975585937,266.0,233.5225372314453,81223600,2.83,0.0024873885249809824,-0.010306169315396296,275.7384994506836,,0.2547569895159713,33.28793296102653,286.5799865722656,-0.07181236491221643,Insufficient data
2018-02-14,264.3099975585937,270.0,264.29998779296875,269.5899963378906,236.6741943359375,120735700,2.91,0.013496226834175173,0.0030509631199069354,275.2375,,0.257489411606819,37.506834062021866,286.5799865722656,-0.059285334044394955,Insufficient data
2018-02-15,271.57000732421875,273.0400085449219,268.7699890136719,273.0299987792969,239.6941070556641,111200300,2.9,0.012760126444360864,0.01585002023945492,274.93199920654297,,0.26255343817747223,37.68853751784306,286.5799865722656,-0.04728169595873688,Insufficient data
2018-02-16,272.32000732421875,275.32000732421875,272.2699890136719,273.1099853515625,239.76437377929688,160420100,2.87,0.00029295891522274076,0.016147622559413266,274.56699829101564,,0.2617993415763101,39.1279685980142,286.5799865722656,-0.0470025886378721,Insufficient data
2018-02-20,272.0299987792969,273.6700134277344,270.5,271.3999938964844,238.2631683349609,86369700,2.88,-0.0062611824788351145,0.009785336869134298,274.0024978637695,,0.2599835826633104,40.03844043346724,286.5799865722656,-0.05296947933226792,Insufficient data
2018-02-21,271.8999938964844,274.7200012207031,269.94000244140625,270.04998779296875,237.07797241210932,98883700,2.94,-0.004974230412217784,0.004762431936668365,273.3404968261719,,0.25974519583076217,38.864867500007165,286.5799865722656,-0.05768022734947187,Insufficient data
2018-02-22,271.1000061035156,273.04998779296875,269.6400146484375,270.3999938964844,237.38526916503903,110511300,2.92,0.0012960789458873467,0.0060646833703199565,272.70149688720704,,0.25997501717714994,39.500380609984816,286.5799865722656,-0.05645890653184604,Insufficient data
2018-02-23,271.7900085449219,274.7099914550781,271.25,274.7099914550781,241.1690673828125,92766400,2.88,0.01593934044334233,0.02210069086658284,272.2719970703125,,0.2677512586400031,49.280415637198196,286.5799865722656,-0.04141948382077365,Insufficient data
2018-02-26,275.92999267578125,278.010009765625,275.260009765625,277.8999938964844,243.96957397460932,86491400,2.86,0.011612254889272533,0.033969584611427184,271.83799743652344,,0.2677734192203367,66.21026039449762,286.5799865722656,-0.030288202535010078,Insufficient data
2018-02-27,278.1099853515625,278.9200134277344,274.3599853515625,274.42999267578125,240.92323303222656,99099200,2.9,-0.01248651060422723,0.02105891242872815,271.32549743652345,,0.270087607047277,56.40714418527777,286.5799865722656,-0.042396519177100855,Insufficient data
2018-02-28,275.67999267578125,276.19000244140625,271.2900085449219,271.6499938964844,238.482666015625,121907800,2.87,-0.01013008364060719,0.010715500243837717,270.8199966430664,,0.2700345700047686,54.66258335490347,286.5799865722656,-0.05209712253237342,Insufficient data
2018-03-01,271.4100036621094,273.1700134277344,266.0,267.70001220703125,235.01498413085932,176855100,2.81,-0.01454070229413773,-0.00398101294927844,270.10999755859376,,0.27367332003896055,63.760613187876366,286.5799865722656,-0.06588029607738677,Insufficient data
2018-03-02,265.79998779296875,269.7200012207031,264.82000732421875,269.0799865722656,236.22642517089844,139083200,2.86,0.005154928286544624,0.0011533935010048513,269.48499755859376,,0.2749781867363436,61.11436771682506,286.5799865722656,-0.06106497599261729,Insufficient data
2018-03-05,267.7300109863281,272.8900146484375,267.6099853515625,272.19000244140625,238.9567108154297,97307400,2.88,0.011557960548304713,0.01272468492589085,269.3219970703125,,0.2687745388970831,60.26372995252714,286.5799865722656,-0.050212802027718384,Insufficient data
2018-03-06,273.29998779296875,273.3900146484375,271.17999267578125,272.8800048828125,239.56246948242188,79213200,2.88,0.002535002884813009,0.01529194492369923,269.7694976806641,,0.2199071868275916,60.299419799899496,286.5799865722656,-0.04780508874090017,Insufficient data
2018-03-07,270.4200134277344,273.17999267578125,270.20001220703125,272.7799987792969,239.47471618652344,87063500,2.89,-0.00036648380872972286,0.014919856864751058,269.9519973754883,,0.20948198517352587,55.33267352998194,286.5799865722656,-0.04815405275863138,Insufficient data
2018-03-08,273.54998779296875,274.239990234375,272.4200134277344,274.1000061035156,240.633544921875,66901200,2.86,0.00483909131947291,0.01983114673406594,270.2734970092773,,0.2086310639256605,51.92516763267306,286.5799865722656,-0.04354798329786014,Insufficient data
2018-03-09,275.70001220703125,278.8699951171875,275.3399963378906,278.8699951171875,244.82115173339844,113625300,2.9,0.017402367411369024,0.03757862304709003,271.3354965209961,,0.15821902233095403,58.86701543919782,286.5799865722656,-0.02690345389186455,Insufficient data
2018-03-12,279.20001220703125,279.9100036621094,278.0799865722656,278.5199890136719,244.51385498046875,71924800,2.87,-0.0012550869926631902,0.03627637161343822,272.1864959716797,,0.15368681155091346,61.43958263871183,286.5799865722656,-0.028124774709490374,Insufficient data
2018-03-13,279.8399963378906,280.4100036621094,276.0299987792969,276.7200012207031,242.93365478515625,91968900,2.84,-0.006462688007934703,0.02957924073370588,272.7554962158203,,0.15104080057582558,60.563855444979865,286.5799865722656,-0.03440570107318419,Insufficient data
2018-03-14,277.8099975585937,278.0199890136719,274.6700134277344,275.29998779296875,241.6869659423828,105895100,2.81,-0.005131589409765214,0.024295862805442603,273.2204956054687,274.34079833984373,0.15321719215439888,57.5061217506103,286.5799865722656,-0.03936073455168665,Above 50-day average
2018-03-15,275.8800048828125,276.6099853515625,274.42999267578125,275.0,241.42364501953125,83433000,2.82,-0.0010896760126061222,0.023179712173931888,273.4909957885742,274.4653985595703,0.14702645305065232,50.50647712991674,286.5799865722656,-0.04040752011601323,Above 50-day average
2018-03-16,274.5,275.3900146484375,274.1400146484375,274.20001220703125,241.68556213378903,100343700,2.85,-0.002909046519886327,0.020203234793014113,273.54949645996095,274.53999877929687,0.14084283230096586,42.94971918900342,286.5799865722656,-0.043199019280128814,Below 50-day average
2018-03-19,273.3500061035156,274.3999938964844,268.6199951171875,270.489990234375,238.4153594970703,109208400,2.85,-0.013530349407333553,0.00639952855977266,273.4184967041016,274.5175988769531,0.149094010503639,42.560412863491365,286.5799865722656,-0.05614487086254816,Below 50-day average
2018-03-20,270.94000244140625,271.6700134277344,270.17999267578125,270.95001220703125,238.8208465576172,59757300,2.89,0.0017006986922423195,0.008111110921867448,273.39599761962893,274.46819885253905,0.14764258806677477,48.55136261723561,286.5799865722656,-0.05453965767875779,Below 50-day average
2018-03-21,270.8999938964844,273.2699890136719,270.19000244140625,270.42999267578125,238.3624267578125,78709600,2.89,-0.0019192452770685486,0.00617629843347034,273.41499786376954,274.3983984375,0.14668410952138872,56.58459962136491,286.5799865722656,-0.05635422797541345,Below 50-day average
2018-03-22,267.9100036621094,268.8699951171875,263.3599853515625,263.6700134277344,232.40408325195312,148785900,2.83,-0.02499715057919416,-0.0189752420076873,273.07849884033203,274.1809985351563,0.1714653225963947,39.6400545131105,286.5799865722656,-0.07994268343213196,Below 50-day average
2018-03-23,264.1700134277344,264.5400085449219,257.8299865722656,258.04998779296875,227.45046997070312,183534800,2.82,-0.021314618077743375,-0.039885410049104064,272.24549865722656,273.8595983886719,0.17304994991837444,25.297017984223018,286.5799865722656,-0.09955335374440943,Below 50-day average
2018-03-26,262.1300048828125,265.42999267578125,259.4100036621094,265.1099853515625,233.6733245849609,141956100,2.85,0.027359030779175786,-0.013617605431101798,271.60599822998046,273.6393981933594,0.19799491508074724,38.89681602436519,286.5799865722656,-0.07491800623449718,Below 50-day average
2018-03-27,266.1700134277344,266.7699890136719,258.8399963378906,260.6000061035156,229.69808959960932,129941400,2.78,-0.01701172908318105,-0.030397675499927335,270.9144989013672,273.292998046875,0.2017058800495234,34.54316608058494,286.5799865722656,-0.09065525049216494,Below 50-day average
2018-03-28,260.75,262.6400146484375,258.5799865722656,259.8299865722656,229.01939392089844,146452300,2.77,-0.0029547947552392984,-0.03326265136302797,270.32349853515626,272.95019775390625,0.1997066518954912,31.634483809595636,286.5799865722656,-0.0933421775887151,Below 50-day average
2018-03-29,261.1199951171875,265.260009765625,259.8399963378906,263.1499938964844,231.9457550048828,111601600,2.74,0.012777614193099973,-0.020910054496084407,270.0959976196289,272.62099792480467,0.20076016045587533,28.983986454784684,286.5799865722656,-0.0817572537287875,Below 50-day average
2018-04-02,262.54998779296875,263.1300048828125,254.6699981689453,257.4700012207031,226.93927001953125,186286300,2.73,-0.02158462020719487,-0.04204333911846958,269.51549835205077,272.18759765625,0.21237577948093803,25.368631702540682,286.5799865722656,-0.10157717466506322,Below 50-day average
2018-04-03,258.8699951171875,261.3099975585937,256.8399963378906,260.7699890136719,229.84793090820312,119956900,2.79,0.012816979754235458,-0.029765227990515952,268.9444976806641,271.79479736328125,0.21349513927867642,31.969254759095577,286.5799865722656,-0.09006210750200228,Below 50-day average
2018-04-04,256.75,264.3599853515625,256.6000061035156,263.5599975585937,232.30709838867188,123715300,2.79,0.01069911670232715,-0.019384572936130717,268.47849731445314,271.412197265625,0.217747532271544,37.12721402843746,286.5799865722656,-0.0803265757982966,Below 50-day average
2018-04-05,265.54998779296875,266.6400146484375,264.32000732421875,265.6400146484375,234.14048767089844,82652600,2.83,0.007892006029410314,-0.011645550073209887,268.12149810791016,271.0591973876953,0.22034921109319155,40.12244372161928,286.5799865722656,-0.0730685075894083,Below 50-day average
2018-04-06,263.4200134277344,265.1099853515625,258.0,259.7200012207031,228.9224548339844,179521200,2.77,-0.02228584965096181,-0.03367186874613737,267.40249786376955,270.5899975585937,0.2312030900995785,36.20953739501245,286.5799865722656,-0.09372596346601247,Below 50-day average
2018-04-09,261.3699951171875,264.8399963378906,259.94000244140625,261.0,230.0506896972656,105442900,2.78,0.004928379690746887,-0.028909436809468447,266.50899810791014,270.14399780273436,0.22090767976400422,40.523290115902036,286.5799865722656,-0.08925950091010715,Below 50-day average
2018-04-10,264.2699890136719,266.0400085449219,262.9800109863281,265.1499938964844,233.7085876464844,103529000,2.8,0.015900359756645166,-0.013468747498455835,265.84049835205076,269.71539794921875,0.2310839175940331,44.60564177408267,286.5799865722656,-0.07477839932963126,Below 50-day average
2018-04-11,263.4700012207031,265.6400146484375,263.3900146484375,263.760009765625,232.48345947265625,91140200,2.79,-0.005242255941374951,-0.01864039681823415,265.1924987792969,269.2969982910156,0.2308367201744682,43.89531181219541,286.5799865722656,-0.07962864776283396,Below 50-day average
2018-04-12,265.260009765625,267.0,265.0599975585937,265.92999267578125,234.3960723876953,68890500,2.83,0.008227111123041198,-0.010566642311194197,264.7239990234375,268.98039794921874,0.23351423826712378,52.258172324269346,286.5799865722656,-0.07205665037351505,Below 50-day average
2018-04-13,267.4100036621094,267.5400085449219,264.010009765625,265.1499938964844,233.7085876464844,85079200,2.82,-0.002933098186663874,-0.013468747498455946,264.2314987182617,268.64539794921876,0.23354966697266716,57.85399223421846,286.5799865722656,-0.07477839932963126,Below 50-day average
2018-04-16,267.0,268.20001220703125,266.07000732421875,267.3299865722656,235.63003540039065,63405300,2.83,0.008221733833538414,-0.005357750121920968,263.88799743652345,268.36039794921874,0.23612531602145154,52.75297928784708,286.5799865722656,-0.06717147359187903,Below 50-day average
2018-04-17,269.3299865722656,270.8699951171875,268.75,270.19000244140625,238.1509704589844,64682000,2.82,0.010698447659434285,0.005283377928261723,263.872998046875,268.25519775390626,0.2349531805353167,62.39978408051524,286.5799865722656,-0.057191656426874626,Above 50-day average
2018-04-18,270.69000244140625,271.29998779296875,269.8699951171875,270.3900146484375,238.3272705078125,57303900,2.87,0.0007402650180390324,0.006027554046158068,263.8449981689453,268.3843981933594,0.23488835082973714,63.85830234184328,286.5799865722656,-0.0564937283914122,Above 50-day average
2018-04-19,269.6499938964844,269.8800048828125,267.7200012207031,268.8900146484375,237.0051422119141,77655900,2.92,-0.005547542138160333,0.00044657379793666685,263.76799926757815,268.37959838867187,0.23563364373576318,57.910723463459234,286.5799865722656,-0.06172786919077944,Above 50-day average
2018-04-20,268.8099975585937,269.0599975585937,265.6099853515625,266.6099853515625,234.99546813964844,99953100,2.96,-0.008479412297463074,-0.008036625182880397,263.91499786376954,268.35839782714845,0.21928844914584775,63.89898766768175,286.5799865722656,-0.06968386543513005,Below 50-day average
2018-04-23,267.260009765625,267.8900146484375,265.3500061035156,266.57000732421875,234.960189819336,65558000,2.98,-0.0001499494750394348,-0.008185369570192558,264.340998840332,268.5371978759766,0.20347659435392176,59.7907044073238,286.5799865722656,-0.0698233658511288,Below 50-day average
2018-04-24,267.7300109863281,267.9800109863281,261.2799987792969,262.9800109863281,231.79591369628903,112885500,3.0,-0.013467367818031595,-0.0215425020054959,264.2345001220703,268.5667980957031,0.186064948324762,49.046702307276455,286.5799865722656,-0.08235039671895017,Below 50-day average
2018-04-25,262.9100036621094,264.1300048828125,260.8500061035156,263.6300048828125,232.3688507080078,103840900,3.03,0.0024716475371893143,-0.019124099940333372,264.38600006103513,268.53259826660155,0.17545841955941488,46.533269329560476,286.5799865722656,-0.08008229033699787,Below 50-day average
2018-04-26,264.7900085449219,267.25,264.2900085449219,266.3099975585937,234.73101806640625,67731900,3.0,0.01016573465138193,-0.009152775814391334,264.7100006103516,268.53879821777343,0.17805851601876146,62.79612455927224,286.5799865722656,-0.07073065099945675,Below 50-day average
2018-04-27,267.0,267.3399963378906,265.5,266.5599975585937,234.951416015625,57053600,2.96,0.0009387555942017567,-0.008222612439687804,264.88050079345703,268.4781982421875,0.17281210011332737,61.245963082575244,286.5799865722656,-0.06985829419956224,Below 50-day average
2018-04-30,267.260009765625,267.8900146484375,264.42999267578125,264.510009765625,233.1444549560547,82182300,2.95,-0.00769053050624402,-0.01584990669412334,265.2325012207031,268.30779846191405,0.15518701016459302,48.58535558700558,286.5799865722656,-0.07701157736315034,Below 50-day average
2018-05-01,263.8699951171875,265.1000061035156,262.1099853515625,264.9800109863281,233.5587158203125,74203400,2.97,0.0017768749890394453,-0.014101195007867329,265.44300231933596,268.1451989746094,0.14924425368048672,52.81106509250211,286.5799865722656,-0.07537154231979393,Below 50-day average
2018-05-02,264.760009765625,265.67999267578125,262.760009765625,263.20001220703125,231.9897918701172,86368900,2.97,-0.0067174832270223694,-0.02072395369394342,265.4250030517578,267.9811993408203,0.14677363268262153,43.59460163887,286.5799865722656,-0.08158271847548837,Below 50-day average
2018-05-03,262.260009765625,263.3599853515625,259.04998779296875,262.6199951171875,231.4786376953125,136311500,2.94,-0.0022037122452240876,-0.022881996308642738,265.2740020751953,267.83259948730466,0.14389525833156974,44.00758674228348,286.5799865722656,-0.08360664588500932,Below 50-day average
2018-05-04,261.5199890136719,266.7900085449219,261.1499938964844,266.0199890136719,234.47540283203125,91222100,2.95,0.012946439569337498,-0.010231797121740938,265.58900146484376,267.74499938964846,0.12655433117600326,47.06673408864166,286.5799865722656,-0.07174261470421706,Below 50-day average
2018-05-07,266.8900146484375,268.0199890136719,266.1099853515625,266.9200134277344,235.26866149902344,55304900,2.95,0.003383296185371476,-0.006883118136540967,265.88500213623047,267.5891998291016,0.12607326069033165,41.973527494999836,286.5799865722656,-0.06860204503350298,Below 50-day average
2018-05-08,266.5,267.3299865722656,265.1499938964844,266.9200134277344,235.26866149902344,67499200,2.97,0.0,-0.006883118136540967,265.97350311279297,267.3696002197266,0.11339960138032273,41.39811871435894,286.5799865722656,-0.06860204503350298,Below 50-day average
2018-05-09,267.67999267578125,269.8699951171875,267.0899963378906,269.5,237.54278564453125,59666100,3.0,0.009665766680939214,0.0027161179304531213,266.26050262451173,267.27100036621096,0.11595506080807098,51.435259650735304,286.5799865722656,-0.05959936971369295,Above 50-day average
2018-05-10,270.3399963378906,272.3900146484375,270.2200012207031,272.0199890136719,239.7639617919922,72063900,2.97,0.009350608585053433,0.01209212387114511,266.56500244140625,267.27840026855466,0.11693508613370886,62.5872819991395,286.5799865722656,-0.05080605150674822,Above 50-day average
2018-05-11,272.1600036621094,273.1499938964844,271.5799865722656,272.8500061035156,240.4954833984375,59871500,2.97,0.003051309180819084,0.015180329860547737,266.9500030517578,267.3814001464844,0.1160841860646024,64.09335530379929,286.5799865722656,-0.04790976729733276,Above 50-day average
2018-05-14,273.3399963378906,274.0799865722656,272.3599853515625,272.9800109863281,240.61007690429688,54790600,3.0,0.00047647014808260835,0.015664032982646958,267.2325042724609,267.45940063476564,0.11332129963158996,76.56747106344491,286.5799865722656,-0.04745612472316885,Above 50-day average
2018-05-15,271.5899963378906,271.6099853515625,270.0299987792969,271.1000061035156,238.9530792236328,87036100,3.08,-0.006886969034910928,0.008669186237622695,267.2780044555664,267.43760070800784,0.11066620610977604,68.62841495953582,286.5799865722656,-0.0540162648965945,Above 50-day average
2018-05-16,271.1400146484375,272.760009765625,271.1099853515625,272.239990234375,239.95785522460932,53942600,3.09,0.0042050317417701155,0.012910672182697258,267.3705032348633,267.42480041503904,0.11157387466064905,66.0183402139364,286.5799865722656,-0.05003837326328642,Above 50-day average
2018-05-17,271.94000244140625,273.2300109863281,271.1300048828125,272.010009765625,239.75515747070312,56536400,3.11,-0.000844771073316597,0.012054994546983666,267.52650299072263,267.40940063476563,0.10949834518697948,64.73773684558017,286.5799865722656,-0.050840873366314376,Above 50-day average
2018-05-18,271.6199951171875,272.0299987792969,270.92999267578125,271.3299865722656,239.15576171875,64368000,3.06,-0.0024999932684289794,0.009524863873336287,267.7625030517578,267.35400024414065,0.10488252118239441,69.9181267368879,286.5799865722656,-0.05321376479356654,Above 50-day average
2018-05-21,273.010009765625,273.9800109863281,272.57000732421875,273.3699951171875,240.95382690429688,58025900,3.06,0.007518551748346924,0.01711502880361082,268.1025024414063,267.24400024414064,0.1073685867106143,72.44507580396287,286.5799865722656,-0.04609530348954438,Above 50-day average
2018-05-22,273.9599914550781,274.25,272.239990234375,272.6099853515625,240.28396606445312,52966400,3.06,-0.0027801506354023786,0.014287295810005096,268.584001159668,267.12580017089846,0.09373266460738576,76.62690928685416,286.5799865722656,-0.048747302237661216,Above 50-day average
2018-05-23,271.1700134277344,273.3900146484375,270.989990234375,273.3599853515625,240.94500732421875,64694200,3.01,0.0027511831565258937,0.017077785934115797,269.0705001831055,267.0585998535156,0.09376383146111353,80.10082417864388,286.5799865722656,-0.0461302318379776,Above 50-day average
2018-05-24,272.9100036621094,273.2200012207031,270.7799987792969,272.79998779296875,240.451400756836,76043800,2.98,-0.0020485718049536583,0.014994229058406416,269.3949996948242,267.00859985351565,0.08927912584205196,72.5999499512737,286.5799865722656,-0.04808430255063201,Above 50-day average
2018-05-25,272.1499938964844,272.8599853515625,271.5799865722656,272.1499938964844,239.8784942626953,56374800,2.93,-0.0023826756802410864,0.012575826993243888,269.67449951171875,266.9515997314453,0.0901915111277131,67.72874735169492,286.5799865722656,-0.0503524089325843,Above 50-day average
2018-05-29,270.3099975585937,271.1700134277344,267.760009765625,269.0199890136719,237.11965942382807,115908600,2.77,-0.011501028671722202,0.0009301633747018645,269.8999984741211,266.84799926757813,0.09592338647864176,55.87241334580435,286.5799865722656,-0.06127433310548269,Above 50-day average
2018-05-30,270.5,273.1099853515625,270.4200134277344,272.6099853515625,240.28396606445312,69678400,2.84,0.013344719665824512,0.014287295810005096,270.2814971923828,266.89039916992186,0.10567775260170859,58.23182355716104,286.5799865722656,-0.048747302237661216,Above 50-day average
2018-05-31,272.1499938964844,272.489990234375,270.260009765625,270.94000244140625,238.8119506835937,93519900,2.83,-0.006125905138810728,0.008073868052372202,270.6684967041016,266.89019897460935,0.10509122027209128,47.00669051908616,286.5799865722656,-0.05457458602719112,Above 50-day average
2018-06-01,272.4100036621094,273.94000244140625,272.3299865722656,273.6000061035156,241.1566162109375,71258400,2.89,0.009817685237101914,0.017970819984658215,271.21749725341795,266.95359924316404,0.10813529791411128,51.88726770081401,286.5799865722656,-0.04529269689764914,Above 50-day average
2018-06-04,274.5299987792969,275.19000244140625,274.260009765625,274.8999938964844,242.30242919921875,45385200,2.94,0.004751417265966396,0.02280762411498327,271.66149749755857,267.1781988525391,0.10087379620374523,54.56270179479518,286.5799865722656,-0.04075648413374444,Above 50-day average
2018-06-05,275.04998779296875,275.5299987792969,274.17999267578125,275.1000061035156,242.4786834716797,51135000,2.92,0.0007275817077920799,0.023551800232879616,272.0704971313477,267.51919921875,0.10071320839270198,60.33058632887129,286.5799865722656,-0.04005855609828202,Above 50-day average
2018-06-06,275.7900085449219,277.5199890136719,275.0899963378906,277.3999938964844,244.50592041015625,62732200,2.97,0.008360551588295184,0.032109257862019014,272.59449615478513,267.76499938964844,0.1033666693513252,62.57311507007,286.5799865722656,-0.032032916134799194,Above 50-day average
2018-06-07,277.95001220703125,278.2799987792969,276.3399963378906,277.3699951171875,244.47959899902344,72969400,2.93,-0.00010814268189229814,0.031997642798867965,272.98799591064454,268.1003991699219,0.09943472959979109,63.188935579698615,286.5799865722656,-0.032137594691231786,Above 50-day average
2018-06-08,276.8500061035156,278.25,276.6600036621094,278.19000244140625,245.2023162841797,72139700,2.93,0.0029563663649787575,0.03504860591877601,273.29649658203124,268.4675994873047,0.09520434001626893,66.76446415972961,286.5799865722656,-0.029276238830249657,Above 50-day average
2018-06-11,278.44000244140625,279.3699951171875,278.3099975585937,278.5599975585937,245.5283660888672,58892500,2.96,0.0013300086773080366,0.036425229546083626,273.58199615478514,268.7757995605469,0.09494150346907225,63.81056016631195,286.5799865722656,-0.027985167804624678,Above 50-day average
2018-06-12,279.0299987792969,279.3299865722656,278.19000244140625,278.9200134277344,245.8457489013672,72329000,2.96,0.0012924176920448005,0.037764723849230686,273.87899627685545,269.2047998046875,0.09491995500087784,67.15615421761923,286.5799865722656,-0.026728918638565413,Above 50-day average
2018-06-13,279.19000244140625,279.4800109863281,277.79998779296875,278.0299987792969,245.061279296875,79070600,2.98,-0.003190931469921554,0.03445328773352574,274.22549591064455,269.55,0.09164858734167732,62.60122432644753,286.5799865722656,-0.029834559960846163,Above 50-day average
2018-06-14,279.010009765625,279.3299865722656,278.0599975585937,278.7300109863281,245.6782073974609,77097600,2.94,0.002517757832265266,0.037057790600829366,274.5499969482422,269.8534002685547,0.09112825385109107,65.88114335405433,286.5799865722656,-0.027391918325594622,Above 50-day average
2018-06-15,276.6000061035156,277.510009765625,275.3500061035156,277.1300048828125,245.36477661132807,120041600,2.93,-0.005740343846913909,0.031104722293659792,274.8059967041016,270.0832000732422,0.09418670568670494,62.69114291447157,286.5799865722656,-0.03297502314269307,Above 50-day average
2018-06-18,275.489990234375,276.70001220703125,274.95001220703125,276.5599975585937,244.8601226806641,52917600,2.92,-0.002056822841899897,0.028983922548455388,275.06749725341797,270.42,0.09398435370533428,72.09846464277832,286.5799865722656,-0.03496402220378092,Above 50-day average
2018-06-19,274.0,275.75,273.5299987792969,275.5,243.92172241210932,97531500,2.89,-0.0038327942144601446,0.02504003892333917,275.1739974975586,270.71,0.09211559976265822,59.944971855834666,286.5799865722656,-0.03866280651622411,Above 50-day average
2018-06-20,276.2699890136719,276.7200012207031,275.5899963378906,275.9700012207031,244.3378448486328,53785500,2.93,0.0017059935415721927,0.026788750609595402,275.3419982910156,270.92640014648435,0.09143267661298943,68.86714484236457,286.5799865722656,-0.0370227714728677,Above 50-day average
2018-06-21,275.9599914550781,275.9800109863281,273.67999267578125,274.239990234375,242.80612182617188,71061400,2.9,-0.006268837115178227,0.020351979180326385,275.38599853515626,271.13599975585936,0.09421874388279865,52.58056974097091,286.5799865722656,-0.043059518864130064,Above 50-day average
2018-06-22,275.6600036621094,275.7900085449219,274.489990234375,274.739990234375,243.2487335205078,54898500,2.9,0.0018232206016806085,0.022212305929733445,275.4829986572266,271.31219970703125,0.09400763862099505,49.31033303429788,286.5799865722656,-0.04131480526434106,Above 50-day average
2018-06-25,273.44000244140625,273.6199951171875,269.1000061035156,271.0,239.9374389648437,137854200,2.87,-0.01361283528904722,0.008297098178674744,275.42549896240234,271.42919982910155,0.10605099215455414,36.459729615870714,286.5799865722656,-0.054365228914325714,Below 50-day average
2018-06-26,271.6400146484375,272.5599975585937,270.7900085449219,271.6000061035156,240.46871948242188,68547400,2.88,0.0022140446624192567,0.010529512987029976,275.5544998168945,271.51460021972656,0.09747832940086154,28.422766369061137,286.5799865722656,-0.052271551296805496,Above 50-day average
2018-06-27,272.260009765625,273.8699951171875,269.17999267578125,269.3500061035156,238.47657775878903,105110700,2.83,-0.008284241345497101,0.002158042614697875,275.39150085449216,271.49780029296875,0.08957816707045274,24.393499743739156,286.5799865722656,-0.06012276249585624,Below 50-day average
2018-06-28,269.2900085449219,271.75,268.489990234375,270.8900146484375,239.83999633789065,76650500,2.84,0.005717499573139051,0.00788788079556535,275.3890014648438,271.50780029296874,0.08972867612798666,27.716854652700917,286.5799865722656,-0.054749014791623085,Below 50-day average
2018-06-29,272.1199951171875,273.6600036621094,271.1499938964844,271.2799987792969,240.1854248046875,97592500,2.85,0.001439640111376983,0.009338876616529435,275.2730010986328,271.55559997558595,0.08218947384524264,27.804956112520415,286.5799865722656,-0.05338819355799862,Below 50-day average
2018-07-02,269.510009765625,272.0400085449219,269.239990234375,271.8599853515625,240.69891357421875,63554800,2.87,0.002137962897653445,0.01149680568589484,275.1210006713867,271.6605999755859,0.08051801003055736,28.760477777471735,286.5799865722656,-0.051364372637344835,Above 50-day average
2018-07-03,272.8699951171875,272.9800109863281,270.4200134277344,270.8999938964844,239.8489227294922,42187100,2.83,-0.0035311980681403954,0.007925010119726572,274.91100006103517,271.74719970703126,0.08104365617270201,28.639892630801356,286.5799865722656,-0.05471419293205704,Below 50-day average
2018-07-05,272.1700134277344,273.17999267578125,270.9599914550781,273.1099853515625,241.8055877685547,56925900,2.84,0.008157960520008833,0.016147622559412822,274.6964996337891,271.9497991943359,0.08074401636847998,34.56035360183239,286.5799865722656,-0.0470025886378721,Above 50-day average
2018-07-06,273.1400146484375,275.8399963378906,272.7099914550781,275.4200134277344,243.850830078125,66493700,2.82,0.008458233679000449,0.024742436603381046,274.59900054931643,272.1855993652344,0.0871427457973779,45.47860622971614,286.5799865722656,-0.03894191383708889,Above 50-day average
2018-07-09,276.54998779296875,277.9599914550781,276.5,277.8999938964844,246.0466461181641,50550400,2.86,0.009004358245014332,0.03396958461142674,274.5845001220703,272.4173992919922,0.09264619350929053,53.21805434832014,286.5799865722656,-0.030288202535010078,Above 50-day average
2018-07-10,278.4100036621094,279.010009765625,278.0799865722656,278.8999938964844,246.93197631835932,51966800,2.87,0.003598416775685509,0.03769023811024108,274.6014999389648,272.66419921875,0.09343631820538956,58.188818148275004,286.5799865722656,-0.026798775335431957,Above 50-day average
2018-07-11,277.1499938964844,278.0400085449219,276.5199890136719,276.8599853515625,245.1257781982422,77054700,2.85,-0.007314480421534264,0.030100073179966547,274.4984985351563,272.91119873046875,0.09688319992832384,51.99280041655905,286.5799865722656,-0.03391723663945412,Above 50-day average
2018-07-12,278.2799987792969,279.42999267578125,277.6000061035156,279.3699951171875,247.3480224609375,60124700,2.85,0.00906598966418981,0.039438949796497313,274.5654983520508,273.1989984130859,0.10176707410461691,61.09910890200035,286.5799865722656,-0.025158740292075543,Above 50-day average
2018-07-13,279.1700134277344,279.92999267578125,278.6600036621094,279.5899963378906,247.5429229736328,48216000,2.83,0.0007874905127547294,0.040257498108049905,274.6084976196289,273.5267980957031,0.1014427561319103,60.622008226249946,286.5799865722656,-0.024391062048613632,Above 50-day average
2018-07-16,279.6400146484375,279.79998779296875,278.8399963378906,279.3399963378906,247.321517944336,48201000,2.85,-0.0008941664697397211,0.039327334733346264,274.7189971923828,273.8611981201172,0.09912780698195882,71.56152512177842,286.5799865722656,-0.025263418848508246,Above 50-day average
2018-07-17,278.4700012207031,280.9100036621094,278.4100036621094,280.4700012207031,248.32199096679688,52315500,2.86,0.004045267049569423,0.04353169135425983,274.9144973754883,274.1501983642578,0.09947492409768936,72.32007372139456,286.5799865722656,-0.0213203490747661,Above 50-day average
2018-07-18,280.5599975585937,281.17999267578125,280.0599975585937,281.0599975585937,248.84426879882807,44593500,2.88,0.002103598728287137,0.045726863293120035,275.19249725341797,274.432998046875,0.09809293930408823,82.15265499702528,286.5799865722656,-0.01926159980567932,Above 50-day average
2018-07-19,280.3099975585937,280.739990234375,279.4599914550781,280.0,247.9058074951172,61412100,2.84,-0.0037714280502429975,0.04178297966800382,275.3939971923828,274.6945977783203,0.09949997502242688,75.69090633692286,286.5799865722656,-0.022960384118122512,Above 50-day average
2018-07-20,279.7699890136719,280.4800109863281,279.5,279.67999267578125,247.62261962890625,82337700,2.89,-0.0011428833007812722,0.04059234329750305,275.66599731445314,274.89819763183596,0.09632125797376744,73.78253724405259,286.5799865722656,-0.024077026379315636,Above 50-day average
2018-07-23,279.45001220703125,280.42999267578125,279.0599975585937,280.20001220703125,248.08297729492188,47047600,2.96,0.0018593376175206622,0.04252715578590016,275.9389984130859,275.0617980957031,0.09632543663974051,73.69320881262608,286.5799865722656,-0.022262456082660087,Above 50-day average
2018-07-24,281.7900085449219,282.5599975585937,280.6300048828125,281.6099853515625,249.3313140869141,68026900,2.95,0.005032023851196277,0.04777317729933461,276.46949768066406,275.23699768066405,0.0801908731012401,79.6675362617782,286.5799865722656,-0.017342457441458015,Above 50-day average
2018-07-25,281.3299865722656,284.3699951171875,281.2799987792969,284.010009765625,251.45620727539065,78882900,2.94,0.00852251176770702,0.056702836532755985,277.08999786376955,275.45759765625,0.08353950793207342,79.87936890361243,286.5799865722656,-0.0089677469713767,Above 50-day average
2018-07-26,283.20001220703125,284.1099853515625,283.0899963378906,283.3399963378906,250.863021850586,57919500,2.98,-0.0023591190616389923,0.05420994872860363,277.7894973754883,275.7023974609375,0.07593140309652685,73.85531758433696,286.5799865722656,-0.01130571005019565,Above 50-day average
2018-07-27,283.7099914550781,283.82000732421875,280.3800048828125,281.4200134277344,249.1630859375,76768700,2.96,-0.006776250917525317,0.047066357596267094,278.3159973144531,275.8859979248047,0.08173881385044235,60.972602739726106,286.5799865722656,-0.018005350639620055,Above 50-day average
2018-07-30,281.510009765625,281.69000244140625,279.3599853515625,279.95001220703125,247.861572265625,63742500,2.98,-0.005223513433882387,0.04159699241119674,278.74949798583987,276.0447979736328,0.08559060891410507,53.17993866924463,286.5799865722656,-0.02313481288255459,Above 50-day average
2018-07-31,280.8099975585937,282.0199890136719,280.3800048828125,281.3299865722656,249.0834045410156,68570500,2.96,0.004929359903774078,0.046731398861480145,279.222998046875,276.2447979736328,0.0863982181087519,64.10094479304864,286.5799865722656,-0.01831949279778522,Above 50-day average
2018-08-01,281.5599975585937,282.1300048828125,280.1300048828125,280.8599853515625,248.66729736328125,53853300,3.0,-0.0016706403267907621,0.044982687175224134,279.7209976196289,276.3945977783203,0.08513946821122402,55.394607160693575,286.5799865722656,-0.019959527841141633,Above 50-day average
2018-08-02,279.3900146484375,282.5799865722656,279.1600036621094,282.3900146484375,250.0219268798828,63426400,2.98,0.0054476585369034325,0.05067539603193061,280.1849990844727,276.5901983642578,0.08297990904358417,59.25930411159087,286.5799865722656,-0.014620601996474525,Above 50-day average
2018-08-03,282.5299987792969,283.6600036621094,282.3299865722656,283.6000061035156,251.09326171875,53935400,2.95,0.004284823797982007,0.055177354972802295,280.59399871826173,276.79499877929686,0.07972014532593914,63.24628494429798,286.5799865722656,-0.01039842490186782,Above 50-day average
2018-08-06,283.6400146484375,284.989990234375,283.20001220703125,284.6400146484375,252.01394653320312,39400900,2.94,0.003667166863678739,0.05904686640426271,280.9309997558594,277.03179931640625,0.07515613342870628,63.039424690005646,286.5799865722656,-0.00676939079742378,Above 50-day average
2018-08-07,285.3900146484375,286.010009765625,285.239990234375,285.5799865722656,252.8463287353516,43196600,2.98,0.0033023182808260554,0.06254417623144115,281.26499938964844,277.3003991699219,0.0750385636323542,63.83105883319753,286.5799865722656,-0.003489427199578121,Above 50-day average
2018-08-08,285.3900146484375,285.9100036621094,284.94000244140625,285.4599914550781,252.73995971679688,42114600,2.96,-0.00042018041469837897,0.062097715978836954,281.6949996948242,277.62919921875,0.06836307080838362,67.72725200990038,286.5799865722656,-0.003908141425308709,Above 50-day average
2018-08-09,285.5299987792969,285.9700012207031,284.9200134277344,285.07000732421875,252.3947906494141,35717000,2.93,-0.00136616038160553,0.06064672015787287,281.9800003051758,277.87839965820314,0.0629442322664074,67.42089481575002,286.5799865722656,-0.005268962658933285,Above 50-day average
2018-08-10,283.45001220703125,284.0599975585937,282.3599853515625,283.1600036621094,250.7036590576172,77076000,2.87,-0.006700121419427552,0.053540258349697556,282.1585006713867,278.1227996826172,0.06865961557238758,58.77817136589153,286.5799865722656,-0.011933781388791642,Above 50-day average
2018-08-13,283.4700012207031,284.1600036621094,281.7699890136719,282.1000061035156,249.7651824951172,65732900,2.88,-0.0037434579209096874,0.049596374724581116,282.29650115966797,278.2927996826172,0.07023284567463345,51.48401383366697,286.5799865722656,-0.015632565701235057,Above 50-day average
2018-08-14,282.9200134277344,284.1700134277344,282.4800109863281,283.8999938964844,251.3588104248047,43842000,2.89,0.006380672648083063,0.056293505604313454,282.468000793457,278.47279968261716,0.07225607139989434,49.6542543498735,286.5799865722656,-0.00935163933754124,Above 50-day average
2018-08-15,282.3800048828125,282.5400085449219,280.1600036621094,281.7799987792969,249.4818572998047,102925400,2.86,-0.007467401066449053,0.048405738354080574,282.5040008544922,278.6063995361328,0.07744628814867197,45.50689988573438,286.5799865722656,-0.01674920796242818,Above 50-day average
2018-08-16,283.3999938964844,285.0400085449219,283.3599853515625,284.0599975585937,251.50048828125,69967900,2.87,0.008091414540329467,0.056888823789563725,282.7070007324219,278.739599609375,0.08087329724574742,57.449190299786146,286.5799865722656,-0.008793318206944956,Above 50-day average
2018-08-17,283.8299865722656,285.5599975585937,283.3699951171875,285.0599975585937,252.38589477539065,65618500,2.87,0.003520383047928899,0.060609477288378066,282.9760009765625,278.8933996582031,0.08113274316567527,64.81160415111285,286.5799865722656,-0.005303891007366723,Above 50-day average
2018-08-20,285.57000732421875,285.9700012207031,285.0599975585937,285.6700134277344,252.926010131836,39807500,2.82,0.0021399560596546685,0.06287913496622854,283.24950103759767,279.0429998779297,0.08117984626390404,63.1675728126574,286.5799865722656,-0.0031752850414129563,Above 50-day average
2018-08-21,286.25,287.3099975585937,285.7099914550781,286.3399963378906,253.5191650390625,67272000,2.85,0.0023453035973821645,0.06537190922504732,283.4860015869141,279.19859985351565,0.07995190293874122,66.42692871348356,286.5799865722656,-0.0008374284514612862,Above 50-day average
2018-08-22,285.8800048828125,286.760009765625,285.5799865722656,286.1700134277344,253.36862182617188,44993300,2.82,-0.000593640121290151,0.06473946171563583,283.59400177001953,279.3435998535156,0.07471892119740163,62.33687846486973,286.5799865722656,-0.0014305714416239512,Above 50-day average
2018-08-23,285.9700012207031,286.94000244140625,285.42999267578125,285.7900085449219,253.0322113037109,49204900,2.82,-0.001327899028485957,0.06332559521883296,283.7165023803711,279.4988000488281,0.07430431448314753,57.556981167045066,286.5799865722656,-0.0027565708156823687,Above 50-day average
2018-08-24,286.44000244140625,287.6700134277344,286.3800048828125,287.510009765625,254.5550842285156,57487400,2.82,0.006018409214025189,0.06972512377860673,284.0210021972656,279.67440002441407,0.07165400424717944,59.459492081884896,287.510009765625,0.0,Above 50-day average
2018-08-27,288.8599853515625,289.8999938964844,288.67999267578125,289.7799987792969,256.5648803710937,57072400,2.85,0.007895339071924301,0.07817096634459508,284.5125015258789,279.9273999023437,0.07147705138155741,62.72735679804687,289.7799987792969,0.0,Above 50-day average
2018-08-28,290.29998779296875,290.4200134277344,289.3999938964844,289.9200134277344,256.6888122558594,46943500,2.88,0.0004831756816456867,0.07869191233618933,284.94200286865237,280.19460021972657,0.07057976634347998,63.498889763284964,289.9200134277344,0.0,Above 50-day average
2018-08-29,290.1600036621094,291.739990234375,289.8900146484375,291.4800109863281,258.0700378417969,61485500,2.89,0.005380786031808693,0.08449612271071283,285.47300415039064,280.51420043945313,0.07079731630784751,68.11761965963099,291.4800109863281,0.0,Above 50-day average
2018-08-30,290.94000244140625,291.3599853515625,289.6300048828125,290.29998779296875,257.0252685546875,61229500,2.86,-0.004048384619467882,0.08010566528765817,285.8685028076172,280.8008001708984,0.07243268945526325,71.04949212318598,291.4800109863281,-0.004048384619467882,Above 50-day average
2018-08-31,289.8399963378906,290.8099975585937,289.2900085449219,290.3099975585937,257.0341186523437,66140800,2.86,3.4480764883992876e-05,0.08014290815715275,286.20400238037104,281.1222003173828,0.07174941612546097,75.80134998532615,291.4800109863281,-0.004014043445981996,Above 50-day average
2018-09-04,289.8399963378906,290.2099914550781,288.67999267578125,289.8099975585937,256.5914001464844,57594400,2.9,-0.001722296869569817,0.07828258140774569,286.46250152587885,281.42360046386716,0.07182154564582545,70.22586325382606,291.4800109863281,-0.005729426941090576,Above 50-day average
2018-09-05,289.4100036621094,289.6400146484375,287.8900146484375,289.0299987792969,255.9008026123047,72452400,2.9,-0.0026914143261711487,0.07538047622048416,286.6350021362304,281.7842004394531,0.07232323353305191,77.31721676417583,291.4800109863281,-0.00840542100551167,Above 50-day average
2018-09-06,289.1499938964844,289.489990234375,287.0,288.1600036621094,255.13064575195312,65909900,2.88,-0.0030100512779360766,0.07214352584376926,286.770002746582,282.115400390625,0.07338915214168189,67.28499417181972,291.4800109863281,-0.011390171535208604,Above 50-day average
2018-09-07,286.9800109863281,288.70001220703125,286.7099914550781,287.6000061035156,254.6347045898437,73524800,2.94,-0.0019433563002393406,0.07005996896805988,286.8965026855468,282.480400390625,0.07361009690255567,61.12086496655661,291.4800109863281,-0.013311392673834077,Above 50-day average
2018-09-10,288.739990234375,289.0400085449219,287.8800048828125,288.1000061035156,255.07745361328125,50210900,2.94,0.0017385256932853643,0.07192029571746694,287.14350280761715,282.82460021972656,0.06866371265062023,60.74267550984075,291.4800109863281,-0.011596009178725608,Above 50-day average
2018-09-11,287.3699951171875,289.54998779296875,286.9800109863281,289.04998779296875,255.9185791015625,50530500,2.98,0.003297402531507787,0.07545484841414019,287.4910018920898,283.18,0.06690990495691605,61.69107985918212,291.4800109863281,-0.008336843357239165,Above 50-day average
2018-09-12,289.0599975585937,289.79998779296875,288.2300109863281,289.1199951171875,255.9805450439453,59810800,2.97,0.0002421979836542132,0.07571532140993731,287.75200195312493,283.5252001953125,0.06412787765435611,62.837146917039746,291.4800109863281,-0.008096664540236054,Above 50-day average
2018-09-13,290.32000732421875,291.0400085449219,290.0,290.8299865722656,257.4944763183594,51034200,2.97,0.005914469714849879,0.08207760710021628,288.20450134277337,283.9238000488281,0.05823860960093941,69.65668934456295,291.4800109863281,-0.0022300823026008,Above 50-day average
2018-09-14,291.0599975585937,291.2699890136719,290.0,290.8800048828125,257.5387878417969,55079900,2.99,0.00017198470878598826,0.08226370790235715,288.5455017089843,284.2792004394531,0.0530644061164724,65.1120526379174,291.4800109863281,-0.0020584811338701936,Above 50-day average
2018-09-17,290.82000732421875,290.8599853515625,289.0299987792969,289.3399963378906,256.1752319335937,68244000,2.99,-0.005294308715177221,0.07653386972148968,288.7595016479492,284.55760009765623,0.057012921482173594,47.888672813111356,291.4800109863281,-0.007341891614440321,Above 50-day average
2018-09-18,289.5799865722656,291.5799865722656,289.54998779296875,290.9100036621094,257.56524658203125,61930400,3.05,0.005426167637001322,0.0823753229655082,289.021501159668,284.81780029296874,0.059224768686383676,54.17716107565765,291.4800109863281,-0.0019555623121116916,Above 50-day average
2018-09-19,290.9700012207031,291.69000244140625,290.8299865722656,291.2200012207031,257.83984375,49080600,3.08,0.0010656132642101745,0.08352871646651394,289.26550140380857,285.06420043945315,0.05898884148828698,48.77354307857959,291.4800109863281,-0.0008920329210403422,Above 50-day average
2018-09-20,292.6400146484375,293.94000244140625,291.239990234375,293.5799865722656,259.9292907714844,100360600,3.07,0.008103788687831015,0.09230940422195544,289.63600006103513,285.3986004638672,0.06402594299462029,63.92189778941846,293.5799865722656,0.0,Above 50-day average
2018-09-21,293.0899963378906,293.2200012207031,291.8099975585937,291.989990234375,259.6917724609375,105479700,3.07,-0.005415888039422723,0.08639357878428089,289.9459991455078,285.65100036621095,0.06777475111951087,56.28740463246403,293.5799865722656,-0.005415888039422723,Above 50-day average
2018-09-24,291.3399963378906,291.5,290.3699951171875,291.0199890136719,258.8291931152344,53409600,3.08,-0.0033220358681629314,0.0827845403486176,290.12149810791016,285.87960021972657,0.06685574198202171,54.37452143845418,293.5799865722656,-0.008719932133260722,Above 50-day average
2018-09-25,291.5299987792969,291.6499938964844,290.4800109863281,290.75,258.5890197753906,44370000,3.1,-0.0009277335711094237,0.08178000478025793,290.1699981689453,286.10780029296876,0.061210400993798084,56.45647228096383,293.5799865722656,-0.009639575930592281,Above 50-day average
2018-09-26,290.9100036621094,292.239990234375,289.4100036621094,289.8800048828125,257.81524658203125,79739700,3.06,-0.0029922445990971935,0.07854305440354281,290.1679977416992,286.29600036621093,0.06221265410912403,56.45647228096383,293.5799865722656,-0.012602976560673551,Above 50-day average
2018-09-27,290.4100036621094,291.9100036621094,290.1000061035156,290.69000244140625,258.53564453125,59249500,3.06,0.0027942512244720774,0.08155677465395583,290.1284973144531,286.4886004638672,0.059879499033215676,61.385414956562414,293.5799865722656,-0.009843941218888208,Above 50-day average
2018-09-28,289.989990234375,291.2799987792969,289.95001220703125,290.7200012207031,258.5623474121094,70091400,3.05,0.00010319852435558552,0.08166838971710688,290.14949798583984,286.70300048828125,0.05806108949797819,60.0,293.5799865722656,-0.009741758574740245,Above 50-day average
2018-10-01,292.1099853515625,292.92999267578125,290.9800109863281,291.7300109863281,259.46044921875,62078900,3.09,0.0034741667631537076,0.08542628608541603,290.2204986572266,286.9440008544922,0.05929702599540394,60.18245610780401,293.5799865722656,-0.0063014363054414435,Above 50-day average
2018-10-02,291.5599975585937,292.3599853515625,291.1400146484375,291.5599975585937,259.30938720703125,47258200,3.05,-0.0005827766130732659,0.08479372503067051,290.30799865722656,287.17120056152345,0.05893099793335255,59.20060574816317,293.5799865722656,-0.00688054058880716,Above 50-day average
2018-10-03,292.739990234375,293.2099914550781,291.32000732421875,291.7200012207031,259.4516296386719,64694600,3.15,0.0005487846873688529,0.08538904321592122,290.4424987792969,287.37340087890624,0.057856562310534376,53.80022621014606,293.5799865722656,-0.006335531836754393,Above 50-day average
2018-10-04,291.17999267578125,291.239990234375,287.6600036621094,289.44000244140625,257.4239196777344,111545900,3.19,-0.007815709480859079,0.07690595778043807,290.5064987182617,287.48200073242185,0.06389010143883495,44.834999321345265,293.5799865722656,-0.014101724641370605,Above 50-day average
2018-10-05,289.69000244140625,290.2699890136719,286.2200012207031,287.82000732421875,255.9831085205078,105951700,3.23,-0.005596998008302045,0.07087851727961225,290.5174987792969,287.57160095214846,0.06678858329560794,44.57920754363782,293.5799865722656,-0.01961979532494129,Above 50-day average
2018-10-08,287.04998779296875,288.2200012207031,285.5,287.82000732421875,255.9831085205078,87742200,3.23,0.0,0.07087851727961225,290.50349884033204,287.6996008300781,0.06648890115820344,37.590357901858376,293.5799865722656,-0.01961979532494129,Above 50-day average
2018-10-09,287.3900146484375,288.8599853515625,286.7699890136719,287.3999938964844,255.6095428466797,74339000,3.21,-0.0014592919777853819,0.06931579285016332,290.42099914550784,287.8486004638672,0.065457789692598,34.7929615177154,293.5799865722656,-0.02105045629280322,Below 50-day average
2018-10-10,286.8299865722656,286.9100036621094,277.8800048828125,278.29998779296875,247.5161895751953,214731000,3.22,-0.031663209104984436,0.03545782330188629,289.8799987792969,287.7880004882812,0.12911465663228403,10.414548490488414,293.5799865722656,-0.05204714039843328,Below 50-day average
2018-10-11,277.0799865722656,278.8999938964844,270.3599853515625,272.1700134277344,242.064193725586,274840500,3.14,-0.022026498864939015,0.012650312732235047,288.94700012207034,287.6142010498047,0.14399740118396082,8.43125031202456,293.5799865722656,-0.07292722298446297,Below 50-day average
2018-10-12,276.7699890136719,277.0899963378906,272.3699951171875,275.95001220703125,245.42608642578125,183186500,3.15,0.013888373416642175,0.02671437841593982,288.20050048828125,287.48540100097654,0.15607150852595025,21.72611583856954,293.5799865722656,-0.060051690072867814,Below 50-day average
2018-10-15,275.54998779296875,277.0400085449219,274.29998779296875,274.3999938964844,244.04751586914065,102263700,3.16,-0.005617025700234368,0.020947297365577322,287.45350036621096,287.30140075683596,0.15615000578873436,20.730410801443725,293.5799865722656,-0.06533140388662029,Below 50-day average
2018-10-16,276.6000061035156,280.82000732421875,276.07000732421875,280.3999938964844,249.3838806152344,118255800,3.16,0.021865889699193897,0.04327121835846315,286.92799987792966,287.2166003417969,0.1768857779838991,35.66242750235163,293.5799865722656,-0.044894043458704735,Below 50-day average
2018-10-17,280.44000244140625,281.1499938964844,277.5599975585937,280.45001220703125,249.4283142089844,110626000,3.19,0.00017838199584740977,0.043457319160604024,286.3895004272461,287.1140008544922,0.17672451579327,34.14864589080965,293.5799865722656,-0.044723669751931094,Below 50-day average
2018-10-18,279.3999938964844,280.07000732421875,274.9700012207031,276.3999938964844,245.8263397216797,134557500,3.17,-0.014441141502098076,0.028388604363205783,285.530500793457,286.9328009033203,0.17804261219435896,30.286370633272227,293.5799865722656,-0.058518950410648474,Below 50-day average
2018-10-19,277.1300048828125,279.29998779296875,275.4700012207031,276.25,245.69287109375,139901600,3.2,-0.0005426696808847886,0.027830529047450536,284.7435012817383,286.75640075683594,0.17798788329165077,28.172605651681934,293.5799865722656,-0.05902986363138818,Below 50-day average
2018-10-22,277.0,277.3599853515625,274.4100036621094,275.010009765625,244.590087890625,82415800,3.2,-0.004488652432126705,0.02321695504342758,283.94300231933596,286.59340087890627,0.17808951930705574,27.347420585856938,293.5799865722656,-0.06325355152255774,Below 50-day average
2018-10-23,270.95001220703125,274.8699951171875,268.6099853515625,273.6099853515625,243.3448944091797,146352700,3.17,-0.005090812568079417,0.018007949308820548,283.08600158691405,286.42360046386716,0.17813296692209207,26.025957278679172,293.5799865722656,-0.0680223521155705,Below 50-day average
2018-10-24,273.3299865722656,273.760009765625,264.70001220703125,265.32000732421875,235.971923828125,177806700,3.1,-0.03029852151299206,-0.012836186443709652,281.8580017089844,286.0520007324219,0.20283027857369468,22.453198976149196,293.5799865722656,-0.09625989692962467,Below 50-day average
2018-10-25,267.3800048828125,271.8099975585937,266.2300109863281,270.0799865722656,240.205307006836,138061500,3.14,0.017940521320091163,0.004874046999819415,280.82750091552737,285.81800048828126,0.21655587297244397,31.09546496691003,293.5799865722656,-0.08004632834266923,Below 50-day average
2018-10-26,265.9200134277344,271.0,262.2900085449219,265.3299865722656,235.98081970214844,201574600,3.08,-0.017587382390990447,-0.01279905711954854,279.5580001831055,285.4434002685547,0.22160942542415876,28.23687351716326,293.5799865722656,-0.09622590534810238,Below 50-day average
2018-10-29,268.79998779296875,270.25,259.8500061035156,263.8599853515625,234.6733245849609,160749100,3.08,-0.005540275487492807,-0.018268422304618892,278.1644989013672,285.01940002441404,0.21962702076637164,27.67449924140203,293.5799865722656,-0.10123306281093336,Below 50-day average
2018-10-30,263.6700134277344,268.1199951171875,263.1199951171875,267.7699890136719,238.15084838867188,157116000,3.12,0.01481847903879685,-0.0037206534988148965,276.9749984741211,284.6613995361328,0.2302068734566936,38.922786608734846,293.5799865722656,-0.08791470379143351,Below 50-day average
2018-10-31,270.6499938964844,273.2300109863281,270.1199951171875,270.6300048828125,240.694564819336,128296300,3.15,0.010680867858550824,0.0069204745513675725,275.9204986572266,284.3471997070312,0.2356917819137642,48.26027209298958,293.5799865722656,-0.0781728412669026,Below 50-day average
2018-11-01,271.6000061035156,273.7300109863281,270.3800048828125,273.510009765625,243.25596618652344,99495000,3.14,0.010641853567048498,0.017635974795206177,275.1239990234375,284.09399963378905,0.24041344569739592,47.186347058252196,293.5799865722656,-0.06836289162953668,Below 50-day average
2018-11-02,274.75,275.2300109863281,269.5899963378906,271.8900146484375,241.81521606445312,122634100,3.22,-0.005922982923278419,0.011608534294380357,274.32749938964844,283.81599975585937,0.24046801970248277,47.11031785906268,293.5799865722656,-0.07388096231310737,Below 50-day average
2018-11-05,272.44000244140625,274.010009765625,271.3500061035156,273.3900146484375,243.1492462158203,65622500,3.2,0.0055169366993470526,0.017189514542601758,273.6059997558594,283.5335998535156,0.2420916307656439,40.99669268981757,293.5799865722656,-0.06877162220612854,Below 50-day average
2018-11-06,273.32000732421875,275.29998779296875,273.25,275.1199951171875,244.6878967285156,60085900,3.22,0.006327884619248714,0.023626172426536973,272.9919998168945,283.24039978027344,0.24408725654876373,43.43755354292602,293.5799865722656,-0.06287891647727883,Below 50-day average
2018-11-07,277.5599975585937,281.1000061035156,277.0799865722656,281.010009765625,249.9264373779297,102752100,3.22,0.02140889340278096,0.045540876036313405,273.1275009155273,283.06219970703125,0.23109305564946897,55.42993858379685,293.5799865722656,-0.042816191094642186,Below 50-day average
2018-11-08,280.1099853515625,281.2200012207031,279.2200012207031,280.5,249.4728240966797,65584900,3.24,-0.0018149167214732698,0.04364330641741132,273.54400024414065,282.8425994873047,0.21547151752971913,54.96379378926974,293.5799865722656,-0.044553399994948006,Below 50-day average
2018-11-09,279.0299987792969,279.239990234375,276.17999267578125,277.760009765625,247.0358428955078,98812600,3.19,-0.009768236129679142,0.03344875216516696,273.63450012207034,282.5917999267578,0.21392931283382888,53.103137160370544,293.5799865722656,-0.05388642799309651,Below 50-day average
2018-11-12,277.19000244140625,277.4599914550781,271.989990234375,272.57000732421875,242.41993713378903,99673600,3.19,-0.018685203985215892,0.014138551422693935,273.54300079345705,282.2370001220703,0.2236246402864291,48.918941210806146,293.5799865722656,-0.07156475307922672,Below 50-day average
2018-11-13,273.0899963378906,275.3299865722656,271.25,272.0599975585937,241.96632385253903,98176600,3.14,-0.0018711147665575467,0.012240981803791628,273.1260009765625,281.88200012207034,0.2078178703344548,58.35812129221324,293.5799865722656,-0.07330196197953265,Below 50-day average
2018-11-14,274.1600036621094,274.6099853515625,268.45001220703125,270.20001220703125,240.31211853027344,125335900,3.12,-0.006836673411209082,0.005320620797757414,272.6135009765625,281.505400390625,0.2085895692387254,50.16037625827877,293.5799865722656,-0.07963749381628682,Below 50-day average
2018-11-15,268.7799987792969,273.5400085449219,267.010009765625,273.0199890136719,242.8201141357422,135101400,3.11,0.010436627236270812,0.015812777369959896,272.4445007324219,281.2026000976563,0.20724613589979923,60.83404417783954,293.5799865722656,-0.07003201341700738,Below 50-day average
2018-11-16,271.7900085449219,274.75,271.2099914550781,273.7300109863281,243.45166015625,126668000,3.08,0.0026006226695023393,0.018454523106758325,272.3185012817383,280.9252001953125,0.20754447791591948,64.20964945656233,293.5799865722656,-0.0676135175891881,Below 50-day average
2018-11-19,273.04998779296875,273.3800048828125,268.07000732421875,269.1000061035156,239.3337860107422,103061700,3.06,-0.016914494929252566,0.001227879239994678,272.0230010986328,280.5452001953125,0.21534983090328128,51.87590498146564,293.5799865722656,-0.08338436401802951,Below 50-day average
2018-11-20,265.3599853515625,267.0,263.1499938964844,264.1199951171875,234.9046173095703,136021300,3.06,-0.018506171956058748,-0.01730101606042067,271.5485015869141,280.0466003417969,0.22382962401038364,41.336161170471144,293.5799865722656,-0.10034741059512398,Below 50-day average
2018-11-21,265.8599853515625,267.1499938964844,265.010009765625,265.0199890136719,235.70510864257807,75563700,3.06,0.003407518980473423,-0.013952450620554613,271.5335006713867,279.5646002197266,0.1970194238809324,38.07246189160985,293.5799865722656,-0.09728182732089474,Below 50-day average
2018-11-23,263.17999267578125,264.82000732421875,263.07000732421875,263.25,234.1307983398437,42807900,3.05,-0.006678700049227437,-0.02053796643713568,271.19200134277344,279.01300048828125,0.1864088724646051,37.912679058138814,293.5799865722656,-0.10331081122520525,Below 50-day average
2018-11-26,265.7799987792969,267.75,265.3399963378906,267.5,237.91079711914065,79981400,3.07,0.01614434947768273,-0.004725189067175006,271.30050201416014,278.545400390625,0.1855657837135302,42.34864101994862,293.5799865722656,-0.08883434758876507,Below 50-day average
2018-11-27,266.3399963378906,268.3999938964844,265.6600036621094,268.3999938964844,238.7112274169922,75502400,3.06,0.0033644631644276224,-0.0013766236273088372,271.5275024414062,278.12660034179686,0.18442762250624006,41.07806616138984,293.5799865722656,-0.08576876431453584,Below 50-day average
2018-11-28,269.6000061035156,274.5799865722656,268.3299865722656,274.5799865722656,244.2076873779297,127629600,3.06,0.02302530855557583,0.021616987744483396,271.8680023193359,277.8,0.19464938869775317,41.528292100406496,293.5799865722656,-0.06471830802173262,Below 50-day average
2018-11-29,273.7099914550781,275.54998779296875,272.42999267578125,273.9800109863281,243.67393493652344,82346400,3.03,-0.0021850667028844306,0.019384686481461744,272.0355026245117,277.4552001953125,0.19178643248730082,41.43007622184802,293.5799865722656,-0.06676196090469166,Below 50-day average
2018-11-30,273.8099975585937,276.2799987792969,273.45001220703125,275.6499938964844,245.15924072265625,98204200,3.01,0.006095272805283436,0.025598114239094638,272.1425018310547,277.0966003417969,0.1893187884310997,47.14630878688097,293.5799865722656,-0.06107362046413789,Below 50-day average
2018-12-03,280.2799987792969,280.3999938964844,277.510009765625,279.29998779296875,248.4055633544922,103176300,2.98,0.013241407499740676,0.03917847680070019,272.51300048828125,276.8428002929688,0.1929399185744282,59.49759166488654,293.5799865722656,-0.04864091366044743,Above 50-day average
2018-12-04,278.3699951171875,278.8500061035156,269.8999938964844,270.25,240.3565673828125,177986000,2.91,-0.03240239236844167,0.005506608054564266,272.3559997558594,276.4274005126953,0.2263128523067707,47.94177703313291,293.5799865722656,-0.07946722405930373,Below 50-day average
2018-12-06,265.9200134277344,269.9700012207031,262.44000244140625,269.8399963378906,239.9918975830078,204185400,2.87,-0.0015171273343547176,0.003981126494610354,272.09199981689454,276.00920043945314,0.2248913913154031,49.5766504245697,293.5799865722656,-0.08086378949585282,Below 50-day average
2018-12-07,269.4599914550781,271.2200012207031,262.6300048828125,263.57000732421875,234.4154815673828,161018900,2.85,-0.023235951299897972,-0.019347330066635138,271.2199996948242,275.4830004882813,0.22204191519285243,39.72156407936306,293.5799865722656,-0.10222079372110005,Below 50-day average
2018-12-10,263.3699951171875,265.1600036621094,258.6199951171875,264.07000732421875,234.86021423339844,151445900,2.85,0.0018970291994755417,-0.017487003317227856,270.3985000610352,274.9506005859375,0.22271787350782693,39.44490720332173,293.5799865722656,-0.10051768035210706,Below 50-day average
2018-12-11,267.6600036621094,267.8699951171875,262.4800109863281,264.1300048828125,234.91357421875,121504400,2.89,0.00022720322993774467,-0.017263773190925757,269.71699981689454,274.4188006591797,0.22146375297787713,43.96696774346508,293.5799865722656,-0.10031331506381114,Below 50-day average
2018-12-12,267.4700012207031,269.0,265.3699951171875,265.4599914550781,236.09640502929688,97976700,2.91,0.005035348304543108,-0.01231535399744954,269.3614990234375,273.8934002685547,0.21424560080375812,51.78476343927805,293.5799865722656,-0.09578307924019769,Below 50-day average
2018-12-13,266.5199890136719,267.489990234375,264.1199951171875,265.3699951171875,236.016357421875,96662700,2.91,-0.0003390203450144291,-0.0126501991869028,269.02699890136716,273.3696002197266,0.21425416119445403,50.4764595181814,293.5799865722656,-0.09608962717264158,Below 50-day average
2018-12-14,262.9599914550781,264.0299987792969,259.8500061035156,260.4700012207031,231.65838623046875,116961100,2.89,-0.018464762356876663,-0.030881378622026112,268.5404983520508,272.7446002197266,0.2221720344640182,46.512787021802595,293.5799865722656,-0.11278011739881444,Below 50-day average
2018-12-17,259.3999938964844,260.6499938964844,253.52999877929688,255.3600006103516,227.1136474609375,165492300,2.86,-0.019618384406662193,-0.04989392027187367,267.6574989318848,272.0630001831055,0.22591036597620343,35.093282330673674,293.5799865722656,-0.13018593810891832,Below 50-day average
2018-12-18,257.20001220703125,257.95001220703125,253.27999877929688,255.0800018310547,226.86463928222656,134515100,2.82,-0.001096486445127165,-0.05093569870972847,266.7249984741211,271.4082000732422,0.22502179602741826,33.39148937951367,293.5799865722656,-0.13113967743756283,Below 50-day average
2018-12-19,255.1699981689453,259.3999938964844,249.3500061035156,251.259994506836,223.46713256835932,214992800,2.77,-0.014975722505869982,-0.06514862232607899,265.83299789428713,270.6769998168945,0.2235810341275053,19.104338576077637,293.5799865722656,-0.14415148852461857,Below 50-day average
2018-12-20,249.8600006103516,251.6199951171875,244.6499938964844,247.1699981689453,219.8295288085937,252053400,2.79,-0.016277944867102212,-0.08036608151078961,264.985498046875,269.8723999023438,0.22170694952382963,17.487199510000764,293.5799865722656,-0.1580829434090063,Below 50-day average
2018-12-21,246.7400054931641,249.7100067138672,239.97999572753903,240.6999969482422,215.3253326416016,255345600,2.79,-0.026176321028577143,-0.10443871418993156,263.76949844360354,269.1204000854492,0.2344832780218372,12.035593490593271,293.5799865722656,-0.18012123456176687,Below 50-day average
2018-12-24,239.0399932861328,240.83999633789065,234.2700042724609,234.33999633789065,209.63577270507807,147311600,2.74,-0.026422935982500784,-0.1281020727132971,262.32399826049806,268.36379974365235,0.24684467094372006,3.877689152475938,293.5799865722656,-0.20178483869435315,Below 50-day average
2018-12-26,235.97000122070312,246.17999267578125,233.759994506836,246.17999267578125,220.22764587402344,218485400,2.81,0.05052486354407337,-0.08404954891277605,261.2579978942871,267.76839935302735,0.3094075311979592,26.644651514272113,293.5799865722656,-0.1614551265905747,Below 50-day average
2018-12-27,242.57000732421875,248.2899932861328,238.9600067138672,248.07000732421875,221.9184112548828,186267300,2.77,0.0076773690172566855,-0.07701745929825676,260.24149856567385,267.241799621582,0.31113651799674413,29.466140788506337,293.5799865722656,-0.1550173081598818,Below 50-day average
2018-12-28,249.5800018310547,251.3999938964844,246.4499969482422,247.75,221.63214111328125,153100200,2.72,-0.001289987966181294,-0.07820809566875742,258.89999923706057,266.5887997436523,0.29493373363529257,33.191661554464076,293.5799865722656,-0.1561073256639871,Below 50-day average
2018-12-31,249.5599975585937,250.19000244140625,247.47000122070312,249.9199981689453,223.5733184814453,144299400,2.69,0.008758822074451222,-0.07013428438905045,257.6969985961914,265.97819946289064,0.29883450742758827,35.48121239904317,293.5799865722656,-0.14871581987954507,Below 50-day average
2019-01-02,245.97999572753903,251.2100067138672,245.9499969482422,250.17999267578125,223.80596923828125,126925200,2.66,0.0010403109344623296,-0.06916693491751869,256.4234985351562,265.45379943847655,0.2970089364076789,35.74492714574218,293.5799865722656,-0.14783021963863108,Below 50-day average
2019-01-03,248.22999572753903,248.57000732421875,243.6699981689453,244.2100067138672,218.46530151367188,144140700,2.56,-0.023862763357143546,-0.09137918407458656,254.66899948120118,264.8129995727539,0.29653192444328935,30.166149067880667,293.5799865722656,-0.16816534544750328,Below 50-day average
2019-01-04,247.58999633789065,253.1100006103516,247.1699981689453,252.38999938964844,225.78298950195312,142628800,2.67,0.03349573093196567,-0.06094426570516576,253.7759994506836,264.36059936523435,0.3121130352084396,39.47453927282922,293.5799865722656,-0.14030243567872824,Below 50-day average
2019-01-07,252.69000244140625,255.9499969482422,251.69000244140625,254.3800048828125,227.56320190429688,103139100,2.7,0.007884644787735207,-0.053540144804365086,253.00299987792968,263.9759997558594,0.3145723158233728,44.81702439328456,293.5799865722656,-0.13352402575917388,Below 50-day average
2019-01-08,256.82000732421875,257.3099975585937,254.0,256.7699890136719,229.7012176513672,102512600,2.73,0.009395330155608672,-0.04464784198577254,252.66299896240236,263.80499938964846,0.30765129279298276,51.258244527953686,293.5799865722656,-0.12538319790927865,Below 50-day average
2019-01-09,257.5599975585937,258.9100036621094,256.19000244140625,257.9700012207031,230.77474975585932,95006600,2.74,0.004673490899932853,-0.040183012369061855,252.35799865722657,263.5627996826172,0.30817096112103,52.53731303293568,293.5799865722656,-0.12129568424377934,Below 50-day average
2019-01-10,256.260009765625,259.1600036621094,255.5,258.8800048828125,231.58883666992188,96823900,2.74,0.003527556141424526,-0.03679720405970077,252.09549865722656,263.4338000488281,0.3085663546838437,57.0503435628034,293.5799865722656,-0.11819600543823727,Below 50-day average
2019-01-11,257.67999267578125,259.010009765625,257.0299987792969,258.9800109863281,231.67822265625,73858100,2.71,0.0003863029265658291,-0.0364251160007526,251.77149963378906,263.3362005615234,0.30783558886285584,61.79821388339361,293.5799865722656,-0.11785536197448054,Below 50-day average
2019-01-14,256.8599853515625,258.29998779296875,256.4100036621094,257.3999938964844,230.26480102539065,70908200,2.71,-0.0061009229392887665,-0.04230381211426615,251.3729995727539,263.12880065917966,0.30833613820469585,68.48980286909718,293.5799865722656,-0.12323725843238098,Below 50-day average
2019-01-15,257.82000732421875,260.70001220703125,257.8099975585937,260.3500061035156,232.90382385253903,85208300,2.72,0.011460809156886187,-0.03132783887463031,251.36699981689452,262.92320068359373,0.3045749739590931,81.149689524986,293.5799865722656,-0.11318884797540629,Below 50-day average
2019-01-16,260.8299865722656,261.9700012207031,260.6000061035156,260.9800109863281,233.4674224853516,77636700,2.73,0.0024198381718569806,-0.028983809003123917,251.64800033569335,262.6726007080078,0.2955147333419016,74.23051633997378,293.5799865722656,-0.11104290849850873,Below 50-day average
2019-01-17,260.010009765625,263.9200134277344,259.9599914550781,262.9599914550781,235.2386932373047,96118400,2.75,0.0075867131021529755,-0.021616987744485283,252.04199981689453,262.49400024414064,0.29620603367452,74.3062059373269,293.5799865722656,-0.10429864608516248,Above 50-day average
2019-01-18,264.9800109863281,266.9800109863281,263.0,266.4599914550781,238.36965942382807,127900300,2.79,0.013310009559374114,-0.008594700498635088,252.80199966430663,262.35539978027344,0.29209125259740454,77.66931796231742,293.5799865722656,-0.09237685250221184,Above 50-day average
2019-01-22,264.82000732421875,265.0599975585937,261.0599975585937,262.8599853515625,235.14923095703125,115531200,2.74,-0.013510493953920788,-0.021989075803433344,253.5864990234375,262.1101995849609,0.289812387877296,68.35979734045063,293.5799865722656,-0.10463928954891921,Above 50-day average
2019-01-23,264.010009765625,264.7900085449219,260.6600036621094,263.4100036621094,235.6412506103516,86030300,2.76,0.002092438336748881,-0.019942648251885298,254.72199935913085,261.7581994628906,0.2683331472583805,68.61806934604998,293.5799865722656,-0.10276580247315259,Above 50-day average
2019-01-24,263.2099914550781,264.20001220703125,262.0799865722656,263.54998779296875,235.76641845703125,59204100,2.72,0.0005314305793751029,-0.019421815805624965,256.18249893188477,261.41919921875,0.24277195055651365,82.55886059593479,293.5799865722656,-0.10228898478372572,Above 50-day average
2019-01-25,265.6099853515625,266.70001220703125,263.6600036621094,265.7799987792969,237.7614288330078,96883400,2.76,0.00846143460298654,-0.011124717626948999,257.16249923706056,261.1795989990234,0.17762766563079466,78.18941806624292,293.5799865722656,-0.09469306173609249,Above 50-day average
2019-01-28,263.3900146484375,263.8299865722656,261.7900085449219,263.760009765625,235.954330444336,85613700,2.75,-0.007600229599478925,-0.018640396818233707,257.94699935913087,261.0033990478516,0.18155006273003102,69.72244181390717,293.5799865722656,-0.10157360232489943,Above 50-day average
2019-01-29,263.9200134277344,264.54998779296875,262.4800109863281,263.4100036621094,235.6412506103516,66136300,2.72,-0.0013269869978645987,-0.01994264825188552,258.7299995422363,260.83039916992186,0.18156206509416492,65.27138681991863,293.5799865722656,-0.10276580247315259,Above 50-day average
2019-01-30,265.1000061035156,268.5199890136719,264.25,267.5799865722656,239.3716583251953,92473700,2.7,0.015830768961627273,-0.004427586747216883,259.61299896240234,260.7779986572266,0.18614683974389037,69.44552166363262,293.5799865722656,-0.08856189518763402,Above 50-day average
2019-01-31,267.510009765625,270.4700012207031,267.2699890136719,269.92999267578125,241.47393798828125,104012100,2.63,0.008782443461558875,0.004315971684063502,260.60049896240236,260.71619873046876,0.18682579695192683,71.12806400866396,293.5799865722656,-0.08055724156340904,Above 50-day average
2019-02-01,270.1499938964844,271.20001220703125,269.17999267578125,270.0599975585937,241.5902099609375,85782500,2.7,0.00048162444463373255,0.004799674806162724,261.8929985046387,260.6427984619141,0.1564005919022694,71.16114735734088,293.5799865722656,-0.08011441545550457,Above 50-day average
2019-02-04,270.1099853515625,272.0299987792969,269.3599853515625,271.9599914550781,243.28988647460932,60744800,2.73,0.007035451061470965,0.011868893744843456,262.87149810791016,260.6999981689453,0.11551861817557064,77.47169350678067,293.5799865722656,-0.07364260544328916,Above 50-day average
2019-02-05,272.44000244140625,273.44000244140625,271.8800048828125,273.1000061035156,244.30972290039065,79552800,2.71,0.004191846904899599,0.016110493235252044,263.8074981689453,260.87959838867187,0.1145117245983436,75.8201675561961,293.5799865722656,-0.06975945706608577,Above 50-day average
2019-02-06,272.7900085449219,273.3399963378906,271.9200134277344,272.739990234375,243.98768615722656,58347800,2.7,-0.0013182565400755575,0.014770998932105206,264.60599822998046,261.03399841308595,0.11360860318032606,74.07856834896494,293.5799865722656,-0.07098575274565178,Above 50-day average
2019-02-07,270.94000244140625,271.54998779296875,268.2900085449219,270.1400146484375,241.66183471679688,95482000,2.65,-0.009532799292480854,0.005097390671455093,265.21449890136716,261.1717987060547,0.12180491120262693,64.33710212294534,293.5799865722656,-0.07984185910458275,Above 50-day average
2019-02-08,268.75,270.5799865722656,267.8299865722656,270.4700012207031,241.9569702148437,75788900,2.63,0.0012215390329901599,0.0063251563661168575,265.7939987182617,261.23119873046875,0.12178061519238652,59.16783415848492,293.5799865722656,-0.07871785001895526,Above 50-day average
2019-02-11,271.20001220703125,271.489990234375,270.0299987792969,270.6199951171875,242.0911407470703,68021400,2.65,0.0005545675890390456,0.006883231681872104,266.37599792480466,261.2755987548828,0.12174846906567606,71.06410685469842,293.5799865722656,-0.07820693679821544,Above 50-day average
2019-02-12,272.4200134277344,274.5199890136719,272.3399963378906,274.1000061035156,245.20428466796875,72270200,2.68,0.012859400817079925,0.01983114673406594,267.21099853515625,261.2659991455078,0.12313821100202464,75.03516315130447,293.5799865722656,-0.06635323032809981,Above 50-day average
2019-02-13,275.0299987792969,275.92999267578125,274.5599975585937,274.989990234375,246.00048828125,65277200,2.71,0.0032469321818375807,0.023142469304437085,267.94299774169923,261.28619873046875,0.11919778651649583,75.88238705721845,293.5799865722656,-0.06332174258518353,Above 50-day average
2019-02-14,273.7799987792969,275.6400146484375,272.8699951171875,274.3800048828125,245.45480346679688,83234400,2.66,-0.002218209292064066,0.02087292517192063,268.6129974365234,261.2607989501953,0.12050614545248199,70.9961599613761,293.5799865722656,-0.06539949099945541,Above 50-day average
2019-02-15,276.3599853515625,277.4100036621094,276.1300048828125,277.3699951171875,248.12957763671875,97088700,2.66,0.01089725993573043,0.03199764279886863,269.33349761962893,261.2221990966797,0.12289644972289412,81.72497979717502,293.5799865722656,-0.055214906316810475,Above 50-day average
2019-02-19,276.4800109863281,278.5799865722656,276.4700012207031,277.8500061035156,248.5589599609375,59120800,2.65,0.001730580072748289,0.033783597354619666,269.90299835205076,261.37419921875,0.11633515481486716,83.45697832936425,293.5799865722656,-0.05357988006065262,Above 50-day average
2019-02-20,277.8099975585937,278.9200134277344,277.25,278.4100036621094,249.05992126464844,76610800,2.65,0.002015467145194627,0.035867154230329046,270.6804992675781,261.54559936523435,0.10066568914249875,80.13365260512194,293.5799865722656,-0.05167240140336371,Above 50-day average
2019-02-21,277.70001220703125,278.1000061035156,276.3500061035156,277.4200134277344,248.17431640625,64214700,2.69,-0.003555871633034058,0.03218374360100973,271.38099975585936,261.8225994873047,0.10322831847753722,72.54678241697671,293.5799865722656,-0.055044532610036834,Above 50-day average
2019-02-22,278.1099853515625,279.3599853515625,277.3999938964844,279.1400146484375,249.7130126953125,78114600,2.65,0.006199989681534568,0.03858327216078372,272.16050109863284,262.1239996337891,0.10367133309665574,74.9451688196709,293.5799865722656,-0.04918581846270942,Above 50-day average
2019-02-25,280.7300109863281,281.3099975585937,279.42999267578125,279.5199890136719,250.0528564453125,69030700,2.67,0.0013612321605447342,0.03999702511225278,272.8475006103516,262.4317993164062,0.10166164099085112,72.66195606036212,293.5799865722656,-0.047891539620098844,Above 50-day average
2019-02-26,279.1300048828125,280.29998779296875,278.8999938964844,279.32000732421875,249.87403869628903,56844100,2.64,-0.0007154468278236514,0.03925296253969024,273.62550048828126,262.70899963378906,0.09528864007642569,69.75870793869301,293.5799865722656,-0.04857272259782164,Above 50-day average
2019-02-27,278.5199890136719,279.5899963378906,277.4800109863281,279.20001220703125,249.7667236328125,56921600,2.69,-0.0004295972864135633,0.03880650228708604,274.41500091552734,262.98559997558596,0.09481433633641115,70.83894467414845,293.5799865722656,-0.04898145317441349,Above 50-day average
2019-02-28,278.9599914550781,279.45001220703125,278.32000732421875,278.67999267578125,249.30148315429688,69268300,2.73,-0.001862534056282228,0.036871689798688934,274.9700012207031,263.3497998046875,0.08294767181915814,81.81828518410711,293.5799865722656,-0.05075275760603215,Above 50-day average
2019-03-01,280.44000244140625,280.8800048828125,278.82000732421875,280.4200134277344,250.8580780029297,78880500,2.76,0.00624379502541994,0.04334570409745275,275.49450225830077,263.85100006103517,0.08067197420568552,83.5470050293447,293.5799865722656,-0.04482585239607906,Above 50-day average
2019-03-04,281.6000061035156,281.8699951171875,276.8399963378906,279.3999938964844,249.9456024169922,106494600,2.72,-0.0036374705171065003,0.039550564859648585,275.9615020751953,264.33739990234375,0.08293944932560261,77.96181216311567,293.5799865722656,-0.0483002701966907,Above 50-day average
2019-03-05,279.5400085449219,279.760009765625,278.4100036621094,279.0199890136719,249.60565185546875,59114600,2.72,-0.0013600747713448103,0.03813669836284572,276.314501953125,264.8925997924805,0.08112983025132794,69.52377953671319,293.5799865722656,-0.049594652989091825,Above 50-day average
2019-03-06,279.1499938964844,279.1600036621094,276.9700012207031,277.3299865722656,248.0937957763672,75039800,2.69,-0.00605692247132672,0.03184878486622278,276.5260009765625,265.49579956054686,0.08436748283761387,58.731333595997185,293.5799865722656,-0.05535118449227128,Above 50-day average
2019-03-07,276.8299865722656,276.989990234375,274.07000732421875,275.010009765625,246.0184326171875,94885100,2.64,-0.008365401936209604,0.023216955043427356,276.639501953125,266.1819998168945,0.0902012257645502,52.08473028978599,293.5799865722656,-0.06325355152255774,Above 50-day average
2019-03-08,272.94000244140625,274.6499938964844,272.4200134277344,274.4599914550781,245.52638244628903,85795800,2.62,-0.001999993785737564,0.0211705274918792,276.85550079345705,266.9843997192383,0.08282824470543665,38.51617767136916,293.5799865722656,-0.06512703859832436,Above 50-day average
2019-03-11,275.260009765625,278.6199951171875,275.2300109863281,278.44000244140625,249.0867919921875,65098900,2.64,0.014501242841361561,0.03597876929348032,277.2540008544922,267.6295999145508,0.09606638604512965,51.824353271342005,293.5799865722656,-0.05157021875921575,Above 50-day average
2019-03-12,279.0599975585937,280.07000732421875,278.8500061035156,279.489990234375,250.02606201171875,79667500,2.61,0.00377096603850835,0.03988541004910173,277.69750061035154,268.25799957275393,0.09633772971515704,53.241255506809665,293.5799865722656,-0.04799372226424681,Above 50-day average
2019-03-13,280.4800109863281,282.3800048828125,280.29998779296875,281.3399963378906,251.6810760498047,80639200,2.61,0.0066192213251152765,0.04676864173097495,278.0595001220703,268.9297994995117,0.08895515012354317,61.187153368077816,293.5799865722656,-0.0416921820090147,Above 50-day average
2019-03-14,281.3699951171875,281.8399963378906,280.6700134277344,281.1600036621094,251.52005004882807,67518400,2.63,-0.0006397692405066824,0.04609895135206843,278.36800079345704,269.554599609375,0.08890791326511703,56.32036178010172,293.5799865722656,-0.04230527787390248,Above 50-day average
2019-03-15,280.5400085449219,282.2099914550781,280.3299865722656,281.3099975585937,252.7626800537109,81309000,2.59,0.0005334823393463584,0.046657026667823454,278.7145004272461,270.17719970703126,0.08806815020173632,55.68255579861909,293.5799865722656,-0.041794364653162885,Above 50-day average
2019-03-18,281.54998779296875,282.6600036621094,281.29998779296875,282.3299865722656,253.6791534423828,62199800,2.6,0.0036258541200957506,0.05045205236029404,278.9625,270.9395993041992,0.08101738969803002,59.08259617987834,293.5799865722656,-0.03832005080234169,Above 50-day average
2019-03-19,283.510009765625,284.3599853515625,281.4100036621094,282.3999938964844,253.74203491210932,90268100,2.61,0.0002479627653750871,0.050712525356091165,279.18999938964845,271.53979919433596,0.0809864619583052,59.68514526286233,293.5799865722656,-0.03808158998273292,Above 50-day average
2019-03-20,282.1600036621094,283.5,280.32000732421875,281.54998779296875,252.97833251953125,84609200,2.54,-0.0030099366922338167,0.04754994717303229,279.3469985961914,272.08319885253906,0.08196520291877685,58.516287476772284,293.5799865722656,-0.04097690349997907,Above 50-day average
2019-03-21,280.6400146484375,285.17999267578125,280.5899963378906,284.7300109863281,255.83566284179688,79550400,2.54,0.011294701940096408,0.059381711593715414,279.7124984741211,272.6423992919922,0.08871522305049337,61.782362913129376,293.5799865722656,-0.030145023471342958,Above 50-day average
2019-03-22,283.2200012207031,283.79998779296875,279.17999267578125,279.25,250.9117889404297,122659300,2.44,-0.0192463413580638,0.038992489543892894,279.7179977416992,273.0679992675781,0.11283817136468063,49.67034352686147,293.5799865722656,-0.048811183417430404,Above 50-day average
2019-03-25,278.8699951171875,280.19000244140625,277.6400146484375,279.0400085449219,250.7230529785156,85575200,2.43,-0.0007519837245412164,0.03821118410183533,279.6939987182617,273.4711993408203,0.11276022285622017,50.04433019507989,293.5799865722656,-0.04952646192646615,Above 50-day average
2019-03-26,280.989990234375,282.17999267578125,279.5599975585937,281.1199951171875,252.5919647216797,68125900,2.41,0.007454080090922854,0.045950093419422355,279.7839981079102,273.9139990234375,0.11581960457062415,58.249909324135984,293.5799865722656,-0.04244155604936328,Above 50-day average
2019-03-27,281.1099853515625,281.760009765625,277.92999267578125,279.6499938964844,251.2711181640625,72224700,2.39,-0.005229088098448242,0.040480728234352004,279.80649719238284,274.3589990234375,0.11748718437532252,60.48819790598886,293.5799865722656,-0.04744871351219415,Above 50-day average
2019-03-28,280.3500061035156,281.2099914550781,279.07000732421875,280.7099914550781,252.2236175537109,56238500,2.39,0.003790443703660884,0.044424611859468444,279.90799713134766,274.7661987304688,0.11794325219240143,63.809099981120376,293.5799865722656,-0.043838121485912374,Above 50-day average
2019-03-29,282.3900146484375,282.8399963378906,281.1400146484375,282.4800109863281,253.8140106201172,82186800,2.41,0.0063055095476829415,0.05101024122138331,280.01099700927733,275.1961987304687,0.1179840793548706,59.89227690574081,293.5799865722656,-0.03780903363181132,Above 50-day average
2019-04-01,284.70001220703125,286.1600036621094,284.3999938964844,285.8299865722656,256.82403564453125,77617900,2.49,0.011859159783520479,0.06347433960614413,280.3324966430664,275.6535986328125,0.12365094117060167,63.95245597987344,293.5799865722656,-0.02639825721939093,Above 50-day average
2019-04-02,286.0400085449219,286.2300109863281,285.0899963378906,285.9700012207031,256.94976806640625,40070400,2.48,0.0004898529021275522,0.06399528559773837,280.679997253418,276.043798828125,0.12332339487306586,61.018569087930096,293.5799865722656,-0.0259213355801734,Above 50-day average
2019-04-03,287.32000732421875,287.760009765625,285.75,286.4200134277344,257.3540954589844,68243200,2.52,0.0015736343151739884,0.06566962509033836,281.1344985961914,276.51499938964844,0.12025534413993069,62.35902848685796,293.5799865722656,-0.024388491968163506,Above 50-day average
2019-04-04,286.7799987792969,287.4599914550781,286.010009765625,287.17999267578125,258.0370483398437,48997500,2.51,0.002653373411137805,0.06849724453861028,281.74299774169924,276.9903991699219,0.11430817050964455,63.40792870964693,293.5799865722656,-0.021799830333151804,Above 50-day average
2019-04-05,287.9200134277344,288.6300048828125,287.6000061035156,288.57000732421875,259.2860107421875,58621700,2.5,0.004840221059573491,0.07366900740372229,282.44849853515626,277.49079956054686,0.11355726605513673,64.01619375473837,293.5799865722656,-0.017065125271451875,Above 50-day average
2019-04-08,288.1000061035156,288.9100036621094,287.3699951171875,288.7900085449219,259.4836120605469,53566300,2.52,0.0007623842226123223,0.07448755571527466,282.965998840332,277.95099975585936,0.10446181515258256,64.25703905045674,293.5799865722656,-0.016315751231103404,Above 50-day average
2019-04-09,287.7200012207031,288.0799865722656,286.70001220703125,287.3099975585937,258.1537780761719,66142300,2.51,-0.005124869083197425,0.06898094766070906,283.356999206543,278.42199951171875,0.10703000275522627,62.49999999999985,293.5799865722656,-0.021357004225247334,Above 50-day average
2019-04-10,287.7699890136719,288.3900146484375,287.3099975585937,288.2900085449219,259.0343933105469,52601500,2.48,0.003410988112685809,0.07262722896586737,283.70449981689455,278.919599609375,0.10555162111285764,58.54124993044222,293.5799865722656,-0.018018864600096274,Above 50-day average
2019-04-11,288.8299865722656,288.8399963378906,287.5799865722656,288.2099914550781,258.96246337890625,55093100,2.51,-0.00027755762417025487,0.07232951310057523,284.05699920654297,279.33219970703124,0.10547377715085648,79.01545443225348,293.5799865722656,-0.018291420951017878,Above 50-day average
2019-04-12,290.0,290.4700012207031,288.260009765625,290.1600036621094,260.71466064453125,69727800,2.56,0.006765942419922011,0.07958483284139684,284.49949951171874,279.73679992675784,0.10721016779800586,82.36309764883913,293.5799865722656,-0.011649237232029153,Above 50-day average
2019-04-15,290.239990234375,290.3500061035156,289.0799865722656,289.9700012207031,260.5438842773437,49596700,2.55,-0.0006548195444177063,0.0788778995929953,284.8815002441406,280.135,0.10719914289448707,78.94037223691411,293.5799865722656,-0.012296428628229661,Above 50-day average
2019-04-16,290.95001220703125,291.010009765625,289.5,290.1600036621094,260.71466064453125,52153200,2.6,0.000655248614016557,0.07958483284139661,285.2695007324219,280.49900024414063,0.10715296151192132,87.5087674968739,293.5799865722656,-0.011649237232029153,Above 50-day average
2019-04-17,291.3999938964844,291.42999267578125,288.989990234375,289.45001220703125,260.07666015625,58268300,2.59,-0.0024468963541401934,0.07694320064993199,285.664501953125,280.82600036621096,0.10686540745319449,81.99113966752503,293.5799865722656,-0.014067629110057767,Above 50-day average
2019-04-18,290.1000061035156,290.32000732421875,288.6600036621094,290.0199890136719,260.5887451171875,68708500,2.57,0.001969171817594928,0.07906388684980237,285.9290008544922,281.1716003417969,0.10034860483514706,80.25668030076633,293.5799865722656,-0.012126158871246684,Above 50-day average
2019-04-22,289.1700134277344,290.44000244140625,289.07000732421875,290.2699890136719,260.8133850097656,40160100,2.59,0.0008620095492390956,0.07999405022450601,286.4800003051758,281.5741998291016,0.06631166268514231,73.7178442176646,293.5799865722656,-0.011274602186750138,Above 50-day average
2019-04-23,290.67999267578125,293.1400146484375,290.4200134277344,292.8800048828125,263.1585693359375,52246600,2.57,0.008991683494423253,0.08970501489998495,287.1720001220703,282.02239990234375,0.06997362788907677,79.20530792189774,293.5799865722656,-0.002384296346715775,Above 50-day average
2019-04-24,292.7900085449219,293.1600036621094,292.07000732421875,292.2300109863281,262.5745544433594,50392900,2.53,-0.002219318101775003,0.08728661283482242,287.72750091552734,282.45460021972656,0.06918684493204152,74.14789446981204,293.5799865722656,-0.004598322936448573,Above 50-day average
2019-04-25,292.1199951171875,292.7799987792969,290.7300109863281,292.04998779296875,262.4127502441406,57770900,2.54,-0.0006160325311961312,0.0866168089105821,288.3475006103516,282.8135998535156,0.06462666020277961,71.26621818995918,293.5799865722656,-0.005211522751126796,Above 50-day average
2019-04-26,292.1000061035156,293.489990234375,291.239990234375,293.4100036621094,263.6348571777344,50916400,2.51,0.004656791391837833,0.09167695671254328,288.9825012207031,283.1820001220703,0.06498525380325937,71.1907389641726,293.5799865722656,-0.0005790003335748306,Above 50-day average
2019-04-29,293.510009765625,294.45001220703125,293.4100036621094,293.8699951171875,264.048095703125,57197700,2.54,0.0015677429172040735,0.09338842552930426,289.55200042724607,283.5717999267578,0.06318872308202973,71.78369805039277,293.8699951171875,0.0,Above 50-day average
2019-04-30,293.489990234375,294.3399963378906,291.9200134277344,294.0199890136719,264.1828918457031,81111700,2.51,0.0005104090209160361,0.09394650084505951,289.9615005493164,283.9047998046875,0.05141381248918097,82.47802774043939,294.0199890136719,0.0,Above 50-day average
2019-05-01,294.7200012207031,294.95001220703125,291.79998779296875,291.8099975585937,262.1971740722656,71671900,2.52,-0.007516466694974966,0.08572388840537326,290.2535003662109,284.1839996337891,0.060400981678651884,65.22482899902027,294.0199890136719,-0.007516466694974966,Above 50-day average
2019-05-02,291.67999267578125,292.70001220703125,289.5199890136719,291.17999267578125,261.631103515625,65030200,2.55,-0.0021589557865848708,0.08337985853386698,290.49149932861326,284.4393994140625,0.06139078354744889,62.262581869407114,294.0199890136719,-0.009659194762294043,Above 50-day average
2019-05-03,292.82000732421875,294.3399963378906,291.29998779296875,294.0299987792969,264.1918334960937,56543700,2.54,0.009787781355874214,0.09398374371455431,290.83399963378906,284.77159912109374,0.06895610408600315,64.87314455140836,294.0299987792969,0.0,Above 50-day average
2019-05-06,289.25,293.3099975585937,288.8999938964844,292.82000732421875,263.10467529296875,107198100,2.51,-0.004115197293138695,0.0894817847736824,291.04649963378904,285.0451989746094,0.06998515838147272,60.15682947785137,294.0299987792969,-0.004115197293138695,Above 50-day average
2019-05-07,290.1499938964844,290.8099975585937,285.8099975585937,287.92999267578125,258.7108154296875,144729900,2.45,-0.016699728591370255,0.07128773466272031,291.00349884033204,285.21339904785157,0.09343364630926165,44.046957612689305,294.0299987792969,-0.020746203206613578,Above 50-day average
2019-05-08,287.5299987792969,289.42999267578125,286.8699951171875,287.5299987792969,258.3515319824219,91568300,2.49,-0.0013892053855424358,0.0697994959722612,291.0144989013672,285.37759887695313,0.09171140082428036,44.78824096609105,294.0299987792969,-0.022106587854931692,Above 50-day average
2019-05-09,285.2300109863281,287.3299865722656,283.29998779296875,286.6600036621094,257.5697937011719,103471100,2.45,-0.003025754254794455,0.06656254559554609,290.93299865722656,285.5267987060547,0.09143231425603439,41.02569536596578,294.0299987792969,-0.0250654530074651,Above 50-day average
2019-05-10,285.6199951171875,288.94000244140625,282.29998779296875,288.1000061035156,258.8636779785156,112429300,2.47,0.005023381089130252,0.07192029571746539,290.92749938964846,285.7151989746094,0.09334096307204069,44.55052942005972,294.0299987792969,-0.020167985240963082,Above 50-day average
2019-05-13,282.4200134277344,283.489990234375,279.92999267578125,280.8599853515625,252.35829162597656,127290500,2.4,-0.02513023463578734,0.044982687175223024,290.4624984741211,285.72399841308595,0.12571617405225605,25.509371642325604,294.0299987792969,-0.04479139367551399,Below 50-day average
2019-05-14,281.989990234375,285.1000061035156,281.8500061035156,283.3999938964844,254.64065551757807,77003200,2.42,0.009043682537198894,0.05443317885490484,290.13399810791014,285.80399841308594,0.13127156116452018,33.295499157102284,294.0299987792969,-0.03615279028311502,Below 50-day average
2019-05-15,281.5899963378906,285.7699890136719,281.3599853515625,285.0599975585937,256.132080078125,73956400,2.37,0.005857458355188472,0.06060947728837651,289.8789978027344,285.9247985839844,0.1334809233674825,37.4776394228455,294.0299987792969,-0.030507095391433814,Below 50-day average
2019-05-16,285.8399963378906,289.2099914550781,285.760009765625,287.70001220703125,258.5041809082031,76749600,2.4,0.009261259633228214,0.07043205702700672,289.7914978027344,286.1321990966797,0.13801870147055048,40.21927884921992,294.0299987792969,-0.021528369889281307,Above 50-day average
2019-05-17,285.1400146484375,288.6000061035156,285.1199951171875,285.8399963378906,256.8329467773437,100353000,2.39,-0.006465122663262712,0.06351158247563848,289.58249816894534,286.348798828125,0.13944603672579875,36.87482229704452,294.0299987792969,-0.0278543090004697,Below 50-day average
2019-05-20,284.0599975585937,285.9599914550781,283.1199951171875,283.95001220703125,255.1347503662109,62877600,2.41,-0.0066120352472479604,0.056479606406453,289.2664993286133,286.5385992431641,0.14086024990973717,34.4262883109258,294.0299987792969,-0.03428217057481886,Below 50-day average
2019-05-21,285.8299865722656,286.92999267578125,285.54998779296875,286.510009765625,257.4349365234375,46847100,2.43,0.009015662787600798,0.06600447027979084,288.94799957275393,286.69999938964844,0.14088297437906838,41.89109687540862,294.0299987792969,-0.025575584276747554,Below 50-day average
2019-05-22,285.45001220703125,286.69000244140625,285.1000061035156,285.6300048828125,256.644287109375,49482500,2.39,-0.0030714629605170796,0.06273027703358092,288.6179992675781,286.8227996826172,0.14100829943966042,41.57306598755204,294.0299987792969,-0.028568492777464982,Below 50-day average
2019-05-23,283.1600036621094,283.2099914550781,280.57000732421875,282.1400146484375,253.5084991455078,98733800,2.31,-0.012218570089675529,0.04974523265722586,288.12250061035155,286.83880004882815,0.14638789740372735,32.29077937461308,294.0299987792969,-0.04043799673578263,Below 50-day average
2019-05-24,283.739990234375,284.20001220703125,282.0899963378906,282.7799987792969,254.08355712890625,55268100,2.32,0.0022683210378962038,0.05212639185289358,287.59100036621095,286.8711999511719,0.14525689613101017,34.78787990881726,294.0299987792969,-0.03826140205661266,Below 50-day average
2019-05-28,283.0899963378906,284.1499938964844,280.1300048828125,280.1499938964844,251.7204742431641,70029400,2.26,-0.009300533609752026,0.04234105498375862,286.9050003051758,286.8479998779297,0.14702380720513536,37.34548873262788,294.0299987792969,-0.04720608421058092,Below 50-day average
2019-05-29,278.9100036621094,279.3599853515625,276.7099914550781,278.2699890136719,250.03111267089844,104972900,2.25,-0.006710708276892463,0.035346208238734356,286.1175003051758,286.7667999267578,0.14739650697520254,35.630042451784746,294.0299987792969,-0.053600006227441765,Below 50-day average
2019-05-30,279.1099853515625,280.0400085449219,277.8099975585937,279.0299987792969,250.7139892578125,62523800,2.22,0.0027311955856930137,0.03817394123234008,285.47850036621094,286.69940002441405,0.14745089642358947,38.118975614484945,294.0299987792969,-0.05101520274215021,Below 50-day average
2019-05-31,276.20001220703125,277.1199951171875,275.239990234375,275.2699890136719,247.3355712890625,86862800,2.14,-0.013475288614393843,0.024184247742291554,284.6830001831055,286.5738000488281,0.15278862458879108,31.36799727708818,294.0299987792969,-0.06380304677587179,Below 50-day average
2019-06-03,275.3099975585937,276.54998779296875,273.0899963378906,274.57000732421875,246.7067108154297,96428000,2.07,-0.0025428914062199937,0.02157985842032173,283.7100006103516,286.37059997558595,0.14544932565948743,38.72360214465477,294.0299987792969,-0.0661836939627547,Below 50-day average
2019-06-04,277.1199951171875,280.67999267578125,276.6199951171875,280.5299987792969,252.061767578125,77231900,2.12,0.021706636908962906,0.04375492148056148,283.09550018310546,286.39619995117187,0.17044552792111173,45.41680718464355,294.0299987792969,-0.045913682467935146,Below 50-day average
2019-06-05,282.3299865722656,282.989990234375,280.32000732421875,282.9599914550781,254.2453155517578,71169700,2.12,0.00866214909761931,0.0527960822318001,282.8470001220703,286.474599609375,0.16530362676705504,46.726921785355266,294.0299987792969,-0.03764924453347385,Below 50-day average
2019-06-06,283.2900085449219,285.54998779296875,282.57000732421875,284.79998779296875,255.8985137939453,69430400,2.12,0.006502673146223659,0.05964207104417829,282.7104995727539,286.54819946289064,0.16730387839023528,45.364406399331884,294.0299987792969,-0.031391392118653494,Below 50-day average
2019-06-07,285.92999267578125,288.8500061035156,285.739990234375,287.6499938964844,258.45928955078125,74272200,2.09,0.010007044331713288,0.07024595622486585,282.75999908447267,286.7081994628906,0.17097160941780853,52.804462173096454,294.0299987792969,-0.021698482839505817,Above 50-day average
2019-06-10,289.3699951171875,290.82000732421875,288.8699951171875,288.9700012207031,259.6453552246094,60799100,2.15,0.004588935693472518,0.07515724609418073,282.80349884033205,286.87339965820314,0.17081686693599,57.917968317537024,294.0299987792969,-0.017209120088429675,Above 50-day average
2019-06-11,290.989990234375,291.3999938964844,288.17999267578125,288.8999938964844,259.5824279785156,58641300,2.15,-0.00024226502378454917,0.0748967730983836,283.20549926757815,287.0017993164063,0.14232501677668205,54.09103873675368,294.0299987792969,-0.017447215944326633,Above 50-day average
2019-06-12,288.6400146484375,289.260009765625,287.82000732421875,288.3900146484375,259.1242370605469,47096300,2.13,-0.0017652449249604407,0.07299931702481532,283.45500030517576,287.05299987792966,0.13982605163814704,54.785043406121304,294.0299987792969,-0.01918166225988671,Above 50-day average
2019-06-13,289.3999938964844,289.9800109863281,288.6199951171875,289.5799865722656,260.1934509277344,48945200,2.1,0.004126259105325714,0.07742679022669718,283.6809997558594,287.1251995849609,0.13914698094098743,64.01655357662354,294.0299987792969,-0.01513455166311617,Above 50-day average
2019-06-14,289.260009765625,289.92999267578125,288.4100036621094,289.260009765625,259.90594482421875,52324700,2.09,-0.001104968649346838,0.07623626740153022,283.7589996337891,287.18199951171874,0.13563041704418644,62.35702854482498,294.0299987792969,-0.016222797107353304,Above 50-day average
2019-06-17,289.5199890136719,290.2200012207031,289.17999267578125,289.3699951171875,260.0047302246094,39205700,2.09,0.00038023006239829016,0.07664548478463962,283.9354995727539,287.2257995605469,0.1332542727091488,69.4515444907861,294.0299987792969,-0.01584873544011145,Above 50-day average
2019-06-18,291.3900146484375,293.57000732421875,290.989990234375,292.3999938964844,262.7272644042969,85434800,2.06,0.010471019215623212,0.08791906034423347,284.3579986572266,287.3023992919922,0.13470047057852672,78.43069108736285,294.0299987792969,-0.005543668637824961,Above 50-day average
2019-06-19,292.54998779296875,293.6499938964844,291.4700012207031,293.0599975585937,263.3204040527344,78674400,2.03,0.0022571945139744365,0.0903747052788908,284.685498046875,287.38779907226564,0.13180520055605557,78.34353672295481,294.0299987792969,-0.0032989872622870564,Above 50-day average
2019-06-20,296.0400085449219,296.3099975585937,293.1300048828125,295.8599853515625,265.836181640625,116570000,2.01,0.009554315895361931,0.10079248965743748,285.1969970703125,287.558798828125,0.13402548589975924,93.27468388692407,295.8599853515625,0.0,Above 50-day average
2019-06-21,294.1300048828125,295.5199890136719,293.760009765625,294.0,265.4496765136719,83309500,2.07,-0.006286708049932255,0.09387212865140304,285.7899963378906,287.6729986572266,0.12728385908374434,88.93803253102531,295.8599853515625,-0.006286708049932255,Above 50-day average
2019-06-24,294.2300109863281,294.5799865722656,293.4700012207031,293.6400146484375,265.1247253417969,47582700,2.02,-0.0012244399713010612,0.09253274789359,286.33299713134767,287.78159912109373,0.12782213532534548,83.87621302185767,295.8599853515625,-0.007503450324608973,Above 50-day average
2019-06-25,293.70001220703125,293.7300109863281,290.6400146484375,290.760009765625,262.5244140625,82028700,2.0,-0.009807944214485276,0.0818172476497514,286.8634979248047,287.79359924316407,0.12842399982779187,69.69711915635409,295.8599853515625,-0.017237801116894325,Above 50-day average
2019-06-26,291.75,292.3099975585937,290.3500061035156,290.4700012207031,262.2625732421875,51584900,2.05,-0.0009974155151378783,0.08073822634240169,287.47349853515624,287.80359924316406,0.12490133502560272,65.53436129314915,295.8599853515625,-0.01821802338175138,Above 50-day average
2019-06-27,291.3099975585937,292.0599975585937,290.8900146484375,291.5,263.1924743652344,40355200,2.01,0.003545972991938262,0.08457049490436708,288.0969985961914,287.83039916992186,0.12498274073483953,61.716461574181565,295.8599853515625,-0.01473665100869126,Above 50-day average
2019-06-28,292.5799865722656,293.54998779296875,292.010009765625,293.0,264.5468139648437,59350900,2.0,0.005145797598627766,0.09015147515258848,288.98349914550784,287.9013989257812,0.11062597470467538,62.13132012795049,295.8599853515625,-0.009666685233435834,Above 50-day average
2019-07-01,296.67999267578125,296.9200134277344,294.3299865722656,295.6600036621094,266.948486328125,78705600,2.03,0.009078510792182248,0.10004842708487471,290.03799896240236,288.01419921875,0.1103867031706288,67.60429283055336,295.8599853515625,-0.0006759335474700867,Above 50-day average
2019-07-02,295.6099853515625,296.489990234375,294.67999267578125,296.42999267578125,267.643798828125,61504500,1.98,0.0026043056353062255,0.10291328940264166,290.83299865722654,288.1373992919922,0.08760064720552721,70.65780930963426,296.42999267578125,0.0,Above 50-day average
2019-07-03,297.17999267578125,298.82000732421875,297.0199890136719,298.79998779296875,269.7836303710937,40898900,1.96,0.007995125917571011,0.11173122002757818,291.62499847412107,288.2557989501953,0.08703625723112747,72.33535749612984,298.79998779296875,0.0,Above 50-day average
2019-07-05,297.44000244140625,298.6400146484375,296.010009765625,298.4599914550781,269.4766540527344,51677300,2.04,-0.0011378726632552683,0.1104662114634214,292.30799865722656,288.3803985595703,0.08688243854222759,72.26526437070245,298.79998779296875,-0.0011378726632552683,Above 50-day average
2019-07-08,297.010009765625,298.260009765625,296.2200012207031,296.82000732421875,267.9958801269531,45841800,2.05,-0.005494820672157674,0.10436439876893955,292.7664993286133,288.4757989501953,0.0862071106622853,66.78691275167785,298.79998779296875,-0.0066264409291806325,Above 50-day average
2019-07-09,295.5400085449219,297.5199890136719,295.4800109863281,297.19000244140625,268.3298645019531,41101300,2.07,0.0012465302474820028,0.10574102239624739,293.17749938964846,288.55139892578126,0.08547533476575005,62.26324581182798,298.79998779296875,-0.005388170740749931,Above 50-day average
2019-07-10,298.3699951171875,299.6600036621094,297.7799987792969,298.6099853515625,269.6120300292969,58448500,2.07,0.00477803054776782,0.11102428677917664,293.66299896240236,288.64619873046877,0.08603840537588528,63.67671389465462,298.79998779296875,-0.0006358850373778813,Above 50-day average
2019-07-11,299.32000732421875,299.5799865722656,298.20001220703125,299.3099975585937,270.2441101074219,50826100,2.13,0.0023442357636067612,0.11362878964648004,294.20899810791013,288.75199890136713,0.08509475208007442,59.48329664724975,299.3099975585937,0.0,Above 50-day average
2019-07-12,299.8500061035156,300.7300109863281,299.510009765625,300.6499938964844,271.4539794921875,40326000,2.12,0.004476951484483349,0.11861445170945117,294.7624984741211,288.92879882812497,0.0852268815973658,68.8172377286018,300.6499938964844,0.0,Above 50-day average
2019-07-15,301.1300048828125,301.1300048828125,300.19000244140625,300.75,271.5442810058594,33900000,2.09,0.0003326329803621242,0.11898653976839935,295.33699798583984,289.12019897460937,0.08470776193164832,70.41928868165962,300.75,0.0,Above 50-day average
2019-07-16,300.6499938964844,300.8800048828125,299.44000244140625,299.7799987792969,270.66845703125,36650100,2.13,-0.0032252742168017434,0.11537750133273605,295.8574981689453,289.2351989746093,0.08654817074996725,79.09679604176388,300.75,-0.0032252742168017434,Above 50-day average
2019-07-17,299.75,299.92999267578125,297.739990234375,297.739990234375,268.8265991210937,36036300,2.06,-0.00680501885792506,0.10778733640246152,296.12449798583987,289.3335986328125,0.0852622832526963,71.07246920372864,300.75,-0.010008345022859522,Above 50-day average
2019-07-18,297.19000244140625,299.25,296.70001220703125,298.8299865722656,269.8106384277344,51392600,2.04,0.0036609000256653257,0.11184283509072901,296.4129974365234,289.55159851074217,0.08569895855864296,71.17273405228724,300.75,-0.006384084547745195,Above 50-day average
2019-07-19,300.0400085449219,300.07000732421875,296.9800109863281,297.1700134277344,268.3118896484375,58678600,2.05,-0.0055549082057393395,0.10566665020259092,296.478498840332,289.7443988037109,0.08238880066682688,61.934824571363684,300.75,-0.0119035297498441,Above 50-day average
2019-07-22,297.6099853515625,298.5,297.0400085449219,297.8999938964844,268.9709777832031,43638100,2.05,0.0024564405416616086,0.10838265458771179,296.6734985351562,289.9691986083984,0.07898638477900677,57.20721428403101,300.75,-0.009476329521248994,Above 50-day average
2019-07-23,299.1400146484375,300.0299987792969,298.2200012207031,300.0299987792969,270.8940734863281,44564500,2.08,0.0071500668897384045,0.1163076647074397,296.99299774169924,290.207798461914,0.08186256606352957,60.65094794475033,300.75,-0.0023940190214567503,Above 50-day average
2019-07-24,299.19000244140625,301.44000244140625,299.0899963378906,301.44000244140625,272.167236328125,47213200,2.05,0.004699542271926482,0.12155379976620795,297.5269973754883,290.6193988037109,0.07183075572210122,58.281130341553066,301.44000244140625,0.0,Above 50-day average
2019-07-25,300.94000244140625,301.0,299.1099853515625,300.0,270.8670654296875,55394100,2.08,-0.004777078124148959,0.11619604964428865,298.0034973144531,290.95139892578123,0.07497754389108109,54.51881833567648,301.44000244140625,-0.004777078124148959,Above 50-day average
2019-07-26,300.760009765625,302.2300109863281,300.6199951171875,302.010009765625,272.6819152832031,45084100,2.08,0.006700032552083401,0.12367459951141235,298.52899780273435,291.29039916992184,0.07686100051690432,64.90525688443267,302.010009765625,0.0,Above 50-day average
2019-07-29,301.8800048828125,302.010009765625,300.8500061035156,301.4599914550781,272.185302734375,38126500,2.06,-0.001821192320657583,0.1216281719598642,298.9519973754883,291.5655987548828,0.07679753181419059,62.137549467460346,302.010009765625,-0.001821192320657583,Above 50-day average
2019-07-30,299.9100036621094,301.1700134277344,299.489990234375,300.7200012207031,271.5171203613281,45849000,2.06,-0.0024546880360581946,0.11887492470524852,299.20499725341796,291.863198852539,0.07235710569614097,56.23895745767514,302.010009765625,-0.004271409897714906,Above 50-day average
2019-07-31,300.989990234375,301.20001220703125,295.20001220703125,297.42999267578125,268.546630859375,104245200,2.02,-0.010940438053893442,0.106633942901456,299.25499725341797,292.13279846191404,0.08318632296099651,45.17947465945529,302.010009765625,-0.015165116856219685,Above 50-day average
2019-08-01,297.6000061035156,300.8699951171875,293.9599914550781,294.8399963378906,266.2081298828125,142646600,1.9,-0.008707919179872015,0.09699746396496711,299.05699768066404,292.29939819335937,0.0835060297090664,36.00000588290663,302.010009765625,-0.02374097942415443,Above 50-day average
2019-08-02,293.8500061035156,294.1199951171875,290.8999938964844,292.6199951171875,264.2037353515625,116749700,1.86,-0.00752951176325134,0.08873760865578606,298.7649978637695,292.43919799804684,0.08700630193439964,32.22560861698095,302.010009765625,-0.0310917332035604,Above 50-day average
2019-08-05,288.0899963378906,288.2099914550781,281.7200012207031,283.82000732421875,256.25830078125,178745400,1.75,-0.030073091175620292,0.055995903284353776,298.11499786376953,292.47279785156246,0.13464607281058005,24.00651307137241,302.010009765625,-0.06022979985174204,Below 50-day average
2019-08-06,285.9100036621094,288.0400085449219,284.2799987792969,287.79998779296875,259.85186767578125,120711700,1.73,0.014022903128895647,0.07080403154062087,297.64549713134767,292.5731976318359,0.14613398026684446,34.77325893416459,302.010009765625,-0.04705149337164005,Below 50-day average
2019-08-07,284.3999938964844,288.82000732421875,282.0400085449219,287.9700012207031,260.0053100585937,140572300,1.71,0.0005907346592963769,0.07143659259536617,297.1134979248047,292.7295977783203,0.1444704120089083,32.88147007889167,302.010009765625,-0.046488553660249954,Below 50-day average
2019-08-08,289.6199951171875,293.6199951171875,289.010009765625,293.6199951171875,265.10662841796875,87713900,1.72,0.019620078037761113,0.09245826215460018,296.82899780273436,293.0365979003906,0.16284621691560686,45.02937670117806,302.010009765625,-0.027780584673165576,Above 50-day average
2019-08-09,292.5799865722656,293.239990234375,289.6499938964844,291.6199951171875,263.30084228515625,93730000,1.74,-0.006811525213743619,0.0850169551569715,296.3774978637695,293.2883978271484,0.1628242721844724,41.50892791565334,302.010009765625,-0.03440288173395534,Below 50-day average
2019-08-12,289.9599914550781,291.6099853515625,287.0199890136719,288.07000732421875,260.0956420898437,65527600,1.65,-0.012173334656089607,0.07180868065431434,295.74349822998045,293.5443981933593,0.16698280401196314,34.42709198428662,302.010009765625,-0.046157418597563726,Below 50-day average
2019-08-13,287.739990234375,294.1499938964844,287.3599853515625,292.54998779296875,264.1405334472656,94299800,1.68,0.01555170741432943,0.08847713565998871,295.3819976806641,293.90399780273435,0.17822613637104845,39.281383013169595,302.010009765625,-0.03132353785226427,Below 50-day average
2019-08-14,288.07000732421875,288.739990234375,283.760009765625,283.8999938964844,256.3305358886719,135622100,1.59,-0.029567575653449696,0.05629350560431168,294.6899978637695,293.97139770507806,0.20420983396317746,33.46341555156428,302.010009765625,-0.05996495243053335,Below 50-day average
2019-08-15,284.8800048828125,285.6400146484375,282.3900146484375,284.6499938964844,257.0077514648437,99556600,1.52,0.002641775329778495,0.05908399572842238,293.98099822998046,294.0051977539062,0.20384713322346537,31.69545202679525,302.010009765625,-0.0574815910327372,Below 50-day average
2019-08-16,286.4800109863281,289.3299865722656,284.7099914550781,288.8500061035156,260.7998962402344,83018300,1.55,0.014755005435055812,0.07471078584157587,293.5649978637695,294.08619812011716,0.21218819947835157,37.65420147478876,302.010009765625,-0.043574726785785,Below 50-day average
2019-08-19,292.19000244140625,293.0799865722656,291.44000244140625,292.3299865722656,263.94189453125,53571800,1.6,0.012047707790260098,0.0876585873484359,293.28649749755857,294.1797979736328,0.2171339497977515,42.2040284838627,302.010009765625,-0.03205199457088048,Below 50-day average
2019-08-20,291.7699890136719,292.3599853515625,289.95001220703125,290.0899963378906,261.9194641113281,51596400,1.55,-0.00766254006521927,0.07932435984559882,292.7894973754883,294.20219787597654,0.21625640754860448,43.043965394077055,302.010009765625,-0.03946893494353021,Below 50-day average
2019-08-21,292.4800109863281,292.8599853515625,291.7200012207031,292.45001220703125,264.0502319335937,49524700,1.59,0.008135461060131632,0.08810516114637412,292.33999786376955,294.27319824218745,0.2179202472559518,47.72512187002738,302.010009765625,-0.03165457186671661,Below 50-day average
2019-08-22,293.2300109863281,293.92999267578125,290.3999938964844,292.3599853515625,263.9688415527344,51666400,1.62,-0.0003078367300768381,0.08777020241158717,291.95799713134767,294.35259765624994,0.21758500657828014,49.74205361651729,302.010009765625,-0.031952664156898014,Below 50-day average
2019-08-23,290.9200134277344,292.760009765625,283.4700012207031,284.8500061035156,257.18829345703125,149161500,1.52,-0.025687438857325606,0.05982817184631872,291.09999694824216,294.25799804687495,0.23189131527164708,51.04866598104068,302.010009765625,-0.056819320907364634,Below 50-day average
2019-08-26,287.2699890136719,288.0,285.5799865722656,288.0,260.0323486328125,72423800,1.54,0.011058430152673493,0.07154820765851677,290.42699737548827,294.23279785156245,0.23707485626014876,50.207137881643796,302.010009765625,-0.046389223246267486,Below 50-day average
2019-08-27,289.5400085449219,289.95001220703125,286.0299987792969,286.8699951171875,259.0121765136719,66668900,1.49,-0.003923628065321205,0.06734385103760321,289.7344970703125,294.18279785156244,0.23715520057709763,48.883014821861856,302.010009765625,-0.05013083725333112,Below 50-day average
2019-08-28,286.1400146484375,289.07000732421875,285.25,288.8900146484375,260.8359375,59696700,1.47,0.007041585267308248,0.07485964377422172,289.3074981689453,294.11259826660154,0.23700337200110413,44.81475335686776,302.010009765625,-0.04344225255106371,Below 50-day average
2019-08-29,291.7200012207031,293.1600036621094,290.6099853515625,292.5799865722656,264.16754150390625,57899400,1.5,0.012772929962008517,0.08858875072313932,289.1944976806641,294.102998046875,0.24039837655496135,51.014791038276044,302.010009765625,-0.031224207438281804,Below 50-day average
2019-08-30,294.2200012207031,294.239990234375,291.4200134277344,292.45001220703125,264.0502319335937,62901200,1.5,-0.0004442353243538921,0.0881051611463739,289.1859985351563,294.03479858398435,0.238873267836866,54.990896180290406,302.010009765625,-0.03165457186671661,Below 50-day average
2019-09-03,290.57000732421875,291.5799865722656,289.2699890136719,290.739990234375,262.50634765625,69101400,1.47,-0.0058472282485175775,0.08174276191076113,289.53199768066406,293.9695983886719,0.21231728674495626,47.798591336003774,302.010009765625,-0.03731670860842029,Below 50-day average
2019-09-04,293.1400146484375,294.0599975585937,292.3099975585937,294.0400085449219,265.4858093261719,46887300,1.47,0.01135041074977905,0.09402098658404867,289.84399871826173,293.97759826660155,0.2103949028021925,64.17786895878422,302.010009765625,-0.0263898578291768,Above 50-day average
2019-09-05,296.7900085449219,298.8299865722656,294.0,297.82000732421875,268.8988037109375,83258100,1.57,0.012855389298900066,0.10808505226775345,290.3364990234375,294.1187982177734,0.2144227012284523,66.97603831729305,302.010009765625,-0.013873720426213376,Above 50-day average
2019-09-06,298.1700134277344,298.760009765625,297.4200134277344,298.04998779296875,269.1064453125,49584300,1.55,0.0007722129578071613,0.10894072990346704,290.55799865722656,294.27039794921876,0.20378633106908903,63.210780898192,302.010009765625,-0.013112220935092234,Above 50-day average
2019-09-09,299.1400146484375,299.239990234375,297.1600036621094,298.20001220703125,269.24188232421875,51260300,1.63,0.0005033531964668825,0.10949891876455631,290.8869995117187,294.4043981933594,0.20179380610027003,59.32045374152627,302.010009765625,-0.012615467816945891,Above 50-day average
2019-09-10,297.3599853515625,298.20001220703125,295.9700012207031,298.1300048828125,269.1785888671875,57947100,1.72,-0.000234766335858283,0.10923844576875918,291.38999938964844,294.50699829101563,0.19566165749144135,63.7107745022425,302.010009765625,-0.01284727246564965,Above 50-day average
2019-09-11,298.4700012207031,300.3399963378906,297.75,300.25,271.0928039550781,68821100,1.75,0.007110975354596816,0.11712621301899206,291.775,294.59879821777344,0.19000009478603144,63.41125035943137,302.010009765625,-0.005827653748929906,Above 50-day average
2019-09-12,301.25,302.4599914550781,300.4100036621094,301.2900085449219,272.0318603515625,72908700,1.79,0.0034638086425373693,0.12099572445045226,292.6445007324219,294.69599853515626,0.150802287398434,64.86850408984343,302.010009765625,-0.0023840309838136786,Above 50-day average
2019-09-13,301.7799987792969,302.1700134277344,300.67999267578125,301.0899963378906,271.8511962890625,62104800,1.9,-0.0006638527709471598,0.12025154833255591,293.4665008544922,294.7417987060547,0.15136770920312895,85.73936520302489,302.010009765625,-0.0030463011091862446,Above 50-day average
2019-09-16,299.8399963378906,301.1400146484375,299.45001220703125,300.1600036621094,271.01153564453125,58191200,1.84,-0.0030887531538497104,0.1167913678295387,294.03200073242186,294.77579895019534,0.14591538429600384,79.65850136584567,302.010009765625,-0.00612564499087731,Above 50-day average
2019-09-17,299.94000244140625,301.0199890136719,299.75,300.9200134277344,271.6976928710937,41475500,1.81,0.0025320154462702416,0.11961910082314442,294.4615020751953,294.8577990722656,0.14101972855771394,84.89814605659916,302.010009765625,-0.00360913977234234,Above 50-day average
2019-09-18,300.489990234375,301.2200012207031,298.239990234375,301.1000061035156,271.8602294921875,73375800,1.8,0.0005981412593034641,0.12028879120205094,295.0120025634766,294.9359991455078,0.13689966048721727,83.37885661750596,302.010009765625,-0.003013157288447421,Above 50-day average
2019-09-19,301.5299987792969,302.6300048828125,300.7099914550781,301.0799865722656,271.8421630859375,76560500,1.79,-6.648798021979818e-05,0.12021430546306111,295.4435012817383,294.9853991699219,0.1350276908848146,79.06965579142923,302.010009765625,-0.003079444929925068,Above 50-day average
2019-09-20,300.3599853515625,300.6700134277344,297.4100036621094,298.2799987792969,270.5577697753906,89565000,1.74,-0.009299813730052398,0.10979652108451465,295.739501953125,294.9647991943359,0.14028551747115545,66.85934965520042,302.010009765625,-0.0123506203957372,Above 50-day average
2019-09-23,297.54998779296875,299.0,297.2699890136719,298.2099914550781,270.4942321777344,43476800,1.72,-0.00023470338106901245,0.10953604808871753,296.4075012207031,294.91599914550784,0.09898099204487204,73.86573482755192,302.010009765625,-0.012582425044440959,Above 50-day average
2019-09-24,299.4100036621094,299.8399963378906,294.8099975585937,295.8699951171875,268.3717346191406,94869400,1.64,-0.007846807300026737,0.10082973252693206,296.8010009765625,294.8183990478516,0.09957288032723198,56.22866734668016,302.010009765625,-0.020330500479777025,Above 50-day average
2019-09-25,295.9599914550781,298.1099853515625,294.3299865722656,297.6199951171875,269.9591979980469,71854000,1.73,0.005914759958362437,0.1073408761498571,297.3385009765625,294.7751989746094,0.09875978846561316,49.21006450617582,302.010009765625,-0.014535990551585942,Above 50-day average
2019-09-26,297.6300048828125,297.8599853515625,295.45001220703125,297.0,269.39678955078125,56179700,1.7,-0.0020831769617608575,0.10503408914784562,297.74400024414064,294.76039916992187,0.0977152517458742,45.97707331674555,302.010009765625,-0.016588886472713393,Above 50-day average
2019-09-27,297.8299865722656,297.95001220703125,293.69000244140625,295.3999938964844,267.9454345703125,84746600,1.69,-0.005387225937763085,0.09908102084067605,297.88500061035154,294.6917993164063,0.09070057917663804,40.34478476734079,302.010009765625,-0.021886744330992025,Above 50-day average
2019-09-30,295.9700012207031,297.54998779296875,295.9200134277344,296.7699890136719,269.1881408691406,51662400,1.68,0.004637762848660021,0.10417829796679823,298.1009994506836,294.683798828125,0.09178981032930396,45.69615730054951,302.010009765625,-0.017350487012068427,Above 50-day average
2019-10-01,297.739990234375,298.4599914550781,293.0,293.239990234375,265.98614501953125,88242400,1.65,-0.011894729622186517,0.0910443956577971,298.2259994506836,294.5905987548828,0.09972151946566195,29.63393138962084,302.010009765625,-0.02903883728243306,Below 50-day average
2019-10-02,291.5,291.510009765625,286.6400146484375,288.0599975585937,261.2876281738281,122539500,1.6,-0.017664687110517052,0.07177143778481887,297.9269989013672,294.35119873046875,0.11027239768818592,19.016376571083015,302.010009765625,-0.04619056241830266,Below 50-day average
2019-10-03,287.8099975585937,290.45001220703125,284.82000732421875,290.4200134277344,263.42828369140625,85278800,1.54,0.008192792783248581,0.08055223908559439,297.55699920654297,294.1307989501953,0.1035364390201605,27.30757448310966,302.010009765625,-0.03837619934148884,Below 50-day average
2019-10-04,291.1400146484375,294.6300048828125,291.0799865722656,294.3500061035156,266.9930114746094,65091200,1.52,0.013532100041580453,0.09517438008505441,297.3720001220703,294.01779907226563,0.11597978157600615,39.04187963346691,302.010009765625,-0.025363409868613074,Above 50-day average
2019-10-07,293.4700012207031,295.260009765625,292.7699890136719,293.0799865722656,265.8410339355469,59610500,1.56,-0.004314657737100158,0.0904490774725466,297.11599884033205,293.8391986083984,0.11663153816791891,35.492188770623684,302.010009765625,-0.029568633173084335,Below 50-day average
2019-10-08,291.0400085449219,291.8500061035156,288.489990234375,288.5299987792969,261.7139587402344,95708100,1.54,-0.015524730453905788,0.0735201494710751,296.63599853515626,293.5805987548828,0.12768383459005916,29.977697581539033,302.010009765625,-0.04463431856708755,Below 50-day average
2019-10-09,290.75,292.29998779296875,290.0599975585937,291.2699890136719,264.19921875,62359400,1.59,0.009496379045393022,0.08371470372331946,296.18699798583987,293.3915985107422,0.1301012261603252,35.62005017374722,302.010009765625,-0.035561803929240354,Below 50-day average
2019-10-10,291.17999267578125,294.2099914550781,291.0,293.239990234375,265.98614501953125,55296300,1.67,0.006763488498674919,0.0910443956577971,295.7844970703125,293.30779846191405,0.13227503788597517,42.42787149971713,302.010009765625,-0.02903883728243306,Below 50-day average
2019-10-11,296.2699890136719,298.739990234375,296.1400146484375,296.2799987792969,268.7436218261719,98720400,1.76,0.010366964418775604,0.10235521408688597,295.5439971923828,293.3365985107422,0.13864294196841206,47.33794113685346,302.010009765625,-0.018972917456527072,Above 50-day average
2019-10-14,295.92999267578125,296.6700134277344,295.57000732421875,295.95001220703125,268.4443054199219,40394800,1.76,-0.0011137659431119662,0.1011274483922242,295.33349761962893,293.40319885253905,0.13838157438025495,50.116847419196134,302.010009765625,-0.020065552010334442,Above 50-day average
2019-10-15,297.1000061035156,299.70001220703125,296.9700012207031,298.8800048828125,271.10205078125,46754500,1.77,0.009900295843649376,0.11202893589286989,295.2314971923828,293.70439880371094,0.14303615964152847,51.77867077014273,302.010009765625,-0.010363911067853504,Above 50-day average
2019-10-16,298.3699951171875,299.1600036621094,297.9200134277344,298.3999938964844,270.6666564941406,48928200,1.75,-0.0016060324494318046,0.11024298133711885,295.09649658203125,293.91639892578127,0.1430662900656549,51.984118402671136,302.010009765625,-0.011953298739807217,Above 50-day average
2019-10-17,299.67999267578125,300.239990234375,298.5199890136719,299.2799987792969,271.46484375,45736600,1.76,0.002949078085831891,0.11351717458332877,295.0064971923828,294.1425988769531,0.14356235736749376,55.6134333867273,302.010009765625,-0.009039471865342263,Above 50-day average
2019-10-18,298.69000244140625,299.3999938964844,297.0299987792969,297.9700012207031,270.2766418457031,64304000,1.76,-0.0043771637394312,0.10864312758350869,294.9909973144531,294.22959899902344,0.14048192784190955,51.73914812613224,302.010009765625,-0.013377068356300925,Above 50-day average
2019-10-21,299.4200134277344,300.2099914550781,298.94000244140625,299.989990234375,272.10888671875,39048600,1.8,0.00677916906197451,0.1161588067747934,295.07999725341796,294.39699890136717,0.14252750615865048,60.23037586862726,302.010009765625,-0.006688584702267408,Above 50-day average
2019-10-22,300.5799865722656,300.8999938964844,298.9100036621094,299.010009765625,271.2198791503906,48594700,1.78,-0.0032667105591902557,0.11251263901496888,295.2369979858398,294.6157989501953,0.13994374007847526,69.01705551256644,302.010009765625,-0.009933445591184697,Above 50-day average
2019-10-23,298.7300109863281,299.94000244140625,298.5,299.8800048828125,272.0090026855469,34352200,1.77,0.002909585260605363,0.115749589391684,295.3499984741211,294.7623992919922,0.13882211267926142,67.32601879125608,302.010009765625,-0.007052762537458568,Above 50-day average
2019-10-24,300.9100036621094,301.07000732421875,299.4599914550781,300.3699951171875,272.4535827636719,35453100,1.77,0.001633954336390353,0.11757267327159626,295.5184982299805,295.09179931640625,0.13856181004213722,62.61525651569433,302.010009765625,-0.005430332092999923,Above 50-day average
2019-10-25,299.739990234375,302.20001220703125,299.67999267578125,301.6000061035156,273.5692443847656,45205400,1.8,0.004094986204758122,0.122149117951458,295.82849884033203,295.43079956054686,0.1372084751389029,67.88421230647815,302.010009765625,-0.001357583023249953,Above 50-day average
2019-10-28,302.94000244140625,303.8500061035156,302.9100036621094,303.29998779296875,275.1111755371094,42147000,1.85,0.005636543949106176,0.12847416077224216,296.1549987792969,295.71979919433596,0.13759772735798875,85.21705089042601,303.29998779296875,0.0,Above 50-day average
2019-10-29,303.0,304.2300109863281,302.8599853515625,303.2099914550781,275.02960205078125,44284900,1.84,-0.0002967238427720176,0.1281393155827888,296.653498840332,295.93739929199216,0.128928534126856,82.58743844826323,303.29998779296875,-0.0002967238427720176,Above 50-day average
2019-10-30,303.42999267578125,304.54998779296875,301.989990234375,304.1400146484375,275.8731994628906,49643900,1.78,0.003067257740736906,0.1315996096311398,297.4574996948242,296.2183996582031,0.10670642873028131,81.5394804231496,304.1400146484375,0.0,Above 50-day average
2019-10-31,304.1300048828125,304.1300048828125,301.7300109863281,303.3299865722656,275.138427734375,69053800,1.69,-0.0026633393738347833,0.1285857758353932,298.1029983520508,296.4359991455078,0.1063076331711661,73.42190535284837,304.1400146484375,-0.0026633393738347833,Above 50-day average
2019-11-01,304.9200134277344,306.19000244140625,304.739990234375,306.1400146484375,277.68731689453125,71141500,1.73,0.009263931034073414,0.1390409166287685,298.6924987792969,296.7115997314453,0.10123070207605175,79.06441931395625,306.1400146484375,0.0,Above 50-day average
2019-11-04,307.8500061035156,308.0,306.9599914550781,307.3699951171875,278.802978515625,60606900,1.79,0.004017705657205495,0.14361724776329643,299.406999206543,297.16199951171876,0.09864113747974998,76.8161120300433,307.3699951171875,0.0,Above 50-day average
2019-11-05,307.5899963378906,307.9200134277344,306.7099914550781,307.0299987792969,278.4946594238281,42933200,1.86,-0.0011061468044758493,0.14235223919913964,300.33199920654295,297.5425994873047,0.07411654215713548,77.50160465251979,307.3699951171875,-0.0011061468044758493,Above 50-day average
2019-11-06,307.0299987792969,307.3999938964844,306.0599975585937,307.1000061035156,278.5581359863281,46487100,1.81,0.00022801460605514912,0.14261271219493676,301.12350006103514,297.94719970703125,0.07077127966091085,76.2768977087213,307.3699951171875,-0.0008783844160485943,Above 50-day average
2019-11-07,308.57000732421875,309.6499938964844,307.6600036621094,308.17999267578125,279.5377197265625,54272300,1.92,0.003516725987630087,0.14663096801370923,301.8705001831055,298.33299926757815,0.06919467886425446,84.84640173648216,308.17999267578125,0.0,Above 50-day average
2019-11-08,307.79998779296875,309.0,307.0299987792969,308.94000244140625,280.2270812988281,49032100,1.94,0.0024661229920417416,0.14945870100731495,302.5035003662109,298.66019958496094,0.06264973143845441,83.4204720533134,308.94000244140625,0.0,Above 50-day average
2019-11-11,307.4200134277344,308.5400085449219,307.2699890136719,308.3500061035156,279.69189453125,35797300,1.94,-0.0019097440707844804,0.14726352906845452,303.12350006103514,298.97819946289064,0.06325238304019117,85.92297850863294,308.94000244140625,-0.0019097440707844804,Above 50-day average
2019-11-12,308.75,309.989990234375,308.1499938964844,309.0,280.281494140625,46484600,1.92,0.0021079743266363415,0.14968193113361705,303.6294998168945,299.3433996582031,0.056086767956727276,85.68065027604256,309.0,0.0,Above 50-day average
2019-11-13,307.9100036621094,309.5400085449219,307.6600036621094,309.1000061035156,280.3721618652344,53917700,1.88,0.00032364434794707186,0.15005401919256522,304.1645004272461,299.644599609375,0.05499851750276036,85.22994012271026,309.1000061035156,0.0,Above 50-day average
2019-11-14,308.7900085449219,309.6400146484375,308.0899963378906,309.54998779296875,280.78033447265625,51219900,1.82,0.001455780267123119,0.1517282451398314,304.67799987792966,299.87919921875,0.054828633891398935,84.23760044370027,309.54998779296875,0.0,Above 50-day average
2019-11-15,311.0199890136719,311.8399963378906,310.260009765625,311.7900085449219,282.8121337890625,62023600,1.84,0.007236378098167684,0.1600625861880023,305.36900024414064,300.15399963378906,0.053247177602855224,84.93819904403804,311.7900085449219,0.0,Above 50-day average
2019-11-18,311.5299987792969,312.2799987792969,311.0299987792969,312.0199890136719,283.02081298828125,49228000,1.81,0.0007376133373333538,0.16091826382371588,305.97050018310546,300.4303991699219,0.050727592242327035,85.84202423520064,312.0199890136719,0.0,Above 50-day average
2019-11-19,312.67999267578125,312.69000244140625,311.2200012207031,311.92999267578125,282.93914794921875,67804700,1.79,-0.00028843132190059517,0.16058341863426273,306.61649932861326,300.70639892578123,0.047656334908511226,84.01733503201011,312.0199890136719,-0.00028843132190059517,Above 50-day average
2019-11-20,311.2799987792969,311.8500061035156,309.0599975585937,310.7699890136719,281.8869323730469,79406200,1.73,-0.0037187948877845933,0.15626744695019812,307.16099853515624,300.9167987060547,0.05182820107609337,81.5254666866669,312.0199890136719,-0.004006153592759798,Above 50-day average
2019-11-21,310.8900146484375,311.010009765625,309.3900146484375,310.2699890136719,281.433349609375,54664700,1.77,-0.0016089069655242927,0.15440712020079106,307.65599822998047,301.09639831542967,0.05321751580767845,71.75970440593375,312.0199890136719,-0.005608615029863762,Above 50-day average
2019-11-22,311.0899963378906,311.239990234375,309.8500061035156,310.9599914550781,282.0592041015625,44850200,1.77,0.0022238774803831074,0.15697438019859944,308.1239974975586,301.2937982177734,0.052476406137224055,70.05588649483587,312.0199890136719,-0.0033972104221415833,Above 50-day average
2019-11-25,311.9800109863281,313.3699951171875,311.9800109863281,313.3699951171875,284.24530029296875,48647200,1.76,0.007750204940617067,0.16594116875618203,308.6274978637695,301.557998046875,0.05513671972297105,78.76589228004198,313.3699951171875,0.0,Above 50-day average
2019-11-26,313.4100036621094,314.2799987792969,313.0599975585937,314.0799865722656,284.8892822265625,37569000,1.74,0.002265665080068091,0.16858280094764666,309.1709976196289,301.8211975097656,0.05469128062171719,79.93137455047975,314.0799865722656,0.0,Above 50-day average
2019-11-27,314.6099853515625,315.4800109863281,314.3699951171875,315.4800109863281,286.15924072265625,44444600,1.77,0.004457540989293074,0.1737918066822537,309.7379974365234,302.1087976074219,0.05534795211608416,80.46749422382763,315.4800109863281,0.0,Above 50-day average
2019-11-29,314.8599853515625,315.1300048828125,314.0599975585937,314.3099975585937,285.0979309082031,36592700,1.78,-0.0037086768954915916,0.16943859212869383,310.28699798583983,302.37339782714844,0.05658600388569466,71.67065685376177,315.4800109863281,-0.0037086768954915916,Above 50-day average
2019-12-02,314.5899963378906,314.6600036621094,311.1700134277344,311.6400146484375,282.676025390625,75767800,1.83,-0.008494743822644257,0.15950451087224682,310.56199798583987,302.6405981445312,0.060438189266961366,61.36837687413134,315.4800109863281,-0.012171916457987653,Above 50-day average
2019-12-03,308.6499938964844,309.6400146484375,307.1300048828125,309.54998779296875,280.78033447265625,73941700,1.72,-0.006706542026788553,0.15172824513983119,310.6709976196289,302.8673980712891,0.0649176409448052,51.72843058272912,315.4800109863281,-0.018796827015504225,Above 50-day average
2019-12-04,310.70001220703125,312.1199951171875,310.32000732421875,311.4599914550781,282.51287841796875,49080000,1.77,0.00617025920668679,0.1588347069480065,310.89249725341796,303.1791979980469,0.0678097683703016,56.65908895203651,315.4800109863281,-0.012742549103766265,Above 50-day average
2019-12-05,312.2300109863281,312.25,310.5799865722656,312.0199890136719,283.02081298828125,40709000,1.8,0.001797975900460047,0.16091826382371566,311.1384963989258,303.4671978759766,0.06788604823869399,56.926513251919104,315.4800109863281,-0.01096748399950509,Above 50-day average
2019-12-06,314.1199951171875,315.3099975585937,314.1099853515625,314.8699951171875,285.6059265136719,48927000,1.84,0.009134049752789197,0.1715221490044032,311.4729965209961,303.8245977783203,0.07355515096645897,58.351358642135686,315.4800109863281,-0.0019336117912303052,Above 50-day average
2019-12-09,314.44000244140625,315.17999267578125,313.79998779296875,313.8800048828125,284.7080078125,34838500,1.83,-0.00314412376449702,0.1678387383750839,311.7199966430664,304.1941979980469,0.07484210619043762,54.84378054731247,315.4800109863281,-0.005071656040943173,Above 50-day average
2019-12-10,313.82000732421875,314.54998779296875,312.8099975585937,313.5299987792969,284.3904724121094,52649800,1.85,-0.001115095253188536,0.16653648694143208,311.97899627685547,304.5293981933594,0.07451236802406787,54.11100151019262,315.4800109863281,-0.006181095914554624,Above 50-day average
2019-12-11,314.0299987792969,314.70001220703125,313.44000244140625,314.4200134277344,285.19775390625,53429100,1.79,0.002838690561996371,0.16984792305713703,312.2499969482422,304.95299865722654,0.0747216488524012,59.510193696129264,315.4800109863281,-0.003359951571193842,Above 50-day average
2019-12-12,314.42999267578125,317.989990234375,314.1700134277344,317.1300048828125,287.6558532714844,96389600,1.9,0.008619017045176092,0.17993086224623034,312.65149688720703,305.5343988037109,0.07954795751705146,66.02803331826473,317.1300048828125,0.0,Above 50-day average
2019-12-13,316.8699951171875,318.6700134277344,316.0199890136719,317.32000732421875,287.82818603515625,81503900,1.82,0.0005991310771003011,0.18063779549463188,313.03999786376954,306.0723986816406,0.07958311675304282,65.21530897871514,317.32000732421875,0.0,Above 50-day average
2019-12-16,319.2200012207031,320.1499938964844,317.25,319.5,289.8055725097656,82749700,1.89,0.0068700133160966015,0.18874879287116686,313.4254974365234,306.5753985595703,0.07922757176318809,64.82823379338447,319.5,0.0,Above 50-day average
2019-12-17,319.9200134277344,320.25,319.4800109863281,319.57000732421875,289.8691101074219,61097700,1.89,0.00021911525577067437,0.18900926586696398,313.8029983520508,307.1051989746094,0.07929200376932012,63.70445421234259,319.57000732421875,0.0,Above 50-day average
2019-12-18,320.0,320.25,319.5299987792969,319.5899963378906,289.88720703125,48133000,1.92,6.254971747576832e-05,0.18908363806062,314.1859985351563,307.72639892578127,0.0792138990076512,61.01871305987001,319.5899963378906,0.0,Above 50-day average
2019-12-19,319.79998779296875,320.9800109863281,319.5199890136719,320.8999938964844,291.0754699707031,85310500,1.92,0.004098994253902477,0.19395768506043987,314.6924987792969,308.3189990234375,0.07758595333002687,67.53590564404425,320.8999938964844,0.0,Above 50-day average
2019-12-20,320.4599914550781,321.9700012207031,319.3900146484375,320.7300109863281,292.3515625,147142100,1.92,-0.0005297068039554764,0.19332523755102837,315.2154998779297,308.8687994384766,0.07708386398579753,77.90052661060227,320.8999938964844,-0.0005297068039554764,Above 50-day average
2019-12-23,321.5899963378906,321.6499938964844,321.0599975585937,321.2200012207031,292.7982177734375,52990000,1.93,0.001527734286131066,0.19514832143094063,315.72850036621094,309.3675994873047,0.07705717256016692,89.72102019066772,321.2200012207031,0.0,Above 50-day average
2019-12-24,321.4700012207031,321.5199890136719,320.8999938964844,321.2300109863281,292.8074035644531,20270000,1.9,3.116171342676388e-05,0.19518556430043543,316.12150115966796,309.8731994628906,0.07373295856256278,88.1940434548153,321.2300109863281,0.0,Above 50-day average
2019-12-26,321.6499938964844,322.95001220703125,321.6400146484375,322.94000244140625,294.3660888671875,30911200,1.9,0.005323261826712944,0.2015478499907144,316.564501953125,310.3543994140625,0.07507829886846581,89.16798931663693,322.94000244140625,0.0,Above 50-day average
2019-12-27,323.739990234375,323.79998779296875,322.2799987792969,322.8599853515625,294.2931213378906,42528800,1.88,-0.0002477769531146201,0.20125013412542225,316.9335006713867,310.8435992431641,0.07439358024866093,85.76545415799222,322.94000244140625,-0.0002477769531146201,Above 50-day average
2019-12-30,322.95001220703125,323.1000061035156,320.54998779296875,321.0799865722656,292.6706237792969,49729100,1.9,-0.005513222015910757,0.19462737543934616,317.2720001220703,311.27959899902345,0.0762157230817216,80.1002794044475,322.94000244140625,-0.005759632919672408,Above 50-day average
2019-12-31,320.5299987792969,322.1300048828125,320.1499938964844,321.8599853515625,293.38153076171875,57077300,1.92,0.0024292974084865193,0.1975294806266079,317.7829986572266,311.7573986816406,0.06737057724474468,83.61580807645414,322.94000244140625,-0.0033443273725115574,Above 50-day average
2020-01-02,323.5400085449219,324.8900146484375,322.5299987792969,324.8699951171875,296.1252746582031,59151200,1.88,0.009351922893854558,0.20872868399254574,318.5489990234375,312.2549987792969,0.06511342380786748,86.00963692232624,324.8699951171875,0.0,Above 50-day average
2020-01-03,321.1600036621094,323.6400146484375,321.1000061035156,322.4100036621094,293.88299560546875,77709700,1.8,-0.007572233484322677,0.19957590817815607,319.09649963378905,312.7229986572266,0.07248779533023184,68.51334664466658,324.8699951171875,-0.007572233484322677,Above 50-day average
2020-01-06,320.489990234375,323.7300109863281,320.3599853515625,323.6400146484375,295.0041809082031,55653900,1.81,0.0038150521769082513,0.2041523528580178,319.67750091552733,313.19819885253906,0.07286218708574697,70.6536351850005,324.8699951171875,-0.003786069773252909,Above 50-day average
2020-01-07,323.0199890136719,323.5400085449219,322.239990234375,322.7300109863281,294.17462158203125,40496400,1.83,-0.0028117773480448305,0.20076654454865683,320.07050170898435,313.64539916992186,0.06925019468563226,61.511087909339075,324.8699951171875,-0.006587201536071174,Above 50-day average
2020-01-08,322.94000244140625,325.7799987792969,322.6700134277344,324.45001220703125,295.742431640625,68296000,1.87,0.005329536027487647,0.20716607310843083,320.5990020751953,314.1023992919922,0.06866061709699481,65.56124732873752,324.8699951171875,-0.0012927722364903804,Above 50-day average
2020-01-09,326.1600036621094,326.7300109863281,325.5199890136719,326.6499938964844,297.7477722167969,48473300,1.85,0.006780649119067839,0.21535144267862205,321.2550018310547,314.5693994140625,0.07012313103431837,69.76484700189326,326.6499938964844,0.0,Above 50-day average
2020-01-10,327.2900085449219,327.4599914550781,325.20001220703125,325.7099914550781,296.8910522460937,53029300,1.83,-0.002877705369570993,0.21185401930611003,321.8195007324219,315.0193994140625,0.0721877527473197,63.750715392453834,326.6499938964844,-0.002877705369570993,Above 50-day average
2020-01-13,326.3900146484375,327.9599914550781,325.9200134277344,327.95001220703125,298.93280029296875,47086800,1.85,0.006877347366428754,0.2201883603542809,322.3605010986328,315.4955993652344,0.07023610255615059,68.45600934872525,327.95001220703125,0.0,Above 50-day average
2020-01-14,327.4700012207031,328.6199951171875,326.8399963378906,327.45001220703125,298.47705078125,62832800,1.82,-0.0015246225991427664,0.21832803360487385,322.86700134277345,315.9779998779297,0.07107243840119262,65.91721752581982,327.95001220703125,-0.0015246225991427664,Above 50-day average
2020-01-15,327.3500061035156,329.0199890136719,327.260009765625,328.19000244140625,299.15155029296875,72056600,1.79,0.0022598570981489097,0.22108128085948953,323.30150146484374,316.41899963378904,0.06835502927666276,67.14282063347218,328.19000244140625,0.0,Above 50-day average
2020-01-16,329.70001220703125,330.9200134277344,329.45001220703125,330.9200134277344,301.6400146484375,54050300,1.81,0.008318385587676502,0.23123870578757266,323.8690017700195,316.89,0.0724959814327642,68.71481431117282,330.9200134277344,0.0,Above 50-day average
2020-01-17,331.70001220703125,332.17999267578125,330.8500061035156,331.95001220703125,302.5788269042969,95846000,1.84,0.0031125309364881115,0.23507097434953805,324.48700256347655,317.3884002685547,0.07235906280421683,70.40866386020303,331.95001220703125,0.0,Above 50-day average
2020-01-21,330.8999938964844,332.17999267578125,330.82000732421875,331.29998779296875,301.98638916015625,77742400,1.78,-0.001958199699227836,0.23265245873904172,325.00700225830076,317.8723999023438,0.07311795226371165,74.17213667341785,331.95001220703125,-0.001958199699227836,Above 50-day average
2020-01-22,332.239990234375,332.95001220703125,331.1700134277344,331.3399963378906,302.0229187011719,48914900,1.77,0.00012076228915192111,0.2328013166716878,325.5375015258789,318.3355999755859,0.07290208629134927,73.23525847870283,331.95001220703125,-0.0018376738867542652,Above 50-day average
2020-01-23,330.6300048828125,332.1700134277344,329.4100036621094,331.7200012207031,302.3692321777344,51963000,1.74,0.0011468729613461903,0.23421518316849044,326.06250152587893,318.79119995117185,0.07292230058690387,69.27402028889435,331.95001220703125,-0.000692908503900469,Above 50-day average
2020-01-24,332.44000244140625,332.5299987792969,327.3599853515625,328.7699890136719,299.68017578125,87578400,1.7,-0.008893079091328304,0.2232392099288547,326.4395004272461,319.199599609375,0.08183622667437834,67.41500737031751,331.95001220703125,-0.009579825505100614,Above 50-day average
2020-01-27,323.0299987792969,325.1199951171875,322.6600036621094,323.5,294.87652587890625,84062500,1.61,-0.016029410194896898,0.20363140686642356,326.4675003051758,319.489599609375,0.10045607546470006,49.68606649806768,331.95001220703125,-0.025455676747380696,Above 50-day average
2020-01-28,325.0599975585937,327.8500061035156,323.6000061035156,326.8900146484375,297.96661376953125,63834000,1.65,0.010479179747874712,0.21624447672916403,326.6690017700195,319.84539978027345,0.10696116826620045,58.39385314898035,331.95001220703125,-0.015243251611745445,Above 50-day average
2020-01-29,328.3800048828125,328.6300048828125,326.3999938964844,326.6199951171875,297.720458984375,53888900,1.6,-0.0008260256329346571,0.21523982761547056,326.9460021972656,320.1867999267578,0.10465276069292573,54.6506121808288,331.95001220703125,-0.016056685928119596,Above 50-day average
2020-01-30,324.3599853515625,327.9100036621094,323.5400085449219,327.67999267578125,298.68658447265625,75491800,1.57,0.003245354156022895,0.219183711240587,327.23700256347655,320.504599609375,0.10485326147795872,52.32085267319924,331.95001220703125,-0.012863441404505349,Above 50-day average
2020-01-31,327.0,327.1700134277344,320.7300109863281,321.7300109863281,293.2630920410156,113845600,1.51,-0.018157903510881312,0.19704589104984227,327.0800033569336,320.6988000488281,0.11989443221193201,42.683879132764574,331.95001220703125,-0.03078777178754577,Above 50-day average
2020-02-03,323.3500061035156,326.1600036621094,323.2200012207031,324.1199951171875,295.44171142578125,69083000,1.54,0.0074285396116215985,0.20593819386843482,327.1655029296875,320.9426000976562,0.11991335697961543,42.9981499789111,331.95001220703125,-0.023587940358201664,Above 50-day average
2020-02-04,328.07000732421875,330.010009765625,327.7200012207031,329.0599975585937,299.9445495605469,62573200,1.61,0.015241276427947925,0.22431823123620398,327.43650207519534,321.3084002685547,0.13073692609657633,52.53221669277785,331.95001220703125,-0.008706174249618948,Above 50-day average
2020-02-05,332.2699890136719,333.0899963378906,330.6700134277344,332.8599853515625,303.4083557128906,65951100,1.66,0.011548008938072618,0.238456669113565,327.94300079345703,321.7602001953125,0.13524241194542275,56.70011191226359,332.8599853515625,0.0,Above 50-day average
2020-02-06,333.9100036621094,334.19000244140625,332.79998779296875,333.9800109863281,304.4292297363281,50359700,1.65,0.0033648551464744436,0.24262389641031734,328.41950073242185,322.2206005859375,0.13469889161432738,54.602877314751055,333.9800109863281,0.0,Above 50-day average
2020-02-07,332.82000732421875,333.989990234375,331.6000061035156,332.20001220703125,302.80670166015625,64139400,1.59,-0.005329656628371482,0.23600113772424125,328.6970016479492,322.5972009277344,0.1352398662560143,50.36775466741367,333.9800109863281,-0.005329656628371482,Above 50-day average
2020-02-10,331.2300109863281,334.75,331.19000244140625,334.67999267578125,305.0673522949219,42070000,1.56,0.007465323231850007,0.24522828573228717,329.1455017089844,323.0092010498047,0.13640934633983112,54.718040468583595,334.67999267578125,0.0,Above 50-day average
2020-02-11,336.1600036621094,337.0199890136719,334.67999267578125,335.260009765625,305.5959167480469,54864500,1.59,0.001733049786473595,0.24738632834698637,329.51100158691406,323.4048010253906,0.13488055527934756,55.39055516620574,335.260009765625,0.0,Above 50-day average
2020-02-12,336.8299865722656,337.6499938964844,336.42999267578125,337.4200134277344,307.5649108886719,43992700,1.62,0.006442771577855,0.2554229535298653,330.0095016479492,323.86700134277345,0.13575723963688768,57.47248298089572,337.4200134277344,0.0,Above 50-day average
2020-02-13,335.8599853515625,338.1199951171875,335.5599975585937,337.0599975585937,307.2366638183594,54501900,1.61,-0.0010669665544832396,0.2540834592267185,330.45300140380857,324.3754010009766,0.13603517742451451,61.659640330568195,337.4200134277344,-0.0010669665544832396,Above 50-day average
2020-02-14,337.510009765625,337.7300109863281,336.20001220703125,337.6000061035156,307.7289123535156,64582200,1.59,0.0016021140118476218,0.25609264390877184,330.78700103759763,324.9364013671875,0.13355110033124132,72.87473846705295,337.6000061035156,0.0,Above 50-day average
2020-02-18,336.510009765625,337.6700134277344,335.2099914550781,336.7300109863281,306.93585205078125,57226200,1.55,-0.0025769997081124263,0.2528556935320567,331.0260009765625,325.4418017578125,0.1339029174935613,67.3851412919818,337.6000061035156,-0.0025769997081124263,Above 50-day average
2020-02-19,337.7900085449219,339.0799865722656,337.4800109863281,338.3399963378906,308.40350341796875,48814700,1.56,0.00478123511131856,0.2588458911633875,331.3780014038086,325.96820190429685,0.13423230515950546,69.77059294121031,338.3399963378906,0.0,Above 50-day average
2020-02-20,337.739990234375,338.6400146484375,333.67999267578125,336.95001220703125,307.136474609375,74163400,1.52,-0.004108246574168639,0.2536742418436093,331.65850219726565,326.40980224609376,0.13546930694015002,65.46551316829178,338.3399963378906,-0.004108246574168639,Above 50-day average
2020-02-21,335.4700012207031,335.8099975585937,332.5799865722656,333.4800109863281,303.9735107421875,113788200,1.46,-0.010298267087080704,0.2407635696609105,331.7465026855469,326.8018023681641,0.141137292563725,71.37141537669065,338.3399963378906,-0.014364205840769029,Above 50-day average
2020-02-24,323.1400146484375,333.5599975585937,321.239990234375,322.4200134277344,293.8921203613281,161088400,1.38,-0.03316539880720826,0.1996131510476511,331.42900390625,326.9796026611328,0.18238265882376417,47.64936184003424,338.3399963378906,-0.04705321003271934,Below 50-day average
2020-02-25,323.94000244140625,324.6099853515625,311.69000244140625,312.6499938964844,284.9864807128906,218913200,1.33,-0.030302149756096908,0.16326229369522194,330.8865036010742,326.9442022705078,0.20384782753287325,29.982928331004402,338.3399963378906,-0.07592954637189975,Below 50-day average
2020-02-26,314.17999267578125,318.1099853515625,310.70001220703125,311.5,283.93829345703125,194773800,1.33,-0.0036782149973914047,0.15898356488065235,330.1170028686523,326.83160217285155,0.19883091620199383,22.14401357609418,338.3399963378906,-0.07932847617308092,Below 50-day average
2020-02-27,305.4599914550781,311.5599975585937,297.510009765625,297.510009765625,271.1861267089844,284353500,1.3,-0.044911686145666097,0.10693165876674726,328.66150360107423,326.4354022216797,0.24952006453419803,14.39171323364225,338.3399963378906,-0.12067738669444761,Below 50-day average
2020-02-28,288.70001220703125,297.8900146484375,285.5400085449219,296.260009765625,270.0467529296875,384975800,1.13,-0.004201539306138757,0.1022808418932295,327.0905044555664,325.97060241699216,0.24783394851551352,14.542218197102244,338.3399963378906,-0.12437189521702752,Below 50-day average
2020-03-02,298.2099914550781,309.1600036621094,294.4599914550781,309.0899963378906,281.74151611328125,238703600,1.1,0.043306508301324875,0.15001677632306998,326.45850372314453,325.7610021972656,0.2956726996311561,29.034903449341513,338.3399963378906,-0.08645149942837038,Below 50-day average
2020-03-03,309.5,313.8399963378906,297.57000732421875,300.239990234375,273.674560546875,300139100,1.02,-0.02863245724019159,0.1170889701494966,325.2645034790039,325.37400207519534,0.3081313522398667,24.73302619051607,338.3399963378906,-0.1126086378078287,Below 50-day average
2020-03-04,306.1199951171875,313.1000061035156,303.3299865722656,312.8599853515625,285.177978515625,176613400,1.02,0.04203302533861675,0.16404359913727973,324.45450286865236,325.21320190429685,0.3426475842953894,34.60378982810903,338.3399963378906,-0.07530889419553566,Below 50-day average
2020-03-05,304.9800109863281,308.4700012207031,300.010009765625,302.4599914550781,275.6981506347656,186366800,0.92,-0.033241687602835635,0.12534882545867787,322.93450317382815,324.84780151367187,0.35529122995419893,30.734954028203333,338.3399963378906,-0.10604718706380833,Below 50-day average
2020-03-06,293.1499938964844,298.7799987792969,290.2300109863281,297.4599914550781,271.1406555175781,228667200,0.74,-0.016531112018967953,0.10674555796460639,321.10850219726564,324.3726013183594,0.35643800933834285,28.707810056625576,338.3399963378906,-0.12082522115412797,Below 50-day average
2020-03-09,275.29998779296875,284.19000244140625,273.45001220703125,274.2300109863281,249.9658966064453,309417300,0.54,-0.07809447030209493,0.020314849856164052,318.21000213623046,323.4326013183594,0.4397352026187099,23.20355199479144,338.3399963378906,-0.18948390981105778,Below 50-day average
2020-03-10,284.6400146484375,288.5199890136719,273.5,288.4200134277344,262.9004821777344,276444100,0.76,0.05174489250964487,0.07311093208796571,315.8970031738281,322.74220153808596,0.48745634449778086,30.68111386367802,338.3399963378906,-0.1475438418468935,Below 50-day average
2020-03-11,280.70001220703125,281.94000244140625,270.8800048828125,274.3599853515625,250.0843963623047,255316300,0.82,-0.04874844817138435,0.020798439432929472,312.852001953125,321.77220153808594,0.5080205110637689,27.941062589109094,338.3399963378906,-0.18909975669099754,Below 50-day average
2020-03-12,256.0,266.6600036621094,247.67999267578125,248.1100006103516,226.15707397460932,392220700,0.88,-0.09567716191402476,-0.0768686581382787,308.38650131225586,320.3128018188477,0.5885105527243011,24.07530475183684,338.3399963378906,-0.2666843905661951,Below 50-day average
2020-03-13,263.0899963378906,271.4800109863281,248.5200042724609,269.32000732421875,245.49038696289065,329566100,0.94,0.08548630309818406,0.0020464275515457153,304.99950180053713,319.26200225830075,0.686863489829218,34.8112100080903,338.3399963378906,-0.20399595011150728,Below 50-day average
2020-03-16,241.17999267578125,256.8999938964844,237.3600006103516,239.8500061035156,218.6279296875,297240000,0.73,-0.10942373540494499,-0.10760123560032497,300.1120018005371,317.56160247802734,0.7695200775116304,31.285347245376258,338.3399963378906,-0.29109768664777025,Below 50-day average
2020-03-17,245.0399932861328,256.1700134277344,237.07000732421875,252.8000030517578,230.43212890625,262070500,1.02,0.05399206428476466,-0.05941878414521318,295.9155014038086,316.1694024658203,0.8076768494486446,35.77314474956685,338.3399963378906,-0.2528225873736383,Below 50-day average
2020-03-18,236.25,248.3699951171875,228.0200042724609,240.0,218.7646026611328,327597100,1.18,-0.05063292285300003,-0.10704316028456962,290.9985015869141,314.49660217285157,0.8154263048871475,35.980689904723135,338.3399963378906,-0.290654363664653,Below 50-day average
2020-03-19,239.25,247.3800048828125,232.22000122070312,240.509994506836,219.2294769287109,289322000,1.12,0.002124977111816584,-0.10514564743833421,286.1765007019043,312.8522018432617,0.8169058741269601,36.36051750423022,338.3399963378906,-0.2891470204230734,Below 50-day average
2020-03-20,242.52999877929688,244.47000122070312,228.5,228.8000030517578,209.781982421875,347158800,0.92,-0.048688169816349824,-0.14871446811675637,280.94250030517577,310.93920166015624,0.8250249851903403,30.248462653425918,338.3399963378906,-0.32375715100717295,Below 50-day average
2020-03-23,228.19000244140625,229.67999267578125,218.259994506836,222.9499969482422,204.418212890625,326025200,0.76,-0.025568208153355143,-0.17048031379388684,275.9689994812012,308.8652017211914,0.8235342680661992,30.701623177146075,338.3399963378906,-0.3410474689324394,Below 50-day average
2020-03-24,234.4199981689453,244.1000061035156,233.8000030517578,243.1499938964844,222.9392242431641,235494500,0.84,0.09060326182884704,-0.09532312447237135,272.4939994812012,307.21400177001954,0.9053604827926557,33.22908243300135,338.3399963378906,-0.28134422022734384,Below 50-day average
2020-03-25,244.8699951171875,256.3500061035156,239.75,246.7899932861328,226.2766571044922,299430300,0.88,0.014970180880193862,-0.08177994800759414,269.2584991455078,305.5908013916016,0.9097527740939826,36.15656230024871,338.3399963378906,-0.27058581321355046,Below 50-day average
2020-03-26,249.5200042724609,262.79998779296875,249.0500030517578,261.20001220703125,239.4888610839844,257632800,0.83,0.05838980231338309,-0.028165260691573213,267.4429992675781,304.26580139160154,0.9308352722841211,41.38636037737518,338.3399963378906,-0.2279954630425125,Below 50-day average
2020-03-27,253.2700042724609,260.8099975585937,251.0500030517578,253.4199981689453,232.35557556152344,224341200,0.72,-0.029785657253030173,-0.05711199714320192,265.30099868774414,302.77040130615234,0.93502335871854,44.664921277951265,338.3399963378906,-0.2509901255781125,Below 50-day average
2020-03-30,255.6999969482422,262.42999267578125,253.52999877929688,261.6499938964844,239.90142822265625,171369500,0.7,0.03247571536186511,-0.02649103474430714,262.92899856567385,301.38500091552737,0.9281954743548658,42.92060766559701,338.3399963378906,-0.22666549409316095,Below 50-day average
2020-03-31,260.5599975585937,263.3299865722656,256.2200012207031,257.75,236.32568359375,194881100,0.7,-0.01490538500844496,-0.04100156068061611,260.80449905395506,299.9010006713867,0.9251596383000478,45.3580054184862,338.3399963378906,-0.238192342644018,Below 50-day average
2020-04-01,247.97999572753903,257.6600036621094,243.8999938964844,246.1499938964844,225.68983459472656,189554600,0.62,-0.045004873340506735,-0.08416116397592865,257.4689994812012,298.198000793457,0.9168068883516037,49.403382924854704,338.3399963378906,-0.272477399773152,Below 50-day average
2020-04-02,245.19000244140625,252.67999267578125,244.58999633789065,251.8300018310547,230.8977203369141,177660400,0.63,0.023075393359379692,-0.0630278225808768,254.9375,296.6078009033203,0.9199257615224462,44.12021703528132,338.3399963378906,-0.25568952959507885,Below 50-day average
2020-04-03,250.759994506836,253.32000732421875,245.22000122070312,248.19000244140625,227.560287475586,135561200,0.62,-0.014454192761712337,-0.07657099904565412,252.4740005493164,294.93720092773435,0.9196851368719381,53.39300027711644,338.3399963378906,-0.26644793660887234,Below 50-day average
2020-04-06,257.8399963378906,267.0,248.1699981689453,264.8599853515625,242.8446807861328,188061200,0.67,0.06716621437679282,-0.014547768805806882,252.00549926757813,293.6590008544922,0.9161387890074267,54.76227346056702,338.3399963378906,-0.217178021462605,Below 50-day average
2020-04-07,274.2099914550781,275.0299987792969,264.8900146484375,265.1300048828125,243.0922393798828,201427200,0.75,0.0010194802770664424,-0.013543119692113303,250.84099884033202,292.4916009521484,0.8954958120090493,61.013234712727176,338.3399963378906,-0.21637994989503218,Below 50-day average
2020-04-08,267.9599914550781,276.0,265.25,274.0299987792969,251.25245666503903,153774500,0.77,0.03356841448563386,0.01957067373826704,250.82449951171876,291.4344006347656,0.886958971995373,63.68386556571186,338.3399963378906,-0.19007506725385537,Below 50-day average
2020-04-09,277.5799865722656,281.20001220703125,275.4700012207031,278.20001220703125,255.07579040527344,189999200,0.73,0.015217361041894195,0.03508584878826948,252.32900009155273,290.4660009765625,0.8099221582412274,71.48946773611786,338.3399963378906,-0.17775014713542547,Below 50-day average
2020-04-13,277.1400146484375,277.510009765625,271.4100036621094,275.6600036621094,252.7470245361328,114839100,0.76,-0.009130152528647795,0.025635357108587664,252.64599990844727,289.42560119628905,0.7561340207321983,73.60923711967011,338.3399963378906,-0.18525741370873727,Below 50-day average
2020-04-14,280.9800109863281,284.8999938964844,275.510009765625,283.7900085449219,260.2012023925781,134143400,0.76,0.029492870836560936,0.055884288221201395,254.84300003051757,288.66680114746094,0.6351203129785217,70.40979847865856,338.3399963378906,-0.16122831584620345,Below 50-day average
2020-04-15,277.57000732421875,283.94000244140625,275.4599914550781,277.760009765625,254.6724395751953,121775000,0.63,-0.021248101052656954,0.03344875216516452,256.09100036621095,287.7396014404297,0.6207270688144652,65.18881749166606,338.3399963378906,-0.17905062135121053,Below 50-day average
2020-04-16,279.1499938964844,280.0299987792969,275.760009765625,279.1000061035156,255.9010467529297,131798300,0.61,0.004824295401707923,0.03843441422813565,258.0460006713867,286.74040161132814,0.5844435846002672,60.06974953140361,338.3399963378906,-0.17509011903876037,Below 50-day average
2020-04-17,285.3800048828125,287.29998779296875,282.3999938964844,286.6400146484375,262.81427001953125,146684800,0.65,0.027015436689475925,0.06648817340188895,260.3525016784668,285.8160021972656,0.5876773509523887,68.73872138483105,338.3399963378906,-0.15280481837512883,Above 50-day average
2020-04-20,282.6099853515625,286.7900085449219,281.3500061035156,281.5899963378906,258.1840209960937,100109300,0.63,-0.017617980925449972,0.04769880510567659,262.99200134277345,284.76820190429686,0.5564266299683406,61.66627088351299,338.3399963378906,-0.16773068692512894,Below 50-day average
2020-04-21,276.7300109863281,278.0400085449219,272.0199890136719,273.0400085449219,250.34478759765625,126385700,0.58,-0.030363251195576146,0.015887263108947947,265.4965019226074,283.5850018310547,0.5608495758660447,58.484075393382255,338.3399963378906,-0.19300108914039082,Below 50-day average
2020-04-22,278.3500061035156,281.0,276.9100036621094,279.1000061035156,255.9010467529297,92951600,0.63,0.022194540612888725,0.03843441422813587,267.294002532959,282.47340209960936,0.4781641198603508,69.48090189380666,338.3399963378906,-0.17509011903876037,Below 50-day average
2020-04-23,280.489990234375,283.94000244140625,278.75,279.0799865722656,255.88265991210932,104709700,0.61,-7.172888144824086e-05,0.03835992848914582,268.90850219726565,281.3498016357422,0.47796369676689,67.2664856600152,338.3399963378906,-0.17514928890181725,Below 50-day average
2020-04-24,280.7300109863281,283.70001220703125,278.5,282.9700012207031,259.4493408203125,85063200,0.6,0.013938708741589423,0.05283332510129357,269.9970016479492,280.26080139160155,0.4384868143334079,71.96814701472715,338.3399963378906,-0.1636519350845268,Above 50-day average
2020-04-27,285.1199951171875,288.2699890136719,284.6199951171875,287.04998779296875,263.1902160644531,77896600,0.67,0.014418442077481775,0.06801354141650906,271.6785011291504,279.2606011962891,0.4205243583369015,66.66665138573592,338.3399963378906,-0.15159309895392914,Above 50-day average
2020-04-28,291.0199890136719,291.3999938964844,285.3999938964844,285.7300109863281,261.9799499511719,105270000,0.62,-0.004598421399664487,0.06310236509252798,272.88250198364256,278.2232012939453,0.4107225248156103,65.2321785670283,338.3399963378906,-0.15549443140332242,Above 50-day average
2020-04-29,291.5299987792969,294.8800048828125,290.4100036621094,293.2099914550781,268.8382263183594,118745600,0.63,0.026178490817010847,0.09093278059464516,274.6555015563965,277.3528009033203,0.41056674500898094,64.48639663071248,338.3399963378906,-0.13338655013089984,Above 50-day average
2020-04-30,291.7099914550781,293.32000732421875,288.5899963378906,290.4800109863281,266.335205078125,122901700,0.64,-0.009310666581320293,0.08077546921189582,276.8720024108887,276.3956011962891,0.3682195690788419,59.481163306323346,338.3399963378906,-0.14145529901751874,Above 50-day average
2020-05-01,285.3099975585937,290.6600036621094,281.5199890136719,282.7900085449219,259.28436279296875,125180000,0.64,-0.026473430702838252,0.052163634722387275,278.42000274658204,275.31240112304687,0.3839909206507861,55.09941898280521,338.3399963378906,-0.1641839226642674,Above 50-day average
2020-05-04,280.739990234375,283.8999938964844,279.1300048828125,283.57000732421875,259.9994812011719,80873200,0.64,0.0027582260890697263,0.055065739909649025,280.18900299072266,274.3142010498047,0.3765669326608783,49.824167729692945,338.3399963378906,-0.16187855295409603,Above 50-day average
2020-05-05,286.6400146484375,289.25,283.7099914550781,286.19000244140625,262.4016418457031,79569900,0.66,0.00923932379841541,0.06481383390928896,281.25550384521483,273.5896008300781,0.3025775617859286,57.1259491927154,338.3399963378906,-0.15413487752244237,Above 50-day average
2020-05-06,288.0400085449219,288.4599914550781,283.7799987792969,284.25,260.6230163574219,73632600,0.72,-0.006778721915009722,0.0575957570379626,282.21150360107424,273.02160095214845,0.3048718318809562,54.309620524575735,338.3399963378906,-0.1598687619653234,Above 50-day average
2020-05-07,287.75,289.7799987792969,287.1300048828125,287.67999267578125,263.767822265625,75250400,0.63,0.01206681680134114,0.07035757128801534,282.8940032958984,272.5452008056641,0.2858584809199195,50.934560473011885,338.3399963378906,-0.14973105222687488,Above 50-day average
2020-05-08,291.0899963378906,292.95001220703125,289.8599853515625,292.44000244140625,268.1322021484375,76452400,0.69,0.0165461967700673,0.08806791827687821,283.6060028076172,272.4438006591797,0.28667491704274256,59.801279920075295,338.3399963378906,-0.13566233490954271,Above 50-day average
2020-05-11,290.3399963378906,294.0,289.8800048828125,292.5,268.18719482421875,79514200,0.73,0.00020516194122843778,0.08829114840318031,284.44800262451173,272.3686004638672,0.2834826902112958,70.76398870210295,338.3399963378906,-0.13548500571629585,Above 50-day average
2020-05-12,293.7900085449219,294.239990234375,286.5199890136719,286.6700134277344,262.8417663574219,95870800,0.69,-0.01993157802483969,0.06659978846504,284.59200286865234,271.9202008056641,0.2767062771051872,58.11710962911575,338.3399963378906,-0.15271615377850534,Above 50-day average
2020-05-13,286.0599975585937,287.19000244140625,278.9599914550781,281.6000061035156,258.1932983398437,144721100,0.64,-0.01768586558320595,0.04773604797517139,284.78400268554685,271.5474011230469,0.273234466724668,52.4381026166732,338.3399963378906,-0.16770110199360044,Above 50-day average
2020-05-14,278.95001220703125,285.1099853515625,272.989990234375,284.9700012207031,261.2831420898437,121977900,0.63,0.011967311946537107,0.060274632098922254,285.07750244140624,270.9896014404297,0.2757847462201495,51.95465542994307,338.3399963378906,-0.1577407214483989,Above 50-day average
2020-05-15,282.3699951171875,286.3299865722656,281.3399963378906,286.2799987792969,262.48419189453125,111146300,0.64,0.004596966533256808,0.06514867909874211,285.0595016479492,270.66600158691404,0.25889942956179407,49.20439115789766,338.3399963378906,-0.15386888373257201,Above 50-day average
2020-05-18,293.04998779296875,296.75,292.70001220703125,295.0,270.4793701171875,119703800,0.73,0.030459694208066823,0.09759278215021605,285.73000183105466,270.6168017578125,0.2712990823512109,58.307938461538455,338.3399963378906,-0.12809598867113603,Above 50-day average
2020-05-19,294.3500061035156,296.2099914550781,291.95001220703125,291.9700012207031,267.70123291015625,95189300,0.7,-0.010271182302701298,0.08631920659062198,286.67650146484374,270.9716015625,0.24736971850779363,48.79237333472825,338.3399963378906,-0.13705147372195126,Above 50-day average
2020-05-20,295.82000732421875,297.8699951171875,295.57000732421875,296.92999267578125,272.2489929199219,85861700,0.68,0.016988017379665044,0.10477361615204739,287.56800079345703,271.1418011474609,0.2427913226618172,56.020146053762694,338.3399963378906,-0.12239168915978349,Above 50-day average
2020-05-21,296.7900085449219,297.6700134277344,293.69000244140625,294.8800048828125,270.3694152832031,78293900,0.68,-0.006903943163488857,0.09714632189761163,288.3580017089844,271.5522015380859,0.24521607049822072,62.612148845418446,338.3399963378906,-0.12845064705762976,Above 50-day average
2020-05-22,294.57000732421875,295.6300048828125,293.2200012207031,295.44000244140625,270.88287353515625,63958200,0.66,0.0018990692801170717,0.09922987877332079,288.9815017700195,272.49880157470704,0.24170746176564178,62.43974516426159,338.3399963378906,-0.12679551445535087,Above 50-day average
2020-05-26,301.92999267578125,302.19000244140625,295.4599914550781,299.0799865722656,274.22021484375,88951400,0.69,0.012320552737543622,0.1127729984654311,289.5830017089844,273.094001159668,0.24042008174802035,63.2259361478673,338.3399963378906,-0.11603715254053837,Above 50-day average
2020-05-27,302.1199951171875,303.57000732421875,296.8699951171875,303.5299987792969,278.30035400390625,104817400,0.68,0.014879003633885723,0.12932995195328822,290.47300109863284,274.3676010131836,0.24308061023511549,68.8134406094944,338.3399963378906,-0.10288466612096903,Above 50-day average
2020-05-28,304.6499938964844,306.8399963378906,302.239990234375,302.9700012207031,277.7869567871094,90405200,0.7,-0.0018449496288533984,0.12724639507757907,290.96100158691405,275.3710009765625,0.22771778479223057,65.80527158897834,338.3399963378906,-0.10453979872324781,Above 50-day average
2020-05-29,302.4599914550781,304.9599914550781,299.4700012207031,304.32000732421875,279.0247497558594,119090800,0.65,0.004455906849114788,0.13226930001004522,291.6530014038086,276.6574011230469,0.2240741636161293,63.21176068116163,338.3399963378906,-0.10054971147926917,Above 50-day average
2020-06-01,303.6199951171875,306.2099914550781,303.0599975585937,305.54998779296875,280.1524963378906,55758300,0.66,0.004041733830006056,0.13684563114457315,292.79100036621094,277.95820098876953,0.19634246492627885,64.14481213771495,338.3399963378906,-0.09691437281974613,Above 50-day average
2020-06-02,306.54998779296875,308.1300048828125,305.1000061035156,308.0799865722656,282.47222900390625,74267200,0.68,0.008280146883890893,0.14625887995475995,294.0164993286133,279.5438006591797,0.196875429101211,74.99415726366132,338.3399963378906,-0.08943669117796282,Above 50-day average
2020-06-03,310.239990234375,313.2200012207031,309.94000244140625,312.17999267578125,286.2313842773437,92567600,0.77,0.01330825201965502,0.16151358200896548,295.31599884033204,281.32840057373045,0.19877021087389501,86.52654033376905,338.3399963378906,-0.07731868518430829,Above 50-day average
2020-06-04,311.1099853515625,313.0,309.0799865722656,311.3599853515625,285.4794616699219,75794400,0.82,-0.002626713253435109,0.15846261888905766,296.67149810791017,282.69260040283206,0.19619459110944107,83.5665304721883,338.3399963378906,-0.07974230442263153,Above 50-day average
2020-06-05,317.2300109863281,321.2699890136719,317.1600036621094,319.3399963378906,292.7962341308594,150524700,0.91,0.025629532893630236,0.1881534746859157,298.25449829101564,284.1436004638672,0.2085254887097444,85.95042583920056,338.3399963378906,-0.05615652954321493,Above 50-day average
2020-06-08,320.2200012207031,323.4100036621094,319.6300048828125,323.20001220703125,296.3353881835937,73641200,0.88,0.012087480157219055,0.20251525623491262,299.79249877929686,285.3836004638672,0.2059249793872616,84.28990218343205,338.3399963378906,-0.04474784032254786,Above 50-day average
2020-06-09,320.29998779296875,323.2799987792969,319.3599853515625,320.7900085449219,294.12567138671875,77479200,0.84,-0.007456694217466864,0.19354846767733003,301.20699920654295,286.7310006713867,0.21009074549037074,85.58025595582562,338.3399963378906,-0.051870863577837434,Above 50-day average
2020-06-10,321.4200134277344,322.3900146484375,318.2200012207031,319.0,292.4844055175781,95000800,0.75,-0.0055800009265912776,0.1868884661217589,302.82349853515626,287.87800079345703,0.1932680546308793,79.56067133736093,338.3399963378906,-0.05716142503760124,Above 50-day average
2020-06-11,311.4599914550781,312.1499938964844,300.010009765625,300.6099853515625,275.6231384277344,209243600,0.66,-0.057648948741183426,0.11846559377680377,303.7739974975586,288.7352005004883,0.28631609811300307,55.338155186335044,338.3399963378906,-0.11151507771681901,Above 50-day average
2020-06-12,308.239990234375,309.0799865722656,298.6000061035156,304.2099914550781,278.9237976074219,194678900,0.71,0.011975670399988259,0.13185996908160202,304.73599700927736,289.89640045166016,0.28631940557882885,57.73230549837887,338.3399963378906,-0.1008748751321964,Above 50-day average
2020-06-15,298.0199890136719,308.2799987792969,296.739990234375,307.04998779296875,281.5278625488281,135782700,0.71,0.009335644514194108,0.14242661139279456,305.7744964599609,291.00080017089846,0.28706878720069634,57.1275192256153,338.3399963378906,-0.09248096259265026,Above 50-day average
2020-06-16,315.4800109863281,315.6400146484375,307.6700134277344,312.9599914550781,286.9466247558594,137627500,0.75,0.019247692222981838,0.16441568719622723,306.67249603271483,292.2961999511719,0.2757240451282106,58.21856671252012,338.3399963378906,-0.07501331547413681,Above 50-day average
2020-06-17,314.07000732421875,314.3900146484375,310.8599853515625,311.6600036621094,285.7546691894531,83398900,0.74,-0.004153846588902832,0.15957888306590218,307.65699615478513,293.2322003173828,0.2726253354182435,57.47719454874879,338.3399963378906,-0.0788555682584352,Above 50-day average
2020-06-18,310.010009765625,312.29998779296875,309.510009765625,311.7799987792969,285.8645935058594,80828700,0.71,0.00038501930237289095,0.1600253433185066,308.3994964599609,294.1652001953125,0.26799000483574287,56.55765366755282,338.3399963378906,-0.07850090987194147,Above 50-day average
2020-06-19,314.1700134277344,314.3800048828125,306.5299987792969,308.6400146484375,284.2309875488281,135549600,0.7,-0.010071153195051807,0.14834255037580335,309.0874969482422,294.85740051269534,0.26970716074081286,52.628019052839655,338.3399963378906,-0.08778146837772205,Above 50-day average
2020-06-22,307.989990234375,311.04998779296875,306.75,310.6199951171875,286.0543518066406,74649400,0.71,0.006415177471415401,0.15570937163444198,309.84649658203125,295.50580017089845,0.27006693149137545,52.18063842708769,338.3399963378906,-0.08192942460465102,Above 50-day average
2020-06-23,313.489990234375,314.5,311.6099853515625,312.04998779296875,287.3712463378906,68471200,0.72,0.00460367232715253,0.16102987888686626,310.49499664306643,296.2335998535156,0.26778107610400187,49.88302603412125,338.3399963378906,-0.07770292850233051,Above 50-day average
2020-06-24,309.8399963378906,310.510009765625,302.1000061035156,304.0899963378906,280.0408020019531,132813500,0.69,-0.025508706189596886,0.13141350882899783,310.5229965209961,296.639599609375,0.28061282506688606,44.203484289357874,338.3399963378906,-0.10122953351869013,Above 50-day average
2020-06-25,303.4700012207031,307.6400146484375,301.2799987792969,307.3500061035156,283.04296875,89468000,0.68,0.010720542618582574,0.14354287556963907,310.7419967651367,297.2313995361328,0.2829077511074227,39.66201737065681,338.3399963378906,-0.09159422642845383,Above 50-day average
2020-06-26,306.1600036621094,306.3900146484375,299.4200134277344,300.04998779296875,276.3203125,127961000,0.64,-0.023751482562483606,0.11638203690109439,310.5284957885742,297.65039916992185,0.2956018793823964,31.157392825809836,338.3399963378906,-0.1131702103190978,Above 50-day average
2020-06-29,301.4100036621094,304.6099853515625,298.92999267578125,304.4599914550781,280.38153076171875,79773300,0.64,0.014697563211208076,0.13279013245630544,310.4739959716797,298.00679870605467,0.3001762236738339,37.12752721467769,338.3399963378906,-0.10013597342768044,Above 50-day average
2020-06-30,303.989990234375,310.20001220703125,303.82000732421875,308.3599853515625,283.9730529785156,113394800,0.66,0.012809544787298677,0.14730065839261441,310.48799591064454,298.5421984863281,0.3022577917477881,41.88280575559668,338.3399963378906,-0.08860912487682338,Above 50-day average
2020-07-01,309.57000732421875,311.8900146484375,309.07000732421875,310.5199890136719,285.9623413085937,72396500,0.69,0.007004811793744015,0.15533728357549337,310.4049957275391,299.29179809570314,0.299453030673111,60.04868209896218,338.3399963378906,-0.08222500332604987,Above 50-day average
2020-07-02,314.239990234375,315.70001220703125,311.510009765625,312.2300109863281,287.5370178222656,69344200,0.68,0.005506962621272482,0.16169968281110614,310.44849700927733,299.9543981933594,0.29993215664081546,58.45637117419996,338.3399963378906,-0.07717085072462793,Above 50-day average
2020-07-06,316.3699951171875,317.67999267578125,315.5599975585937,317.04998779296875,291.9757995605469,61713800,0.69,0.01543726303379489,0.1796331463809373,310.33399658203126,300.71379821777344,0.29055704699584495,60.12146499309956,338.3399963378906,-0.06292489441201077,Above 50-day average
2020-07-07,315.3800048828125,317.5199890136719,313.3699951171875,313.7799987792969,288.96435546875,82910000,0.65,-0.010313796371464123,0.16746665031613484,309.86299591064454,301.32999816894534,0.28887100380340036,50.876826586086935,338.3399963378906,-0.07258969623581357,Above 50-day average
2020-07-08,314.6099853515625,316.29998779296875,312.70001220703125,316.17999267578125,291.1746826171875,54638600,0.67,0.007648651621585456,0.17639619600422218,309.6324951171875,301.91259826660155,0.28958834551451046,54.722099121646394,338.3399963378906,-0.06549625791205249,Above 50-day average
2020-07-09,316.8399963378906,317.1000061035156,310.67999267578125,314.3800048828125,289.5169982910156,83354200,0.62,-0.005692921230517234,0.16969906512449007,309.4014953613281,302.48559814453125,0.28961457366638194,52.62415104800332,338.3399963378906,-0.0708163141053828,Above 50-day average
2020-07-10,314.3099975585937,317.8800048828125,312.760009765625,317.5899963378906,292.47320556640625,57550400,0.65,0.01021054585285941,0.18164233106299044,310.25049591064453,302.9731982421875,0.19785992225644353,59.02034855645758,338.3399963378906,-0.06132884147482687,Above 50-day average
2020-07-13,320.1300048828125,322.7099914550781,314.1300048828125,314.8399963378906,289.94061279296875,102997500,0.64,-0.008658962913536516,0.17141053394125105,310.78199615478513,303.46039794921876,0.19875851718579338,54.18817325125041,338.3399963378906,-0.06945676022450276,Above 50-day average
2020-07-14,313.29998779296875,319.760009765625,312.0,318.9200134277344,293.69793701171875,93657000,0.63,0.012959017714715637,0.18659086380180012,311.37549743652346,304.182998046875,0.20098575085398063,56.47748990468364,338.3399963378906,-0.05739783389594311,Above 50-day average
2020-07-15,322.4100036621094,323.0400085449219,319.2699890136719,321.8500061035156,296.396240234375,87196500,0.64,0.009187233639839087,0.1974923513024458,311.8199981689453,304.94859802246094,0.19251229842056902,68.50001017252603,338.3399963378906,-0.04873792756652662,Above 50-day average
2020-07-16,319.7900085449219,321.2799987792969,319.0899963378906,320.7900085449219,295.4200134277344,54622500,0.62,-0.0032934520381920906,0.19354846767732936,312.27649841308596,305.6405981445312,0.19220280658669506,64.67249565890667,338.3399963378906,-0.051870863577837434,Above 50-day average
2020-07-17,321.8800048828125,322.57000732421875,319.739990234375,321.7200012207031,296.2764892578125,62774900,0.64,0.0028990699554503063,0.19700864818034636,312.77349853515625,306.38999816894534,0.19221398159045783,77.47912024463619,338.3399963378906,-0.049122170884548844,Above 50-day average
2020-07-20,321.42999267578125,325.1300048828125,320.6199951171875,324.32000732421875,298.6708679199219,56308800,0.62,0.008081580547216305,0.20668236998633027,313.5574981689453,307.12279846191404,0.1883049208011648,76.39558021985331,338.3399963378906,-0.04143757511799018,Above 50-day average
2020-07-21,326.45001220703125,326.92999267578125,323.94000244140625,325.010009765625,299.3063049316406,57292200,0.61,0.0021275358467678362,0.20924962998413887,314.27699890136716,307.7741986083984,0.18775132066291778,74.19360274436697,338.3399963378906,-0.039398199197689165,Above 50-day average
2020-07-22,324.6199951171875,327.20001220703125,324.5,326.8599853515625,301.00994873046875,57792900,0.6,0.005692057260856531,0.21613274812067806,315.0174987792969,308.4613983154297,0.1879654733747441,73.95897750734525,338.3399963378906,-0.033930398742640366,Above 50-day average
2020-07-23,326.4700012207031,327.2300109863281,321.4800109863281,322.9599914550781,297.4183959960937,75738000,0.59,-0.011931695745166393,0.2016222221843691,315.96099853515625,309.18719787597655,0.16615246906077402,64.78369387157863,338.3399963378906,-0.04545724729349743,Above 50-day average
2020-07-24,320.95001220703125,321.989990234375,319.25,320.8800048828125,295.5028991699219,73766600,0.59,-0.006440384652273368,0.1938833128667823,316.6374984741211,309.9727978515625,0.16683313732192373,55.707936588791334,338.3399963378906,-0.05160486978796719,Above 50-day average
2020-07-27,321.6300048828125,323.4100036621094,320.7699890136719,323.2200012207031,297.6579284667969,48293000,0.62,0.0072924342504456785,0.20258962842856754,317.79599914550784,310.7377978515625,0.13637560531964704,64.4696835034475,338.3399963378906,-0.044688760657452975,Above 50-day average
2020-07-28,322.42999267578125,323.6400146484375,320.8500061035156,321.1700134277344,295.7699890136719,57495000,0.59,-0.006342391514221224,0.19496233417413178,318.6315002441406,311.43559814453124,0.13443333960713563,57.73168870298585,338.3399963378906,-0.05074771855529925,Above 50-day average
2020-07-29,322.1199951171875,325.7300109863281,322.0799865722656,325.1199951171875,299.4076538085937,48454200,0.58,0.012298725050001957,0.20965884736724805,319.46950073242186,312.037998046875,0.1339356138217202,65.60141576349089,338.3399963378906,-0.03907312574272381,Above 50-day average
2020-07-30,321.8999938964844,324.4100036621094,319.6400146484375,323.9599914550781,298.33935546875,61861700,0.55,-0.0035679247032814887,0.20534287568318343,320.14150085449216,312.6777978515625,0.13466739285796048,59.83936992433285,338.3399963378906,-0.04250164047543348,Above 50-day average
2020-07-31,325.8999938964844,326.6300048828125,321.3299865722656,326.5199890136719,300.6968688964844,84986800,0.55,0.007902202821698623,0.2148677395565215,320.8559997558594,313.2695977783203,0.13572239997197583,68.14794513272993,338.3399963378906,-0.03493529423702668,Above 50-day average
2020-08-03,328.32000732421875,329.6199951171875,327.7300109863281,328.7900085449219,302.7873840332031,53077900,0.56,0.006952160993595191,0.22331369566784343,321.44300079345703,313.9477978515625,0.1279262697279719,66.24961564046859,338.3399963378906,-0.02822600903332584,Above 50-day average
2020-08-04,327.8599853515625,330.0599975585937,327.8599853515625,330.0599975585937,303.9569396972656,41917900,0.52,0.0038626143759423748,0.2280388847350172,322.2570007324219,314.64019775390625,0.11967876805850741,64.29817372420581,338.3399963378906,-0.024472420845651155,Above 50-day average
2020-08-05,331.4700012207031,332.3900146484375,331.17999267578125,332.1099853515625,305.8447570800781,42697700,0.55,0.0062109550025215565,0.2356661789894532,323.0535003662109,315.30079772949216,0.11897461911650103,69.05725092400692,338.3399963378906,-0.01841346294780466,Above 50-day average
2020-08-06,331.4800109863281,334.4599914550781,331.1300048828125,334.3299865722656,307.8891906738281,43679400,0.55,0.006684536203731106,0.24392603429863424,324.0509994506836,315.91679748535154,0.11575603825797288,70.3452955160033,338.3399963378906,-0.01185201220378429,Above 50-day average
2020-08-07,333.2799987792969,334.8800048828125,332.29998779296875,334.57000732421875,308.1101989746094,57308300,0.57,0.0007179157167860328,0.24481906834917666,324.9,316.5487976074219,0.11289802405575135,67.90083846224361,338.3399963378906,-0.011142605232834724,Above 50-day average
2020-08-10,335.0599975585937,335.7699890136719,332.9599914550781,335.57000732421875,309.0311584472656,44282100,0.59,0.0029889110742402636,0.248539721847991,325.9365005493164,317.1737976074219,0.10472306584404956,68.24467681249894,338.3399963378906,-0.008186998414770774,Above 50-day average
2020-08-11,336.8500061035156,337.5400085449219,332.010009765625,332.79998779296875,306.4801940917969,69601100,0.64,-0.008254669579494611,0.2382334389872618,326.6304992675781,317.7187976074219,0.10561005812357303,59.94642557836255,338.3399963378906,-0.016374087027503648,Above 50-day average
2020-08-12,335.44000244140625,338.2799987792969,335.4100036621094,337.44000244140625,310.75323486328125,53774400,0.69,0.013942352219447729,0.25549732572352024,327.40999908447264,318.3059979248047,0.111020748805849,73.66014395118785,338.3399963378906,-0.0026600280966651013,Above 50-day average
2020-08-13,336.6099853515625,338.25,335.8299865722656,336.8299865722656,310.19146728515625,41816100,0.71,-0.001807775796370037,0.25322766804567,328.21199798583984,318.7989978027344,0.11013351583879451,77.37720958835368,338.3399963378906,-0.004462995158624361,Above 50-day average
2020-08-14,336.4100036621094,337.4200134277344,335.6199951171875,336.8399963378906,310.20074462890625,47260400,0.71,2.9717560858788516e-05,0.253264910915165,328.9679977416992,319.30859802246096,0.11045416308767086,75.41039235513287,338.3399963378906,-0.004433410227095869,Above 50-day average
2020-08-17,337.94000244140625,338.3399963378906,336.8500061035156,337.9100036621094,311.18609619140625,35481000,0.69,0.0031766041320859806,0.2572460374097765,329.6474975585937,319.6799981689453,0.10841527102365565,82.41662648096144,338.3399963378906,-0.001270889284256671,Above 50-day average
2020-08-18,338.3399963378906,339.1000061035156,336.6099853515625,338.6400146484375,311.8583374023437,38733900,0.67,0.002160371040858866,0.25996215534023115,330.32899780273436,319.9887982177734,0.10841553790339248,79.91141838608621,338.6400146484375,0.0,Above 50-day average
2020-08-19,339.04998779296875,339.6099853515625,336.6199951171875,337.2300109863281,310.5599060058594,68054200,0.68,-0.0041637243123001655,0.2547160202814629,330.84749908447264,320.3175982666016,0.10969542062109859,79.03711776395923,338.6400146484375,-0.0041637243123001655,Above 50-day average
2020-08-20,335.3599853515625,338.79998779296875,335.2200012207031,338.2799987792969,311.52685546875,42207800,0.65,0.0031135656933312106,0.2586226610370843,331.6134994506836,320.7031982421875,0.0974194603354127,77.55379880790308,338.6400146484375,-0.0010631226481441214,Above 50-day average
2020-08-21,337.9200134277344,339.7200012207031,337.54998779296875,339.4800109863281,312.6319580078125,55106600,0.64,0.0035473933172565086,0.2630874906537948,332.5434997558594,321.4805987548828,0.09177029773021603,76.36891946824046,339.4800109863281,0.0,Above 50-day average
2020-08-24,342.1199951171875,343.0,339.45001220703125,342.9200134277344,315.79986572265625,48588700,0.65,0.010133151673383134,0.27588654777334254,333.52850036621095,322.25479919433593,0.09412323964739326,78.65410428427472,342.9200134277344,0.0,Above 50-day average
2020-08-25,343.5299987792969,344.2099914550781,342.2699890136719,344.1199951171875,316.9049377441406,38463400,0.69,0.0034993049179556923,0.2803512638447192,334.6759994506836,322.99619934082034,0.08744179207997269,77.81371207580881,344.1199951171875,0.0,Above 50-day average
2020-08-26,344.760009765625,347.8599853515625,344.1700134277344,347.57000732421875,320.08209228515625,50790200,0.69,0.010025608090155735,0.293187563833762,335.79850006103516,323.68839965820314,0.08472840252435787,79.00956043911957,347.57000732421875,0.0,Above 50-day average
2020-08-27,348.510009765625,349.8999938964844,346.5299987792969,348.3299865722656,320.7820129394531,58034100,0.74,0.002186550139632537,0.2960151832820337,337.01699981689455,324.42179931640624,0.08086397108578734,79.47717528736008,348.3299865722656,0.0,Above 50-day average
2020-08-28,349.44000244140625,350.7200012207031,348.1499938964844,350.5799865722656,322.8540344238281,48588900,0.74,0.006459392204906322,0.3043866536543658,338.2199996948242,325.19779907226564,0.08001432690578145,80.52042339783088,350.5799865722656,0.0,Above 50-day average
2020-08-31,350.3500061035156,351.29998779296875,349.0599975585937,349.3099975585937,321.6845397949219,66099200,0.72,-0.0036225371165337084,0.29966146458719156,339.2459991455078,326.0111987304688,0.08284603908986887,85.75138710095219,350.5799865722656,-0.0036225371165337084,Above 50-day average
2020-09-01,350.2099914550781,352.7099914550781,349.239990234375,352.6000061035156,324.7143249511719,54908700,0.68,0.009418592562241423,0.3119024463909843,340.3729995727539,326.8507989501953,0.08586609286964685,84.86658047634872,352.6000061035156,0.0,Above 50-day average
2020-09-02,354.6700134277344,358.75,353.42999267578125,357.70001220703125,329.4110107421875,69540000,0.66,0.01446399890877581,0.33087780194400374,341.65250091552736,327.76379943847655,0.09414667589200927,89.78272377705756,357.70001220703125,0.0,Above 50-day average
2020-09-03,355.8699951171875,356.3800048828125,342.5899963378906,345.3900146484375,318.0746154785156,148011100,0.63,-0.03441430567094561,0.28507656645722657,342.20550231933595,328.5897998046875,0.1641061113835687,61.09527456712637,357.70001220703125,-0.03441430567094561,Above 50-day average
2020-09-04,346.1300048828125,347.8299865722656,334.8699951171875,342.57000732421875,315.47760009765625,139156300,0.72,-0.00816470426074467,0.27458429633969006,342.6055023193359,329.29419982910156,0.1677845698472578,55.784513162031814,357.70001220703125,-0.04229802730354815,Above 50-day average
2020-09-08,336.7099914550781,342.6400146484375,332.8800048828125,333.2099914550781,306.8577880859375,114465300,0.69,-0.027322928654060497,0.23975892054721482,342.4875015258789,329.95739990234375,0.19575265316888574,44.44896464241526,357.70001220703125,-0.06846524997538628,Above 50-day average
2020-09-09,337.54998779296875,342.4599914550781,336.6099853515625,339.7900085449219,312.9174194335937,91462300,0.71,0.019747358298320528,0.26424088415479985,342.8370025634766,330.66400024414065,0.20560934080801085,52.366860900155395,357.70001220703125,-0.05006989949931384,Above 50-day average
2020-09-10,341.82000732421875,342.5299987792969,332.8500061035156,333.8900146484375,307.4840393066406,90569500,0.68,-0.017363647394312287,0.2422890512208622,342.6595031738281,331.17460083007813,0.2097051668887925,46.27525674268353,357.70001220703125,-0.0665641508136513,Above 50-day average
2020-09-11,335.82000732421875,336.9700012207031,331.0,334.0599975585937,307.640625,84680200,0.67,0.0005090985135784987,0.2429214987302737,342.52100372314453,331.64540100097656,0.20966671857198194,45.319504318580314,357.70001220703125,-0.06608894001030974,Above 50-day average
2020-09-14,337.489990234375,340.3800048828125,334.2200012207031,338.4599914550781,311.69256591796875,65605700,0.68,0.013171268420765214,0.25929235141598994,342.6020034790039,332.17000061035156,0.21508422795772447,46.21132935557395,357.70001220703125,-0.05378814675806409,Above 50-day average
2020-09-15,341.1199951171875,342.0199890136719,338.4700012207031,340.1700134277344,313.26739501953125,52920900,0.68,0.0050523607393142544,0.2656547506516027,342.71500396728516,332.63240112304686,0.21551634386336632,46.6734209331888,357.70001220703125,-0.04900754313967082,Above 50-day average
2020-09-16,341.510009765625,343.0599975585937,338.5199890136719,338.82000732421875,312.0242614746094,82096000,0.69,-0.003968621719216969,0.26063184571913656,342.72400360107423,333.1332012939453,0.21595822051765035,42.36074994244987,357.70001220703125,-0.052781672458778184,Above 50-day average
2020-09-17,333.5599975585937,337.70001220703125,332.989990234375,335.8399963378906,309.2798767089844,91523300,0.69,-0.008795262741012055,0.24954425741634978,342.65450286865234,333.5264013671875,0.21779337814992186,39.502454639191136,357.70001220703125,-0.061112706522605253,Above 50-day average
2020-09-18,335.3699951171875,335.489990234375,327.9700012207031,330.6499938964844,305.7192077636719,105877900,0.7,-0.015453794955930578,0.23023405667387697,342.2730026245117,333.85180114746095,0.22402459964905577,34.03814229596797,357.70001220703125,-0.07562207824273359,Below 50-day average
2020-09-21,325.70001220703125,327.1300048828125,321.7300109863281,326.9700012207031,302.31671142578125,99450800,0.68,-0.011129571279935746,0.2165420790491206,341.64750213623046,334.0394012451172,0.2260828445423352,32.772997709301094,357.70001220703125,-0.08591000821252992,Below 50-day average
2020-09-22,328.57000732421875,330.8999938964844,325.8599853515625,330.29998779296875,305.39556884765625,63612100,0.68,0.010184379483847206,0.22893180524022538,341.01650085449216,334.3486010742188,0.22611871249201138,32.81442189964294,357.70001220703125,-0.07660056885377964,Below 50-day average
2020-09-23,330.8999938964844,331.20001220703125,322.1000061035156,322.6400146484375,298.3131103515625,93112200,0.68,-0.023190958000678163,0.2004316993592017,339.9425018310547,334.4230010986328,0.23742522961914608,24.006527068964118,357.70001220703125,-0.09801508627934175,Below 50-day average
2020-09-24,321.2200012207031,326.79998779296875,319.79998779296875,323.5,299.1082763671875,76681300,0.67,0.002665464023424269,0.20363140686642178,338.73900146484374,334.4560009765625,0.23342807152327302,30.451849913881432,357.70001220703125,-0.09561087794214784,Below 50-day average
2020-09-25,322.5799865722656,329.5799865722656,321.6400146484375,328.7300109863281,303.9439392089844,71069400,0.66,0.016166958226671246,0.22309046554154066,337.7590026855469,334.61480102539065,0.2430065728599979,38.15068682847603,357.70001220703125,-0.08098965678518266,Below 50-day average
2020-09-28,333.2200012207031,334.9599914550781,332.1499938964844,334.19000244140625,308.9923400878906,64584600,0.67,0.016609348926481804,0.24340520185237313,336.9395034790039,334.8642010498047,0.2506745317668105,50.89909315145967,357.70001220703125,-0.06572549332768196,Below 50-day average
2020-09-29,333.9700012207031,334.7699890136719,331.6199951171875,332.3699951171875,307.3094482421875,51304000,0.66,-0.005446025646855923,0.23663358523365097,336.0925033569336,335.02520080566404,0.25088832051282295,42.54119477580851,357.70001220703125,-0.07081357625222318,Below 50-day average
2020-09-30,333.0899963378906,338.2900085449219,332.8800048828125,334.8900146484375,309.6395263671875,104081100,0.69,0.007581970599847665,0.24600970471967676,335.2070037841797,335.2228009033203,0.24982686766065643,51.078516302816624,357.70001220703125,-0.06376851210558998,Below 50-day average
2020-10-01,337.69000244140625,338.739990234375,335.010009765625,337.0400085449219,311.6273498535156,88698700,0.68,0.006420000007290261,0.2540090870330609,334.1740036010742,335.4264013671875,0.24416930093023345,53.08234506835527,357.70001220703125,-0.05775790594648256,Above 50-day average
2020-10-02,331.70001220703125,337.010009765625,331.19000244140625,333.8399963378906,308.6686706542969,89431100,0.7,-0.009494458004693396,0.24210295041872154,333.59650268554685,335.64400146484377,0.21583073196249744,45.09970971409039,357.70001220703125,-0.066703983938728,Below 50-day average
2020-10-05,336.0599975585937,339.9599914550781,336.010009765625,339.760009765625,314.142333984375,45713100,0.78,0.017733086187020408,0.264129269091649,333.4560028076172,336.0216015625,0.22479215236509545,49.60077544948791,357.70001220703125,-0.05015376524791071,Above 50-day average
2020-10-06,339.9100036621094,342.1700134277344,334.3800048828125,334.92999267578125,309.676513671875,90128900,0.76,-0.014215967009112207,0.24615844910698903,333.54200286865233,336.25580139160155,0.20810192888615087,46.45265964256097,357.70001220703125,-0.06365674798487586,Below 50-day average
2020-10-07,338.1199951171875,341.6300048828125,338.0899963378906,340.760009765625,315.0668334960937,56999600,0.81,0.017406673685050666,0.26784992259046314,333.5905029296875,336.64760131835936,0.20535431602251117,54.26491977234573,357.70001220703125,-0.04735812653984939,Above 50-day average
2020-10-08,342.8500061035156,343.8500061035156,341.8599853515625,343.7799987792969,317.859130859375,45242500,0.78,0.008862510057295214,0.2790862552805622,334.08500213623046,337.02080139160154,0.19647568814483496,61.826700209791134,357.70001220703125,-0.0389153283553082,Above 50-day average
2020-10-09,345.5599975585937,347.3500061035156,344.8900146484375,346.8500061035156,320.6976623535156,59528600,0.79,0.00893015107080064,0.29050868877280234,334.72450256347656,337.4786016845703,0.1981600386964334,68.10564302565254,357.70001220703125,-0.030332697045690415,Above 50-day average
2020-10-12,349.5899963378906,354.0199890136719,349.0599975585937,352.42999267578125,325.8570251464844,80388500,0.79,0.016087606959996226,0.3112698853362392,335.4230026245117,337.9968017578125,0.20060481609026215,69.36132583468077,357.70001220703125,-0.014733070593801911,Above 50-day average
2020-10-13,352.2799987792969,352.4700012207031,349.0899963378906,350.1300048828125,323.7303161621094,73255500,0.74,-0.006526084160733192,0.30271242770710005,335.92100219726564,338.4236016845703,0.20254573337106396,76.53984311655007,357.70001220703125,-0.021163005495894005,Above 50-day average
2020-10-14,350.75,351.92999267578125,347.1400146484375,347.92999267578125,321.6962585449219,57727900,0.73,-0.006283415235342593,0.294526944591575,336.3765014648437,338.78100158691404,0.20354210858446173,72.99074192143901,357.70001220703125,-0.027313444780078022,Above 50-day average
2020-10-15,343.7099914550781,348.0199890136719,343.1300048828125,347.5,321.29864501953125,60357700,0.74,-0.0012358597557926565,0.2929270908379651,336.9595016479492,339.0888018798828,0.20025957336854197,69.41855009758922,357.70001220703125,-0.02851554894867503,Above 50-day average
2020-10-16,348.9599914550781,350.75,347.1000061035156,347.2900085449219,321.1046142578125,89501900,0.76,-0.0006042919570593552,0.2921457853959075,337.79150238037107,339.34800231933593,0.18998010198621626,65.20426140529466,357.70001220703125,-0.029102609188853545,Above 50-day average
2020-10-19,348.6499938964844,349.3299865722656,341.0400085449219,342.010009765625,316.2226867675781,68425600,0.78,-0.015203428401004304,0.27250073946398135,338.5435028076172,339.4968023681641,0.19436368559887623,60.35668946849361,357.70001220703125,-0.04386357815477271,Above 50-day average
2020-10-20,343.4599914550781,346.8800048828125,342.6400146484375,343.3800048828125,317.4893493652344,60051900,0.81,0.004005716435394158,0.2775980165901035,339.1975036621094,339.65300231933594,0.19227506179218903,59.35226646227493,357.70001220703125,-0.04003356677530823,Above 50-day average
2020-10-21,343.3299865722656,345.6700134277344,342.3999938964844,342.7300109863281,316.8883361816406,63575000,0.83,-0.0018929287880528056,0.275179614524941,340.2020034790039,339.85160278320313,0.1686585232113051,56.48211499470166,357.70001220703125,-0.04185071487232361,Above 50-day average
2020-10-22,342.9599914550781,345.239990234375,340.6499938964844,344.6099853515625,318.6265869140625,55399300,0.87,0.005485292518808249,0.28217434772463146,341.257502746582,339.99500244140626,0.16886385543224647,62.64974733553511,357.70001220703125,-0.036594985766711274,Above 50-day average
2020-10-23,345.92999267578125,345.989990234375,343.1300048828125,345.7799987792969,319.7083740234375,49143900,0.85,0.003395181444149742,0.2865275622781909,342.1100021362305,340.1740026855469,0.16181406892779937,57.958742339332765,357.70001220703125,-0.033324050939185446,Above 50-day average
2020-10-26,342.1300048828125,342.9800109863281,335.6199951171875,339.3900146484375,313.8002014160156,91473000,0.81,-0.018479912526513598,0.2627526454643412,342.37000274658203,340.2250030517578,0.1692334552825076,55.662808954108876,357.70001220703125,-0.05118813791931376,Below 50-day average
2020-10-27,339.760009765625,340.1199951171875,337.989990234375,338.2200012207031,312.7183532714844,65994100,0.79,-0.0034474008581141247,0.25839943091078155,342.6625030517578,340.2312030029297,0.1683976217532509,46.342147291516326,357.70001220703125,-0.05445907274683959,Below 50-day average
2020-10-28,332.1000061035156,338.25,326.1300048828125,326.6600036621094,302.030029296875,127094300,0.79,-0.03417892944495127,0.21538868554811508,342.2510025024414,339.9916027832031,0.207265108541928,30.212649783921748,357.70001220703125,-0.08677664938673912,Below 50-day average
2020-10-29,326.9100036621094,333.3999938964844,325.0899963378906,329.9800109863281,305.0997314453125,90597700,0.85,0.010163495031527914,0.22774128241505864,341.8980026245117,339.84660278320314,0.2094953033405702,30.61363480144263,357.70001220703125,-0.07749510840010598,Below 50-day average
2020-10-30,328.2799987792969,329.69000244140625,322.6000061035156,326.5400085449219,301.9190673828125,120287300,0.88,-0.010424881286366094,0.21494222529551088,341.53300323486326,339.61180297851564,0.2100225337211732,18.709201976083108,357.70001220703125,-0.08711211238112693,Below 50-day average
2020-11-02,330.20001220703125,332.3599853515625,327.239990234375,330.20001220703125,305.3031616210937,86068300,0.87,0.011208438679286337,0.22855983072661124,341.0550033569336,339.4262030029297,0.2034698243965679,26.679146050210832,357.70001220703125,-0.0768800644716876,Below 50-day average
2020-11-03,333.69000244140625,338.25,330.2900085449219,336.0299987792969,310.6934814453125,93294200,0.9,0.017655924762989716,0.25025119066475177,341.11000366210936,339.28840270996096,0.20813365928892916,37.16565413070568,357.70001220703125,-0.06058152834278385,Below 50-day average
2020-11-04,340.8599853515625,347.94000244140625,339.5899963378906,343.5400085449219,317.63726806640625,126959700,0.78,0.022349224155303826,0.2781933347753538,341.2490036010742,339.2768029785156,0.21418985377362737,46.294916227947695,357.70001220703125,-0.03958625434408369,Above 50-day average
2020-11-05,349.239990234375,352.19000244140625,348.8599853515625,350.239990234375,323.83203125,82039700,0.79,0.019502769758408034,0.3031216450902092,341.57200317382814,339.33020263671875,0.22285865876639538,52.461191016328165,357.70001220703125,-0.020855526189746176,Above 50-day average
2020-11-06,349.92999267578125,351.510009765625,347.6499938964844,350.1600036621094,323.75811767578125,74973000,0.83,-0.00022837646898088426,0.3028240427702509,341.7375030517578,339.36680297851564,0.22091274368798844,57.445643476520175,357.70001220703125,-0.021079139747297027,Above 50-day average
2020-11-09,363.9700012207031,364.3800048828125,354.0599975585937,354.5599975585937,327.82635498046875,172304200,0.96,0.012565666696560118,0.3191948954559669,341.84400329589846,339.4464031982422,0.21796506788283684,59.6779800895873,357.70001220703125,-0.008778346495051714,Above 50-day average
2020-11-10,353.489990234375,355.17999267578125,350.510009765625,354.0400085449219,327.3455505371094,85552000,0.98,-0.0014665755224850807,0.3172601965129038,342.0395034790039,339.54100341796874,0.2165708410530971,59.81260504824675,357.70001220703125,-0.010232047909439324,Above 50-day average
2020-11-11,356.3999938964844,357.5599975585937,355.0599975585937,356.6700134277344,329.7772216796875,58649000,0.98,0.007428552760524454,0.3270455333820388,342.47650451660155,339.6224035644531,0.21622247375863082,60.32890833483623,357.70001220703125,-0.0028795044566582995,Above 50-day average
2020-11-12,355.5799865722656,356.7200012207031,351.260009765625,353.2099914550781,326.57818603515625,67546200,0.88,-0.009700905157134287,0.314171990523501,342.76200408935546,339.53260314941406,0.21961594874697843,56.123285617851614,357.70001220703125,-0.01255247581415897,Above 50-day average
2020-11-13,355.2699890136719,358.8999938964844,354.7099914550781,358.1000061035156,331.09942626953125,62892200,0.89,0.01384449694724843,0.33236604063446307,343.30250396728513,339.78680297851565,0.22423768426712837,65.81036607159899,358.1000061035156,0.0,Above 50-day average
2020-11-16,360.9800109863281,362.7799987792969,359.5899963378906,362.5700073242188,335.2324523925781,74541100,0.91,0.012482549970722623,0.34899736631597666,344.3305038452148,340.18680297851563,0.21812542805152926,69.48935939467046,362.5700073242188,0.0,Above 50-day average
2020-11-17,359.9700012207031,361.9200134277344,358.3399963378906,360.6199951171875,333.429443359375,66111000,0.87,-0.0053783053414221405,0.34174204657515506,345.19250335693357,340.7350030517578,0.2200937033950229,82.12257024207949,362.5700073242188,-0.0053783053414221405,Above 50-day average
2020-11-18,360.9100036621094,361.5,356.239990234375,356.2799987792969,329.4166564941406,70591300,0.88,-0.012034818913688627,0.3255944240157411,345.87000274658203,341.06480285644534,0.22567885865082574,74.40607406232654,362.5700073242188,-0.017348397324264186,Above 50-day average
2020-11-19,355.6000061035156,358.17999267578125,354.1499938964844,357.7799987792969,330.8035888671875,59940900,0.86,0.004210171789433614,0.33117540426396275,346.52850341796875,341.5426025390625,0.2254657414894686,80.07315052556743,362.5700073242188,-0.013211265267837224,Above 50-day average
2020-11-20,357.5,357.7200012207031,355.25,355.3299865722656,328.5382995605469,70417300,0.83,-0.006847817696322922,0.3220597577737341,347.00600280761716,341.96800231933594,0.22753120078783698,74.7683509983932,362.5700073242188,-0.019968614628068204,Above 50-day average
2020-11-23,357.2799987792969,358.82000732421875,354.8699951171875,357.4599914550781,330.5077514648437,63230600,0.86,0.00599444168323604,0.329984767893462,347.90950164794924,342.34800231933593,0.21534097165492055,72.7833078101072,362.5700073242188,-0.014093873640715127,Above 50-day average
2020-11-24,360.2099914550781,363.80999755859375,359.2900085449219,363.2200012207031,335.8334350585937,62415900,0.88,0.016113718747035932,0.3514157683811392,349.15950164794924,342.80900207519534,0.2191141644645464,71.73142661497732,363.2200012207031,0.0,Above 50-day average
2020-11-25,363.1300048828125,363.1600036621094,361.4800109863281,362.6600036621094,335.3156433105469,45330900,0.88,-0.0015417585945479706,0.3493322115054298,350.9595016479492,343.28580200195313,0.16932506500835104,65.86612045930696,363.2200012207031,-0.0015417585945479706,Above 50-day average
2020-11-27,363.8399963378906,364.1799926757813,362.5799865722656,363.6700134277344,336.2494812011719,28514100,0.84,0.0027850045646777843,0.3530901078737392,352.64400177001954,343.84240234375,0.16853494357007692,66.85798192862845,363.6700134277344,0.0,Above 50-day average
2020-11-30,362.8299865722656,363.1199951171875,359.1700134277344,362.05999755859375,334.76092529296875,83872700,0.84,-0.004427133966767305,0.3470997966970746,354.4200012207031,344.47060241699216,0.16252695077308693,60.058988501908225,363.6700134277344,-0.004427133966767305,Above 50-day average
2020-12-01,365.5700073242188,367.6799926757813,364.9299926757813,366.0199890136719,338.42236328125,74231400,0.92,0.010937390161245952,0.36183355275968565,356.2110000610352,345.25160217285156,0.16239741521250295,64.7101586131021,366.0199890136719,0.0,Above 50-day average
2020-12-02,364.8200073242188,366.9599914550781,364.2000122070313,366.7900085449219,339.13427734375,45927000,0.95,0.002103763604072606,0.3646985286227864,357.7490005493164,345.9814025878906,0.15584264528565137,63.02105911252674,366.7900085449219,0.0,Above 50-day average
2020-12-03,366.6799926757813,368.1900024414063,365.5,366.6900024414063,339.0417785644531,62882000,0.92,-0.00027265220203875895,0.36432644056383845,358.9065002441406,346.86240234375,0.14136779754678405,68.98588200301398,366.7900085449219,-0.00027265220203875895,Above 50-day average
2020-12-04,367.3200073242188,369.8500061035156,367.2200012207031,369.8500061035156,341.9635314941406,50749900,0.97,0.008617643352887061,0.3760837192455315,359.88700103759766,347.78940246582033,0.12961622473902376,67.3970565111542,369.8500061035156,0.0,Above 50-day average
2020-12-07,369.0199890136719,369.6199951171875,367.7200012207031,369.0899963378906,341.2607727050781,48944300,0.94,-0.0020549134867724472,0.3732559862519258,360.83350067138673,348.5966021728516,0.1303347874669267,60.84492629001351,369.8500061035156,-0.0020549134867724472,Above 50-day average
2020-12-08,367.7200012207031,370.7799987792969,367.6700134277344,370.1700134277344,342.25946044921875,42458900,0.92,0.00292616191324524,0.3772743556160323,361.61400146484374,349.31620239257813,0.1250083667519159,66.35832058722372,370.1700134277344,0.0,Above 50-day average
2020-12-09,370.8800048828125,371.0499877929688,365.9500122070313,366.8500061035156,339.189697265625,74098300,0.95,-0.008968871609766116,0.3649217587490887,362.25450134277344,350.0058026123047,0.1306260262524658,68.76103644545756,370.1700134277344,-0.008968871609766116,Above 50-day average
2020-12-10,365.3699951171875,367.8599853515625,364.4299926757813,366.7300109863281,339.07879638671875,57735400,0.92,-0.0003270958571379712,0.3644752984964845,362.75750122070315,350.6426025390625,0.12909424369910708,66.70395439809178,370.1700134277344,-0.009293033786157312,Above 50-day average
2020-12-11,364.8999938964844,366.739990234375,363.260009765625,366.2999877929688,338.6811218261719,57698600,0.9,-0.0011725879542903161,0.3628753311975408,363.41200103759763,351.2278021240234,0.12274051364890498,72.14362540302885,370.1700134277344,-0.010454724840971208,Above 50-day average
2020-12-14,368.6400146484375,369.7999877929688,364.4700012207031,364.6600036621094,337.16485595703125,69216200,0.9,-0.004477161303609867,0.3567735185030587,363.74000091552733,351.8442022705078,0.11603958389407527,64.82698809718337,370.1700134277344,-0.01488507865508315,Above 50-day average
2020-12-15,367.3999938964844,369.5899963378906,365.9200134277344,369.5899963378906,341.7230529785156,63865300,0.92,0.01351942254777505,0.3751163130013331,364.09100036621095,352.4408020019531,0.11745801067651174,63.58203671988471,370.1700134277344,-0.0015668937753030576,Above 50-day average
2020-12-16,369.8200073242188,371.1600036621094,368.8699951171875,370.1700134277344,342.25946044921875,58420500,0.92,0.0015693527844120592,0.37727435561603206,364.5685012817383,353.1456024169922,0.11502961794477522,65.99910541070498,370.1700134277344,0.0,Above 50-day average
2020-12-17,371.9400024414063,372.4599914550781,371.0499877929688,372.239990234375,344.1732788085937,64119500,0.94,0.00559196242686677,0.38497602206412407,365.3665008544922,353.7752020263672,0.10438591032646093,67.46831616283143,372.239990234375,0.0,Above 50-day average
2020-12-18,370.9700012207031,371.1499938964844,367.0199890136719,369.1799926757813,342.7990417480469,136542300,0.95,-0.008220496558327905,0.37359083144137917,365.9365005493164,354.2832019042969,0.11038639501161764,63.70281705692632,372.239990234375,-0.008220496558327905,Above 50-day average
2020-12-21,364.9700012207031,378.4599914550781,362.0299987792969,367.8599853515625,341.5733947753906,96386700,0.95,-0.003575511540188092,0.36867954157206406,366.56300048828126,354.7034014892578,0.1076449977583806,53.94171339958973,372.239990234375,-0.011766615618205578,Above 50-day average
2020-12-22,368.2099914550781,368.3299865722656,366.0299987792969,367.239990234375,340.9976806640625,47949000,0.93,-0.0016854105960858456,0.3663727545700526,367.05200042724607,354.9996014404297,0.1070848002857279,50.970204937287065,372.239990234375,-0.013432194635648487,Above 50-day average
2020-12-23,368.2799987792969,369.6199951171875,367.2200012207031,367.5700073242188,341.3041076660156,46201400,0.96,0.000898641484096574,0.3676006338100486,367.2695007324219,355.3484014892578,0.09183842509780356,51.87874302214671,372.239990234375,-0.012545623878874035,Above 50-day average
2020-12-24,368.0799865722656,369.0299987792969,367.4500122070313,369.0,342.6319274902344,26457900,0.94,0.003890395427502469,0.37292114106247265,367.5865005493164,355.76980163574217,0.09217297667208266,48.04056059960126,372.239990234375,-0.008704035889145034,Above 50-day average
2020-12-28,371.739990234375,372.5899963378906,371.0700073242188,372.1700134277344,345.5754089355469,39000400,0.94,0.008590822297383172,0.38471566261366097,368.0115005493164,356.26320190429686,0.09598703272654197,56.39006723987286,372.239990234375,-0.00018798841735556682,Above 50-day average
2020-12-29,373.80999755859375,374.0,370.8299865722656,371.4599914550781,344.9161071777344,53680500,0.94,-0.0019077893087540154,0.3820739168768623,368.48150024414065,356.7466015625,0.09444162469483497,52.718027330738984,372.239990234375,-0.0020954190838167186,Above 50-day average
2020-12-30,372.3399963378906,373.1000061035156,371.5700073242188,371.989990234375,345.4082946777344,49455300,0.93,0.0014267990940848296,0.3840458586894204,368.7800003051758,357.346201171875,0.08733478064359795,62.27310420410311,372.239990234375,-0.0006716097317823744,Above 50-day average
2020-12-31,371.7799987792969,374.6600036621094,371.2300109863281,373.8800048828125,347.1631774902344,78520700,0.93,0.005080821253407031,0.3910779483039397,369.13450012207034,357.956201171875,0.08854450418816001,65.74191406990136,373.8800048828125,0.0,Above 50-day average
2021-01-04,375.30999755859375,375.4500122070313,364.8200073242188,368.7900085449219,342.4369201660156,110210800,0.93,-0.013613983822124975,0.3721398356204151,369.23950042724607,358.4774011230469,0.10258393648836846,54.54880968176774,373.8800048828125,-0.013613983822124975,Above 50-day average
2021-01-05,368.1000061035156,372.5,368.0499877929688,371.3299865722656,344.7954406738281,66426200,0.96,0.006887328746690624,0.3815902137547629,369.3134994506836,359.0118011474609,0.10089433161309705,61.7969195295093,373.8800048828125,-0.00682041905756936,Above 50-day average
2021-01-06,369.7099914550781,376.9800109863281,369.1199951171875,373.5499877929688,346.8568420410156,107997700,1.04,0.005978513184986545,0.38985006906394415,369.5364990234375,359.56720092773435,0.10250988706521044,57.74645364879282,373.8800048828125,-0.000882681837845678,Above 50-day average
2021-01-07,376.1000061035156,379.8999938964844,375.9100036621094,379.1000061035156,352.01025390625,68766800,1.08,0.0148574983052141,0.41049976410956335,369.9829986572266,360.36140075683596,0.11415638738684598,64.62493302732486,379.1000061035156,0.0,Above 50-day average
2021-01-08,380.5899963378906,381.489990234375,377.1000061035156,381.260009765625,354.015869140625,71677200,1.13,0.005697714659280706,0.4185363892924423,370.70349884033203,361.2222009277344,0.10853193587501339,64.72894021874546,381.260009765625,0.0,Above 50-day average
2021-01-11,377.8500061035156,380.5799865722656,377.7200012207031,378.6900024414063,351.62957763671875,51034700,1.15,-0.006740825836411668,0.40897428254960966,371.30149841308594,362.26280090332034,0.1126276196668944,65.78159468936556,381.260009765625,-0.006740825836411668,Above 50-day average
2021-01-12,378.8900146484375,379.8599853515625,376.3599853515625,378.7699890136719,351.70379638671875,52547700,1.15,0.0002112191284424636,0.40927188486956756,371.9249984741211,363.2386004638672,0.11227752015384981,68.88194289661969,381.260009765625,-0.0065310304993273505,Above 50-day average
2021-01-13,378.6900024414063,380.8599853515625,377.8500061035156,379.7900085449219,352.6508483886719,45303600,1.1,0.0026929787492038226,0.4130670241073717,372.6814987182617,364.3036004638672,0.10990603122257839,71.42367445771265,381.260009765625,-0.003855639676468514,Above 50-day average
2021-01-14,380.5899963378906,381.1300048828125,378.1000061035156,378.4599914550781,351.4159240722656,49989100,1.15,-0.003501980199372312,0.4081184913685618,373.12499847412107,365.2688000488281,0.10273590847180085,67.97616228987098,381.260009765625,-0.007344117502037895,Above 50-day average
2021-01-15,376.7200012207031,377.5799865722656,373.7000122070313,375.7000122070313,348.8531188964844,107160000,1.11,-0.007292657904037436,0.39784956492266166,373.40149841308596,366.0622003173828,0.10704620379427597,60.59456089317337,381.260009765625,-0.014583217269525939,Above 50-day average
2021-01-19,378.3399963378906,379.2300109863281,376.75,378.6499938964844,351.5923156738281,51233300,1.1,0.007851960589842832,0.40882542461696336,373.7219985961914,366.76440002441404,0.10868634146505135,60.31843221409724,381.260009765625,-0.006845763526956539,Above 50-day average
2021-01-20,381.1099853515625,384.7900085449219,380.6900024414063,383.8900146484375,356.4578552246094,61836100,1.1,0.013838692292137411,0.42832172616157727,374.4574996948242,367.4374005126953,0.11234320931297669,67.29754407124454,383.8900146484375,0.0,Above 50-day average
2021-01-21,384.489990234375,384.9500122070313,383.25,384.239990234375,356.7828674316406,47840100,1.12,0.0009116558716901757,0.42962386404989505,375.27649993896483,368.11900024414064,0.11051479505793181,67.13286713286723,384.239990234375,0.0,Above 50-day average
2021-01-22,382.25,384.1300048828125,381.8399963378906,382.8800048828125,355.5201416015625,52860500,1.1,-0.0035394164744094736,0.4245638297932679,376.0585006713867,368.685400390625,0.11157102078559535,62.776841973922345,384.239990234375,-0.0035394164744094736,Above 50-day average
2021-01-25,383.6700134277344,384.7699890136719,378.4599914550781,384.3900146484375,356.9221496582031,70402000,1.05,0.003943819855746211,0.43018205291098455,376.89950103759764,369.29240051269534,0.11165576236879142,74.65236082135169,384.3900146484375,0.0,Above 50-day average
2021-01-26,385.4100036621094,385.8500061035156,383.5400085449219,383.7900085449219,356.36505126953125,42665300,1.05,-0.001560930514972858,0.4279496381026293,377.6390014648438,369.83480041503907,0.1122770744750996,70.97645934587618,384.3900146484375,-0.001560930514972858,Above 50-day average
2021-01-27,380.2200012207031,380.3200073242188,372.010009765625,374.4100036621094,347.6553955078125,123351100,1.04,-0.024440461382450485,0.3930498901164978,377.7510009765625,370.2588006591797,0.14342411408277045,51.16659725838668,384.3900146484375,-0.025963242035451528,Above 50-day average
2021-01-28,376.3599853515625,381.9299926757813,375.8900146484375,377.6300048828125,350.645263671875,94198100,1.07,0.008600200820512827,0.405030398924493,378.0595016479492,370.64940063476564,0.1460666355221457,47.87141431701338,384.3900146484375,-0.017586330310395026,Above 50-day average
2021-01-29,375.6300048828125,376.6700134277344,368.2699890136719,370.0700073242188,343.6255187988281,126765100,1.11,-0.02001958917681801,0.3769022675570839,377.96350250244143,370.7994006347656,0.16374029140748697,35.98797333590127,384.3900146484375,-0.03725384837927115,Below 50-day average
2021-02-01,373.7200012207031,377.3399963378906,370.3800048828125,376.2300109863281,349.34527587890625,75817600,1.09,0.01664550906637663,0.39982150673521977,378.0810028076172,371.1116009521484,0.17354664252087484,47.17372233905506,384.3900146484375,-0.02122844858384909,Above 50-day average
2021-02-02,379.6499938964844,383.2200012207031,376.3200073242188,381.5499877929688,354.2851257324219,64450700,1.12,0.014140224467191764,0.41961529705445844,378.71900177001953,371.6170007324219,0.17183904053209687,52.85069725435567,384.3900146484375,-0.007388399144723334,Above 50-day average
2021-02-03,382.4400024414063,383.7000122070313,380.4800109863281,381.8500061035156,354.5636291503906,52427100,1.15,0.0007863145594164678,0.42073156123130273,379.24500274658203,372.09840087890626,0.17078510519281143,52.1440450674449,384.3900146484375,-0.006607894191125063,Above 50-day average
2021-02-04,382.9599914550781,386.239990234375,381.9700012207031,386.1900024414063,358.5935363769531,47142600,1.15,0.011365709751263386,0.4368791837907171,379.8770034790039,372.7156011962891,0.17372372270652012,57.57102591156777,386.1900024414063,0.0,Above 50-day average
2021-02-05,388.2000122070313,388.4700012207031,386.1400146484375,387.7099914550781,360.0049133300781,48669800,1.19,0.0039358580078789895,0.44253453623259453,380.30750274658203,373.3206011962891,0.166965570531693,62.05579923206668,387.7099914550781,0.0,Above 50-day average
2021-02-08,389.2699890136719,390.55999755859375,388.3500061035156,390.510009765625,362.6048583984375,38365200,1.19,0.0072219400383219945,0.452952434156475,380.770002746582,373.8664013671875,0.16759947816264473,61.94121525829634,390.510009765625,0.0,Above 50-day average
2021-02-09,389.6099853515625,390.8900146484375,389.1700134277344,390.25,362.3634033203125,35551100,1.18,-0.0006658210010571652,0.45198502791227657,381.3480026245117,374.4182012939453,0.16512568080256854,57.1172631984449,390.510009765625,-0.0006658210010571652,Above 50-day average
2021-02-10,392.1199951171875,392.2799987792969,387.5,390.0799865722656,362.20550537109375,59154400,1.15,-0.00043565260149747154,0.4513524668575313,381.9135025024414,374.94640075683594,0.16521150864372677,56.56178913808134,390.510009765625,-0.0011011835359033828,Above 50-day average
2021-02-11,391.239990234375,391.6900024414063,388.1000061035156,390.7099914550781,362.7905883789063,42913300,1.16,0.0016150658954552366,0.4536964967290378,382.4595016479492,375.51940063476565,0.1651546410237699,58.944456955761794,390.7099914550781,0.0,Above 50-day average
2021-02-12,389.8500061035156,392.8999938964844,389.7699890136719,392.6400146484375,364.5826110839844,50593300,1.2,0.004939784585931806,0.4608774442762029,383.1685028076172,376.05180114746094,0.16450106109769885,59.334677697821874,392.6400146484375,0.0,Above 50-day average
2021-02-16,393.9599914550781,394.1700134277344,391.5299987792969,392.2999877929688,364.2669372558594,50972400,1.3,-0.0008660015352055517,0.45961232216671255,383.9985015869141,376.5620007324219,0.1612923590452458,59.685821684042,392.6400146484375,-0.0008660015352055517,Above 50-day average
2021-02-17,390.4200134277344,392.6600036621094,389.3299865722656,392.3900146484375,364.35052490234375,52290600,1.29,0.00022948472666328712,0.4599472809014993,384.68550262451174,377.0760009765625,0.1600225772182329,75.95259218015906,392.6400146484375,-0.000636715542667865,Above 50-day average
2021-02-18,389.5899963378906,391.5199890136719,387.739990234375,390.7200012207031,362.7998962402344,59712800,1.29,-0.004256003887434856,0.4537337395985326,385.027001953125,377.49340087890624,0.1548218524019995,69.77931323244475,392.6400146484375,-0.004890009566277942,Above 50-day average
2021-02-19,392.0700073242188,392.3800048828125,389.5499877929688,390.0299987792969,362.15911865234375,83241000,1.34,-0.0017659767589335296,0.451166479600724,385.3165023803711,377.9122009277344,0.15511697452968862,88.06235240304443,392.6400146484375,-0.006647350681966535,Above 50-day average
2021-02-22,387.05999755859375,389.6199951171875,386.739990234375,387.0299987792969,359.3735046386719,67414200,1.37,-0.007691716045917785,0.4400045191042812,385.5240020751953,378.2494006347656,0.157339734929184,73.41702464420618,392.6400146484375,-0.014287937193980915,Above 50-day average
2021-02-23,384.6600036621094,388.9500122070313,380.2000122070313,387.5,359.8099670410156,107284100,1.37,0.0012143793044092632,0.4417532307905372,385.67950134277345,378.6624005126953,0.1568647625539188,66.33708166446011,392.6400146484375,-0.013090908864802686,Above 50-day average
2021-02-24,386.3299865722656,392.2300109863281,385.2699890136719,391.7699890136719,363.7748107910156,72433900,1.38,0.011019326486895187,0.457640380354154,386.07850036621096,379.1632000732422,0.16102711162640954,72.36233451385402,392.6400146484375,-0.0022158353766990047,Above 50-day average
2021-02-25,390.4100036621094,391.8800048828125,380.7799987792969,382.3299865722656,355.0093688964844,146670500,1.54,-0.024095777385022776,0.4225174022417204,386.47449951171876,379.48380004882813,0.16030565052527165,42.92522219674116,392.6400146484375,-0.026258220485762984,Above 50-day average
2021-02-26,384.3500061035156,385.5799865722656,378.2300109863281,380.3599853515625,353.18017578125,152701600,1.44,-0.005152620223082494,0.415187710307243,386.6109985351562,379.7977996826172,0.15919609488686184,36.74725777820326,392.6400146484375,-0.0312755420709484,Above 50-day average
2021-03-01,385.5899963378906,390.9200134277344,380.5700073242188,389.5799865722656,361.74127197265625,105348800,1.45,0.02424019764376939,0.449492140108124,387.5864974975586,380.1975994873047,0.16137733967329457,48.6383308415942,392.6400146484375,-0.007793469748394788,Above 50-day average
2021-03-02,389.8200073242188,390.0700073242188,386.0,386.5400085449219,358.9185485839844,79595300,1.42,-0.0078032191902133174,0.4381814352243689,388.1019973754883,380.5249993896484,0.15645743870266915,44.97700650759218,392.6400146484375,-0.01553587478590901,Above 50-day average
2021-03-03,385.7900085449219,386.8299865722656,381.30999755859375,381.4200134277344,354.1644592285156,119940200,1.47,-0.013245705500087857,0.41913170747769324,388.0954986572266,380.70859985351564,0.15707576247418895,39.66098434337028,392.6400146484375,-0.028575796663896535,Above 50-day average
2021-03-04,381.2200012207031,384.0,371.8800048828125,376.7000122070313,349.7817687988281,183433000,1.54,-0.012374812685589043,0.40157021842147667,387.83799896240237,380.85900024414065,0.16306772754433635,34.76184438246965,392.6400146484375,-0.04059698921842847,Below 50-day average
2021-03-05,380.4599914550781,384.760009765625,372.6400146484375,383.6300048828125,356.2165222167969,152039600,1.56,0.01839658203136052,0.42735431991737927,387.70999908447266,381.1744006347656,0.17161268588716713,41.16146345377098,392.6400146484375,-0.022947253029450887,Above 50-day average
2021-03-08,384.6600036621094,387.6799926757813,381.4200134277344,381.7200012207031,354.4429626464844,123149200,1.59,-0.004978765054346579,0.42024785810920395,387.4104995727539,381.4640008544922,0.17162753499625014,39.93149519263992,392.6400146484375,-0.027811769102321193,Above 50-day average
2021-03-09,385.8500061035156,389.9100036621094,385.30999755859375,387.1700134277344,359.50347900390625,113633600,1.55,0.014277512809395931,0.4405254650958752,387.2434997558594,381.8560009765625,0.1776799671331419,45.49222644994089,392.6400146484375,-0.01393133918253564,Above 50-day average
2021-03-10,389.6900024414063,391.3999938964844,388.1700134277344,389.5799865722656,361.74127197265625,109899400,1.53,0.006224586256551756,0.44949214010812377,387.20999908447266,382.2676007080078,0.17920468239618736,49.02795399877388,392.6400146484375,-0.007793469748394788,Above 50-day average
2021-03-11,392.2300109863281,395.6499938964844,391.739990234375,393.5299987792969,365.4090270996094,86245000,1.54,0.010139155868312377,0.4641887668465736,387.3824996948242,382.6948004150391,0.18277929710172436,52.82714222185849,393.5299987792969,0.0,Above 50-day average
2021-03-12,392.0700073242188,394.2099914550781,391.2000122070313,394.05999755859375,365.9011840820313,64653600,1.64,0.0013467811372471772,0.46616070865913173,387.55,383.14680053710936,0.18276013287777965,55.91452402458457,394.05999755859375,0.0,Above 50-day average
2021-03-15,394.3299865722656,396.6900024414063,392.0299987792969,396.4100036621094,368.0832824707031,73427200,1.62,0.005963574374651337,0.474904267090412,387.7384994506836,383.63520080566406,0.18312651655953305,57.26635822210498,396.4100036621094,0.0,Above 50-day average
2021-03-16,397.0700073242188,397.8299865722656,395.0799865722656,395.9100036621094,367.6190185546875,73722500,1.62,-0.001261320338490246,0.4730439403410047,387.91900024414065,384.07580078125,0.18317217306264208,53.597511495807424,396.4100036621094,-0.001261320338490246,Above 50-day average
2021-03-17,394.5299987792969,398.1199951171875,393.2999877929688,397.260009765625,368.8724670410156,97959300,1.63,0.0034098812634899556,0.4780668452734709,388.1625,384.64520080566405,0.18345265236446684,65.09608566401526,397.260009765625,0.0,Above 50-day average
2021-03-18,394.4800109863281,396.7200012207031,390.75,391.4800109863281,363.5055236816406,115349100,1.71,-0.014549661776192768,0.45656147259213764,388.20050048828125,385.04820129394534,0.19062485809665364,60.43938224513432,397.260009765625,-0.014549661776192768,Above 50-day average
2021-03-19,389.8800048828125,391.5700073242188,387.1499938964844,389.4800109863281,362.8330078125,113624500,1.74,-0.005108817676184874,0.44912016559450896,388.1730010986328,385.3668017578125,0.19144168114565163,49.89142524581775,397.260009765625,-0.019584147883112912,Above 50-day average
2021-03-22,390.0299987792969,394.0700073242188,389.9700012207031,392.5899963378906,365.7301635742188,73778600,1.69,0.00798496781307656,0.4606913434740614,388.4510009765625,385.6366015625,0.19117674316131059,56.560387893035575,397.260009765625,-0.011755558860529591,Above 50-day average
2021-03-23,391.9100036621094,393.4599914550781,388.6600036621094,389.5,362.8515625,90686600,1.63,-0.00787079743934982,0.4491945377881652,388.5510009765625,385.8014013671875,0.19360896177557718,59.16514182577977,397.260009765625,-0.019533830677301856,Above 50-day average
2021-03-24,391.0,392.75,387.4700012207031,387.5199890136719,361.007080078125,97588600,1.62,-0.005083468514321288,0.44182760298419277,388.3385009765625,385.97800109863283,0.19022317452488272,63.086572042972605,397.260009765625,-0.024517999578410943,Above 50-day average
2021-03-25,385.9800109863281,390.5499877929688,383.8999938964844,389.7000122070313,363.0379638671875,116128600,1.63,0.005625576112623598,0.449938713906062,388.7070022583008,386.1966015625,0.16939376815564314,58.294619935912365,397.260009765625,-0.019030351338545026,Above 50-day average
2021-03-26,390.9299926757813,396.4100036621094,390.2900085449219,395.9800109863281,368.8883361816406,114409100,1.67,0.016114956588609175,0.47330441333680207,389.4880035400391,386.5204016113281,0.1758331086989207,67.40722914546356,397.260009765625,-0.0032220680356224163,Above 50-day average
2021-03-29,394.3999938964844,396.75,392.80999755859375,395.7799987792969,368.701904296875,108107600,1.73,-0.0005051068273195236,0.4725602372189057,389.7980041503906,386.8668017578125,0.15518258198956894,62.05541872552656,397.260009765625,-0.0037255473743790235,Above 50-day average
2021-03-30,394.4200134277344,395.4500122070313,393.0199890136719,394.7300109863281,367.7237243652344,76262200,1.73,-0.002652958199523048,0.4686535964632843,390.20750427246094,387.2474017333984,0.15243262996542392,57.49638853499789,397.260009765625,-0.006368621852447576,Above 50-day average
2021-03-31,395.3399963378906,398.0,395.30999755859375,396.3299865722656,369.21429443359375,112734200,1.74,0.0040533416294838975,0.4746065512251201,390.9530029296875,387.60100158691404,0.14292228712792196,54.37498092651368,397.260009765625,-0.002341094423040646,Above 50-day average
2021-04-01,398.3999938964844,400.6700134277344,398.1799926757813,400.6099853515625,373.2014770507813,99682900,1.69,0.010799078859294209,0.4905309436582319,392.14850158691405,387.9354010009766,0.13558385412435944,59.16082208806818,400.6099853515625,0.0,Above 50-day average
2021-04-05,403.4599914550781,406.9400024414063,403.3800048828125,406.3599853515625,378.5580749511719,91684800,1.73,0.01435311202978129,0.5119247012764141,393.2850006103516,388.3778009033203,0.1301923355216985,62.707513717322215,406.3599853515625,0.0,Above 50-day average
2021-04-06,405.760009765625,407.239990234375,405.3999938964844,406.1199951171875,378.33447265625,62021000,1.67,-0.0005905853012750928,0.5110317807712055,394.50500030517577,388.8426007080078,0.12756930011840603,63.12676217702085,406.3599853515625,-0.0005905853012750928,Above 50-day average
2021-04-07,405.9400024414063,406.9599914550781,405.4500122070313,406.5899963378906,378.7723388671875,55836300,1.68,0.0011572964304984446,0.5127804924574617,395.4759994506836,389.2866003417969,0.12068316381998162,62.27307506718127,406.5899963378906,0.0,Above 50-day average
2021-04-08,407.9299926757813,408.5799865722656,406.9299926757813,408.5199890136719,380.57025146484375,57863100,1.64,0.004746778556197873,0.5199613264592933,396.4229995727539,389.78119995117186,0.12018757760921839,74.94143943738979,408.5199890136719,0.0,Above 50-day average
2021-04-09,408.3900146484375,411.6700134277344,408.260009765625,411.489990234375,383.3370971679688,61104600,1.67,0.007270149076117116,0.531011671892585,397.3209991455078,390.5227996826172,0.11815268923740296,81.32649488897518,411.489990234375,0.0,Above 50-day average
2021-04-12,410.8500061035156,411.9299926757813,410.2000122070313,411.6400146484375,383.476806640625,56704900,1.69,0.0003645882466716266,0.5315698607536741,398.2,391.2029998779297,0.11830473285328638,79.6083468434668,411.6400146484375,0.0,Above 50-day average
2021-04-13,411.5299987792969,413.5299987792969,411.1199951171875,412.8599853515625,384.6132507324219,56551000,1.64,0.002963683460576405,0.536108949018707,399.02249908447266,392.05879943847657,0.11751931260837967,88.54784614299959,412.8599853515625,0.0,Above 50-day average
2021-04-14,412.8299865722656,413.9599914550781,410.8699951171875,411.4500122070313,383.2998962402344,61659900,1.64,-0.003415136352656112,0.5308629275052728,399.7994995117188,392.7631994628906,0.11857088483029503,90.24564998034283,412.8599853515625,-0.003415136352656112,Above 50-day average
2021-04-15,413.739990234375,416.1600036621094,413.6900024414063,415.8699951171875,387.41741943359375,60229800,1.56,0.01074245419619091,0.5473081523846448,400.7299987792969,393.449599609375,0.12255537394477317,90.9290848518983,415.8699951171875,0.0,Above 50-day average
2021-04-16,417.25,417.9100036621094,415.7300109863281,417.260009765625,388.7122802734375,82037300,1.59,0.0033424259137662116,0.552479915249757,402.01899871826174,394.15779968261717,0.1051042365189072,89.29109544658017,417.260009765625,0.0,Above 50-day average
2021-04-19,416.260009765625,416.739990234375,413.7900085449219,415.2099914550781,386.8025817871094,78498500,1.61,-0.004913047650308866,0.5448525074499875,403.30549774169924,394.73819946289063,0.10490071293169398,83.58112441665203,417.260009765625,-0.004913047650308866,Above 50-day average
2021-04-20,413.9100036621094,415.0899963378906,410.5899963378906,412.1700134277344,383.9705810546875,81851800,1.58,-0.007321543531961572,0.5335418025662324,404.28449859619144,395.22739990234373,0.109650715258677,78.20188633061724,417.260009765625,-0.012198620090024148,Above 50-day average
2021-04-21,411.510009765625,416.2900085449219,411.3599853515625,416.0700073242188,387.6036987304688,66793000,1.57,0.009462100030157128,0.5480523285025416,405.6129989624024,395.7385998535156,0.10516300656095819,79.71110218997562,417.260009765625,-0.002851944623388669,Above 50-day average
2021-04-22,415.8900146484375,416.7799987792969,411.1300048828125,412.2699890136719,384.063720703125,97582800,1.57,-0.009133122416069228,0.5339137770798468,406.8504989624024,396.1789996337891,0.11031421276118115,67.80699146084676,417.260009765625,-0.01195901988008874,Above 50-day average
2021-04-23,412.8699951171875,418.25,412.7900085449219,416.739990234375,388.2278442382813,73209200,1.58,0.010842412350696051,0.5505451027613602,408.2024978637695,396.71219970703123,0.11339500198429708,66.49716746857054,417.260009765625,-0.001246272154242889,Above 50-day average
2021-04-26,417.4400024414063,418.2200012207031,416.80999755859375,417.6099853515625,389.0383605957031,52182400,1.58,0.002087620908898691,0.5537820531380753,409.28399658203125,397.2501995849609,0.1029591646393375,67.90277730227746,417.6099853515625,0.0,Above 50-day average
2021-04-27,417.9299926757813,418.1400146484375,416.2999877929688,417.5199890136719,388.9544982910156,51303100,1.63,-0.00021550331899955477,0.5534472079486221,410.37099609375,397.74779907226565,0.10284530824481836,67.2343206245573,417.6099853515625,-0.00021550331899955477,Above 50-day average
2021-04-28,417.80999755859375,419.010009765625,416.8999938964844,417.3999938964844,388.8426818847656,51238900,1.63,-0.00028739969425406464,0.5530007476960179,411.50449523925784,398.24979919433594,0.10154776218967343,64.84952468048363,417.6099853515625,-0.0005028410776656278,Above 50-day average
2021-04-29,420.3200073242188,420.7200012207031,416.4400024414063,420.05999755859375,391.3207702636719,78544300,1.65,0.006372792767143753,0.5628976996283039,412.69099578857424,398.8031988525391,0.10225408649192466,64.48127276702654,420.05999755859375,0.0,Above 50-day average
2021-04-30,417.6300048828125,418.5400085449219,416.3399963378906,417.2999877929688,388.7495422363281,85527000,1.65,-0.006570513216364926,0.5526286596370698,413.5254959106445,399.33479858398437,0.10311310783844142,58.788791502073785,420.05999755859375,-0.006570513216364926,Above 50-day average
2021-05-03,419.4299926757813,419.8399963378906,417.6700134277344,418.2000122070313,389.5879821777344,68128300,1.63,0.0021567803508037997,0.5559773386222697,414.117497253418,399.89819885253905,0.092360181127652,58.37519767499752,420.05999755859375,-0.004427904019360884,Above 50-day average
2021-05-04,416.0700073242188,416.6000061035156,411.6700134277344,415.6199951171875,387.1845703125,101591200,1.61,-0.00616933767224892,0.5463779890099418,414.59249725341795,400.4699987792969,0.09604676047374784,56.30858812318547,420.05999755859375,-0.010569924456534152,Above 50-day average
2021-05-05,417.3800048828125,417.6300048828125,415.1499938964844,415.75,387.3056640625,60162200,1.59,0.00031279746965928723,0.546861692132041,415.0504974365234,401.03499877929687,0.0960954958712813,49.79138591483537,420.05999755859375,-0.010260433232499255,Above 50-day average
2021-05-06,415.8299865722656,419.2099914550781,413.6799926757813,419.0700073242188,390.39849853515625,74321400,1.58,0.007985585867032574,0.5592142889989848,415.57799835205077,401.5809991455078,0.09837214971227179,52.948833194783155,420.05999755859375,-0.0023567829360777726,Above 50-day average
2021-05-07,419.8900146484375,422.8200073242188,419.1600036621094,422.1199951171875,393.2398376464844,67733800,1.6,0.007277991122397465,0.5705622367522347,416.10949859619143,402.3767993164063,0.09837847223349848,60.902487338925766,422.1199951171875,0.0,Above 50-day average
2021-05-10,422.5,422.739990234375,417.80999755859375,417.9400024414063,389.34576416015625,81852400,1.63,-0.009902380186043391,0.5550099323780715,416.4244979858398,403.12839965820314,0.10611171011642424,58.78766470683932,422.1199951171875,-0.009902380186043391,Above 50-day average
2021-05-11,413.1000061035156,415.2699890136719,410.05999755859375,414.2099914550781,385.87103271484375,116888000,1.64,-0.008924752271951109,0.5411318539511738,416.49199829101565,403.6209997558594,0.11114031894055988,47.152461444302645,422.1199951171875,-0.018738756167931414,Above 50-day average
2021-05-12,411.2300109863281,412.5899963378906,404.0,405.4100036621094,377.6730651855469,134811000,1.69,-0.021245233032779476,0.5083901485797417,416.1899978637695,403.99839965820314,0.13439243177353716,40.89222102291329,422.1199951171875,-0.03958587995917884,Above 50-day average
2021-05-13,407.0700073242188,412.3500061035156,407.0199890136719,410.2799987792969,382.2098693847656,106394000,1.66,0.01201251837200945,0.526509712951714,415.910498046875,404.5755993652344,0.13589450408622084,41.51341738089453,422.1199951171875,-0.028048887697451175,Above 50-day average
2021-05-14,413.2099914550781,417.489990234375,413.1799926757813,416.5799865722656,388.0788879394531,82201600,1.63,0.015355337359152399,0.5499497845761105,415.87649688720705,405.3731988525391,0.146816656719227,48.81582169715265,422.1199951171875,-0.013124250471442056,Above 50-day average
2021-05-17,415.3900146484375,416.3900146484375,413.3599853515625,415.5199890136719,387.0913696289063,65129200,1.64,-0.002544523483510863,0.5460059009509941,415.8919967651367,406.01099853515626,0.14601268329719477,47.75078833605836,422.1199951171875,-0.015635378991424864,Above 50-day average
2021-05-18,415.7999877929688,416.05999755859375,411.7699890136719,411.9400024414063,383.75628662109375,59810200,1.64,-0.008615678347420719,0.5326860113851859,415.8804962158203,406.61539855957034,0.14695171923598185,44.30301552052777,422.1199951171875,-0.024116347942615413,Above 50-day average
2021-05-19,406.9200134277344,411.0499877929688,405.3299865722656,410.8599853515625,382.7501831054688,106467100,1.68,-0.0026217825009539064,0.5286676420210794,415.6199951171875,407.08919799804687,0.14284886931283253,40.07336331965729,422.1199951171875,-0.026674902624546415,Above 50-day average
2021-05-20,411.7999877929688,416.6300048828125,411.6700134277344,415.2799987792969,386.8678283691406,78022200,1.63,0.010757955472233016,0.5451129804457857,415.77049560546874,407.6031982421875,0.14451325480709024,47.895846115210084,422.1199951171875,-0.016203914566974564,Above 50-day average
2021-05-21,416.8699951171875,418.2000122070313,414.4500122070313,414.9400024414063,386.551025390625,76578700,1.63,-0.0008187158998506083,0.5438479718816291,415.6804962158203,408.03139831542967,0.139170168177241,46.56407082856764,422.1199951171875,-0.017009364064329402,Above 50-day average
2021-05-24,417.3399963378906,420.3200073242188,417.0799865722656,419.1700134277344,390.49163818359375,51376700,1.61,0.010194271368004326,0.5595863770579337,415.7584976196289,408.5335986328125,0.14381922579082107,53.61582661985937,422.1199951171875,-0.006988490769394007,Above 50-day average
2021-05-25,420.3299865722656,420.7099914550781,417.6199951171875,418.239990234375,389.625244140625,57451400,1.56,-0.00221872548981783,0.5561260830095827,415.79449768066405,408.97019836425784,0.14407625368125726,52.495479558305746,422.1199951171875,-0.009191710716606405,Above 50-day average
2021-05-26,418.8699951171875,419.6099853515625,417.760009765625,419.0700073242188,390.39849853515625,43088600,1.58,0.0019845474111135353,0.5592142889989855,415.8779983520508,409.43339843750005,0.14421556763178014,50.0,422.1199951171875,-0.007225404691199144,Above 50-day average
2021-05-27,420.1700134277344,420.7200012207031,418.989990234375,419.2900085449219,390.6034240722656,56707700,1.61,0.0005249748654354569,0.5600328373105379,415.83949890136716,409.873998413086,0.14239916819736562,46.825236516164985,422.1199951171875,-0.006704222981619212,Above 50-day average
2021-05-28,420.9700012207031,421.25,419.7900085449219,420.0400085449219,391.3021545410156,58520200,1.58,0.001788738068438045,0.5628233274346486,415.9764999389648,410.44519836425786,0.14040255883697664,52.55226518959964,422.1199951171875,-0.004927477012047654,Above 50-day average
2021-06-01,422.5700073242188,422.7200012207031,419.2000122070313,419.6700134277344,390.95745849609375,54216600,1.62,-0.0008808568461590172,0.5614467038073407,416.05,411.048998413086,0.14030226684202665,57.22606900295323,422.1199951171875,-0.005803993456346412,Above 50-day average
2021-06-02,420.3699951171875,421.2300109863281,419.2900085449219,420.3299865722656,391.572265625,49097100,1.59,0.0015726001939970757,0.5639022351966643,416.2854995727539,411.6037982177735,0.13830873131024468,75.16864969050012,422.1199951171875,-0.004240520623584598,Above 50-day average
2021-06-03,417.8500061035156,419.989990234375,416.2799987792969,418.7699890136719,390.1189575195313,58138800,1.63,-0.0037113639483952188,0.5580980248221408,416.4364990234375,412.18919799804695,0.1391545087472567,66.12226495221279,422.1199951171875,-0.007936146456615,Above 50-day average
2021-06-04,420.75,422.9200134277344,418.8399963378906,422.6000061035156,393.68701171875,55938800,1.56,0.00914587289042501,0.5723481913079864,416.61299896240234,412.8907983398438,0.14005161857333895,62.615272061249975,422.6000061035156,0.0,Above 50-day average
2021-06-07,422.5899963378906,422.7799987792969,421.1900024414063,422.1900024414063,393.30511474609375,51555000,1.57,-0.0009701932233500132,0.5708227097480327,416.61649932861326,413.5405981445313,0.13776492185231337,64.3688029799607,422.6000061035156,-0.0009701932233500132,Above 50-day average
2021-06-08,423.1099853515625,423.2099914550781,420.3200073242188,422.2799987792969,393.3888549804688,47134300,1.53,0.00021316548797978285,0.5711575549374859,416.8334991455078,414.0665979003907,0.13266322215452656,76.21694648762673,422.6000061035156,-0.0007572345470822084,Above 50-day average
2021-06-09,423.1799926757813,423.260009765625,421.4100036621094,421.6499938964844,392.8019714355469,48436300,1.5,-0.0014919126755557066,0.5688135250659796,417.20549926757815,414.5839978027345,0.12817006130324074,77.99683580888825,422.6000061035156,-0.0022480174948188436,Above 50-day average
2021-06-10,422.9599914550781,424.6300048828125,421.5499877929688,423.6099853515625,394.62786865234375,51020100,1.45,0.004648384877148359,0.5761059741309622,418.1154983520508,415.16159729003914,0.0982348132922973,74.77683717873575,423.6099853515625,0.0,Above 50-day average
2021-06-11,424.2000122070313,424.4299926757813,422.8200073242188,424.30999755859375,395.2799377441406,45570800,1.47,0.0016524922245406692,0.5787104769982656,418.81699829101564,415.7211975097657,0.09116078070510003,77.28587983534425,424.30999755859375,0.0,Above 50-day average
2021-06-14,424.4299926757813,425.3699951171875,423.1000061035156,425.260009765625,396.16497802734375,42358500,1.51,0.002238957866883773,0.5822451432402727,419.2509994506836,416.2141979980469,0.07567217146098633,71.92216175362373,425.260009765625,0.0,Above 50-day average
2021-06-15,425.4200134277344,425.4599914550781,423.5400085449219,424.4800109863281,395.4383850097656,51508500,1.51,-0.0018341691233246804,0.5793430380530109,419.6990005493164,416.57659851074226,0.07526650409287898,72.7074648015585,425.260009765625,-0.0018341691233246804,Above 50-day average
2021-06-16,424.6300048828125,424.8699951171875,419.9200134277344,422.1099853515625,393.23040771484375,80386100,1.57,-0.005583362168830042,0.5705249938827406,420.2074996948242,416.89639831542974,0.07071906573198211,59.94755300621527,425.260009765625,-0.007407290461660332,Above 50-day average
2021-06-17,421.6700134277344,423.0199890136719,419.3200073242188,421.9700012207031,393.10009765625,90949700,1.52,-0.00033162951770204785,0.5700041614364801,420.76300048828125,417.203998413086,0.06952197695221013,58.81575830097542,425.260009765625,-0.00773646350319912,Above 50-day average
2021-06-18,417.0899963378906,417.8299865722656,414.7000122070313,414.9200134277344,387.7969665527344,118676300,1.45,-0.01670731988666041,0.5437735996879729,420.7450012207031,417.3319989013673,0.08648400114794609,38.0930346111918,425.260009765625,-0.024314527819320086,Below 50-day average
2021-06-21,416.7999877929688,421.05999755859375,415.9299926757813,420.8599853515625,393.3486633300781,72822000,1.5,0.0143159445955785,0.5658741770092226,421.04100036621094,417.519398803711,0.10024297024077813,52.1979551965043,425.260009765625,-0.010346668656870617,Above 50-day average
2021-06-22,420.8500061035156,424.0,420.0799865722656,423.1099853515625,395.4515686035156,57700300,1.48,0.0053461960706966405,0.5742456473815547,421.23799896240234,417.7487982177735,0.09553723019266852,54.84996235881896,425.260009765625,-0.005055787905492104,Above 50-day average
2021-06-23,423.1900024414063,424.0499877929688,422.510009765625,422.6000061035156,394.9749450683594,49445400,1.5,-0.001205311303686507,0.5723481913079864,421.45599975585935,417.94359863281255,0.09522403882554298,56.935927420959345,425.260009765625,-0.006255005410867098,Above 50-day average
2021-06-24,424.8900146484375,425.5499877929688,424.6199951171875,425.1000061035156,397.3115234375,45110300,1.49,0.005915759498090534,0.5816498250550222,421.7574996948242,418.21659851074224,0.09702278522335915,54.75647454194548,425.260009765625,-0.0003762490204465285,Above 50-day average
2021-06-25,425.8999938964844,427.0899963378906,425.5499877929688,426.6099853515625,398.7228698730469,58129500,1.54,0.0035520565193292164,0.5872679346274048,422.1234985351563,418.43139831542976,0.09753064096439142,58.071570443586864,426.6099853515625,0.0,Above 50-day average
2021-06-28,427.1700134277344,427.6499938964844,425.8900146484375,427.4700012207031,399.526611328125,53159600,1.49,0.0020159300032134286,0.5904677556799587,422.4949981689453,418.63559814453134,0.09756193185120991,59.218488797920244,427.4700012207031,0.0,Above 50-day average
2021-06-29,427.8800048828125,428.55999755859375,427.1300048828125,427.7000122070313,399.7415466308594,35970500,1.49,0.0005380751530430494,0.5913235468610063,422.89649810791013,418.8853985595704,0.09734914022848588,60.90094588100229,427.7000122070313,0.0,Above 50-day average
2021-06-30,427.2099914550781,428.7799987792969,427.1799926757813,428.05999755859375,400.0780334472656,64827900,1.45,0.0008416772066590639,0.5926629276188191,423.2829986572266,419.20319824218757,0.09732330458802887,58.508639462609786,428.05999755859375,0.0,Above 50-day average
2021-07-01,428.8699951171875,430.6000061035156,428.7999877929688,430.4299926757813,402.29302978515625,53441000,1.48,0.005536595642444242,0.6014808582437559,423.86599884033205,419.49039794921885,0.09701018743865102,60.99929355290244,430.4299926757813,0.0,Above 50-day average
2021-07-02,431.6700134277344,434.1000061035156,430.5199890136719,433.7200012207031,405.3680419921875,57697700,1.44,0.007643539253548326,0.6137218400475484,424.42199859619143,419.9193981933594,0.09555316154005661,64.02521145301792,433.7200012207031,0.0,Above 50-day average
2021-07-06,433.7799987792969,434.010009765625,430.010009765625,432.9299926757813,404.6296691894531,68710400,1.37,-0.001821471324122359,0.6107824919907918,424.95899810791013,420.2431982421876,0.09587063953426957,64.00396921330892,433.7200012207031,-0.001821471324122359,Above 50-day average
2021-07-07,433.6600036621094,434.760009765625,431.510009765625,434.4599914550781,406.0596618652344,63549500,1.33,0.003534055863952723,0.6164750873021643,425.56799774169923,420.5801983642579,0.09610759834048206,71.053592665774,434.4599914550781,0.0,Above 50-day average
2021-07-08,428.7799987792969,431.7300109863281,427.5199890136719,430.9200134277344,402.75103759765625,97595200,1.3,-0.008147995435639044,0.6033040556690019,426.03149871826173,420.84819885253916,0.10155095209118067,63.67252404209259,434.4599914550781,-0.008147995435639044,Above 50-day average
2021-07-09,432.5299987792969,435.8399963378906,430.7099914550781,435.5199890136719,407.0503540039063,76238600,1.37,0.010674778247933281,0.6204189709272805,426.6269989013672,421.2105987548829,0.10647181265045016,84.01591595344556,435.5199890136719,0.0,Above 50-day average
2021-07-12,435.4299926757813,437.3500061035156,434.9700012207031,437.0799865722656,408.5083923339844,52889600,1.38,0.003581919539736189,0.6262231813018042,427.26549835205077,421.55099853515634,0.10675030757031258,81.3128248392522,437.0799865722656,0.0,Above 50-day average
2021-07-13,436.239990234375,437.8399963378906,435.30999755859375,435.5899963378906,407.11572265625,52911300,1.42,-0.0034089646750015135,0.6206794439230778,427.78199768066406,421.91679870605475,0.10810932925074267,74.82110016569868,437.0799865722656,-0.0034089646750015135,Above 50-day average
2021-07-14,437.3999938964844,437.9200134277344,434.9100036621094,436.239990234375,407.7232666015625,64130400,1.37,0.0014922149313552069,0.6230978459882404,428.36999664306643,422.2775982666016,0.10750491006635118,76.97788315167213,437.0799865722656,-0.0019218366516348118,Above 50-day average
2021-07-15,434.80999755859375,435.5299987792969,432.7200012207031,434.75,406.3307189941406,55126400,1.31,-0.0034155287633637066,0.6175541086095138,429.00199737548826,422.6601983642579,0.10590358138010413,69.88055734039847,437.0799865722656,-0.005330801326636325,Above 50-day average
2021-07-16,436.010009765625,436.05999755859375,430.9200134277344,431.3399963378906,403.1436462402344,75874700,1.31,-0.007843596692603483,0.604866666553117,429.47049713134766,422.9719982910157,0.11086509143492473,59.03710277224194,437.0799865722656,-0.013132585363585303,Above 50-day average
2021-07-19,426.1900024414063,431.4100036621094,421.9700012207031,424.9700012207031,397.1900634765625,147987000,1.19,-0.014767921294730924,0.5811661219329234,429.9729965209961,423.0899981689454,0.10687016910579747,46.054284415194076,437.0799865722656,-0.0277065656712705,Above 50-day average
2021-07-20,425.6799926757813,432.4200134277344,424.8299865722656,431.05999755859375,402.8819274902344,99608200,1.23,0.014330414665499891,0.6038248881152626,430.48299713134764,423.2687982177735,0.10689369870376764,54.475216810231245,437.0799865722656,-0.01377319758079687,Above 50-day average
2021-07-21,432.3399963378906,434.7000122070313,431.010009765625,434.5499877929688,406.1437683105469,64724400,1.3,0.008096298088761111,0.6168099324916176,431.054997253418,423.60099792480474,0.10873174026203232,57.978857513326695,437.0799865722656,-0.005788411405285188,Above 50-day average
2021-07-22,434.739990234375,435.7200012207031,433.6900024414063,435.4599914550781,406.9942932128906,47878500,1.27,0.002094128840576248,0.6201957408009784,431.69799652099607,424.02599792480476,0.10833046270186358,56.41418988178207,437.0799865722656,-0.0037064042439739486,Above 50-day average
2021-07-23,437.5199890136719,440.2999877929688,436.7900085449219,439.9400024414063,411.1814575195313,63766600,1.3,0.010287996771777719,0.6368643093519868,432.43999633789065,424.7165979003907,0.11174046039415195,57.69803410571647,439.9400024414063,0.0,Above 50-day average
2021-07-26,439.30999755859375,441.0299987792969,439.260009765625,441.0199890136719,412.1908264160156,43719200,1.29,0.002454849675574522,0.640882565170759,433.1604965209961,425.3313977050782,0.11157230922859915,59.94103471991487,441.0199890136719,0.0,Above 50-day average
2021-07-27,439.9100036621094,439.9400024414063,435.989990234375,439.010009765625,410.3122863769531,67397100,1.25,-0.00455756949371422,0.6334041288489693,433.7374969482422,425.7799981689454,0.11373337744542257,55.52590517065649,441.0199890136719,-0.00455756949371422,Above 50-day average
2021-07-28,439.6799926757813,440.2999877929688,437.30999755859375,438.8299865722656,410.1440124511719,52472400,1.26,-0.0004100662612578354,0.6327343249247293,434.2939956665039,426.24619812011724,0.11387365420806556,60.46017776256784,441.0199890136719,-0.00496576684948935,Above 50-day average
2021-07-29,439.8200073242188,441.7999877929688,439.80999755859375,440.6499938964844,411.8450927734375,47435300,1.28,0.00414740874577646,0.6395059415434514,434.9234954833984,426.82039794921883,0.11429721710284214,57.322308779278345,441.0199890136719,-0.0008389531685740748,Above 50-day average
2021-07-30,437.9100036621094,440.05999755859375,437.7699890136719,438.510009765625,409.8448791503906,68951200,1.24,-0.004856426098946209,0.6315438020995625,435.32749633789064,427.3733984375001,0.11534782634070519,52.007898072359566,441.0199890136719,-0.0056913049534566,Above 50-day average
2021-08-02,440.3399963378906,440.9299926757813,437.2099914550781,437.5899963378906,408.985107421875,58783300,1.2,-0.0020980443028566498,0.6281207509207065,435.52099609375,427.8195983886719,0.11301580203002802,52.85388306813332,441.0199890136719,-0.007777408646379769,Above 50-day average
2021-08-03,438.4400024414063,441.2799987792969,436.1000061035156,441.1499938964844,412.3123474121094,58053900,1.19,0.008135463763766726,0.6413662682928587,435.93199615478517,428.34379821777344,0.11583160156815062,56.469046154341015,441.1499938964844,0.0,Above 50-day average
2021-08-04,439.7799987792969,441.1199951171875,438.7300109863281,438.9800109863281,410.2842712402344,46732200,1.19,-0.004918923133127029,0.6332925137858185,436.15799713134766,428.7399981689453,0.11722405164542325,55.475037268125895,441.1499938964844,-0.004918923133127029,Above 50-day average
2021-08-05,440.2200012207031,441.8500061035156,439.8800048828125,441.760009765625,412.8825073242188,38969700,1.23,0.006332859605726826,0.6436359259707087,436.6999969482422,429.2103985595703,0.11421479440392486,63.71055499472769,441.760009765625,0.0,Above 50-day average
2021-08-06,442.1000061035156,442.9400024414063,441.7999877929688,442.489990234375,413.5646667480469,46930000,1.31,0.0016524367362660275,0.6463519303558294,437.04849700927736,429.6787982177734,0.10871646174874357,77.07047816283169,442.489990234375,0.0,Above 50-day average
2021-08-09,442.4599914550781,442.7999877929688,441.30999755859375,442.1300048828125,413.2283325195313,41222600,1.33,-0.0008135446213638486,0.6450125495980163,437.3009979248047,430.13559814453123,0.10835248437886337,70.78488671915288,442.489990234375,-0.0008135446213638486,Above 50-day average
2021-08-10,442.6099853515625,443.4400024414063,441.8800048828125,442.6799926757813,413.7423400878906,43339300,1.36,0.001243950392180615,0.6470588636042309,437.6554977416992,430.5883978271484,0.10732497983359172,67.15919162355463,442.6799926757813,0.0,Above 50-day average
2021-08-11,443.8200073242188,443.8800048828125,442.6199951171875,443.7799987792969,414.77044677734375,44034300,1.35,0.002484878742467167,0.6511516051619932,438.0324981689453,431.0705975341797,0.10746405101225295,67.42049180956373,443.7799987792969,0.0,Above 50-day average
2021-08-12,443.6199951171875,445.260009765625,442.6600036621094,445.1099853515625,416.0135192871094,38909400,1.36,0.0029969502364324274,0.6561000243554693,438.5504974365234,431.56619750976563,0.10647132869405727,62.469857701853925,445.1099853515625,0.0,Above 50-day average
2021-08-13,445.5899963378906,445.9400024414063,445.0700073242188,445.9200134277344,416.77056884765625,39470300,1.29,0.0018198380239258238,0.6591138581512159,439.2794982910156,432.10919799804685,0.10096866729839814,61.97466708033029,445.9200134277344,0.0,Above 50-day average
2021-08-16,444.5299987792969,447.1099853515625,442.8699951171875,446.9700012207031,417.75201416015625,73740000,1.26,0.002354655008411921,0.6630204989068373,440.37949829101564,432.59659790039063,0.0801055366642412,70.41026644234907,446.9700012207031,0.0,Above 50-day average
2021-08-17,444.239990234375,444.9599914550781,440.8500061035156,444.0400085449219,415.0134582519531,92673900,1.26,-0.00655523338877162,0.6521190114061917,441.028498840332,433.0335980224609,0.07335126276831878,61.707946661985005,446.9700012207031,-0.00655523338877162,Above 50-day average
2021-08-18,442.9599914550781,444.6300048828125,438.9200134277344,439.1799926757813,410.4710998535156,89351900,1.27,-0.010944995440988259,0.6340365763583808,441.25999908447267,433.3715979003906,0.08132841526331648,47.093704484488484,446.9700012207031,-0.017428481830205178,Above 50-day average
2021-08-19,436.2699890136719,441.1400146484375,436.1199951171875,439.8599853515625,411.106689453125,92812200,1.24,0.0015483234371360677,0.6365665934866942,441.47999877929686,433.73579772949216,0.08121330159162628,52.83251799298211,446.9700012207031,-0.01590714331996046,Above 50-day average
2021-08-20,440.2300109863281,443.7099914550781,439.7099914550781,443.3599853515625,414.37786865234375,72008700,1.26,0.00795707751684338,0.6495888807325441,441.6509979248047,434.1307977294922,0.07784473079508929,60.92389539646943,446.9700012207031,-0.008076640175585514,Above 50-day average
2021-08-23,445.1600036621094,448.2300109863281,443.4400024414063,447.260009765625,418.0229797363281,54973000,1.25,0.008796518727259395,0.6640995202141868,441.96299896240237,434.5897979736328,0.08314097722547636,61.42060343873609,447.260009765625,0.0,Above 50-day average
2021-08-24,447.9700012207031,448.5400085449219,447.4200134277344,447.9700012207031,418.6865234375,38744700,1.29,0.0015874244054374653,0.6667411524056517,442.41099853515624,435.0439978027344,0.08079995722359404,67.77381978081394,447.9700012207031,0.0,Above 50-day average
2021-08-25,448.1700134277344,449.4599914550781,447.7699890136719,448.9100036621094,419.5650634765625,40529700,1.35,0.0020983602447592897,0.6702385757781639,442.9149993896484,435.53259765625,0.08070041988537215,65.24520144870772,448.9100036621094,0.0,Above 50-day average
2021-08-26,448.6099853515625,448.8599853515625,446.1600036621094,446.260009765625,417.0883483886719,57829600,1.34,-0.005903174076911433,0.6603788667153727,443.1955001831055,436.0155981445312,0.08358109473087333,57.4300753977992,448.9100036621094,-0.005903174076911433,Above 50-day average
2021-08-27,447.1199951171875,450.6499938964844,447.05999755859375,450.25,420.81744384765625,77235100,1.31,0.008940954033659798,0.675224237841135,443.7824996948242,436.58119812011716,0.08585224909211059,63.99999158135782,450.25,0.0,Above 50-day average
2021-08-30,450.9700012207031,453.0700073242188,450.7099914550781,452.2300109863281,422.6680603027344,48357400,1.29,0.004397581313332788,0.6825911726451075,444.5145004272461,437.32739807128905,0.08550190479204682,65.69176968723266,452.2300109863281,0.0,Above 50-day average
2021-08-31,452.1300048828125,452.489990234375,450.9200134277344,451.55999755859375,422.0417785644531,59300200,1.3,-0.0014815766566952382,0.6800982848409551,445.0350006103516,437.9413983154297,0.08260836703950039,62.96665144180156,452.2300109863281,-0.0014815766566952382,Above 50-day average
2021-09-01,452.55999755859375,453.1099853515625,451.5499877929688,451.7999877929688,422.2662353515625,48721400,1.31,0.0005314692082394323,0.680991205346164,445.6759994506836,438.5151983642578,0.07947775344734508,61.5703814112174,452.2300109863281,-0.000950894860828555,Above 50-day average
2021-09-02,453.3200073242188,454.0499877929688,451.9100036621094,453.1900024414063,423.5653381347656,42501000,1.29,0.0030766150641741152,0.6861629682112762,446.2474990844727,439.12699829101564,0.07764498230813668,62.32618497426871,453.1900024414063,0.0,Above 50-day average
2021-09-03,451.9800109863281,453.6300048828125,451.5499877929688,453.0799865722656,423.4624938964844,47170500,1.33,-0.00024275881759971973,0.6857536372828328,446.77699890136716,439.6865979003906,0.07781869972076418,60.70048143935831,453.1900024414063,-0.00024275881759971973,Above 50-day average
2021-09-07,452.7099914550781,452.80999755859375,450.739990234375,451.4599914550781,421.94830322265625,51671500,1.38,-0.003575516829695813,0.6797261967820072,447.24349822998045,440.18359802246096,0.07936624236196935,63.619619942594795,453.1900024414063,-0.003817407659057692,Above 50-day average
2021-09-08,450.8900146484375,451.6700134277344,448.8599853515625,450.9100036621094,421.4343872070313,56181900,1.35,-0.0012182425981892564,0.6776798827757928,447.6549987792969,440.65239807128904,0.07976934276051707,75.57784370171308,453.1900024414063,-0.0050309997286219765,Above 50-day average
2021-09-09,450.7000122070313,452.5700073242188,448.7200012207031,448.9800109863281,419.6305236816406,57970400,1.3,-0.004280217028024724,0.6704990487739613,447.9149993896484,441.077998046875,0.08161739330537152,68.85859571315514,453.1900024414063,-0.00928968298594035,Above 50-day average
2021-09-10,451.0400085449219,451.489990234375,445.30999755859375,445.4400024414063,416.3218688964844,89948200,1.35,-0.007884557125706015,0.6573279035954653,447.93150024414064,441.42559814453125,0.08637172035173671,54.29400157753758,453.1900024414063,-0.01710099507546403,Above 50-day average
2021-09-13,448.6400146484375,448.9200134277344,444.1099853515625,446.5799865722656,417.3873596191406,83738600,1.33,0.0025592316015876637,0.6615693895405399,447.96449890136716,441.74859802246095,0.0866120831201538,48.41560236689083,453.1900024414063,-0.01458552888089204,Above 50-day average
2021-09-14,448.1199951171875,448.3399963378906,443.2200012207031,444.1700134277344,415.1349182128906,78197100,1.28,-0.005396509510041114,0.6526027145282911,447.8244995117187,441.95759826660156,0.08827593812118953,41.7962171863182,453.1900024414063,-0.0199033274456184,Above 50-day average
2021-09-15,444.6199951171875,448.4100036621094,443.4400024414063,447.8800048828125,418.6023864746094,78792200,1.31,0.008352638275707758,0.6664063072161988,448.0164993286133,442.2565985107422,0.09010589829828013,48.01388298792594,453.1900024414063,-0.011716934464546913,Above 50-day average
2021-09-16,447.3200073242188,448.3599853515625,444.0199890136719,447.1700134277344,417.93890380859375,77786700,1.34,-0.0015852269521696716,0.6637646750247341,448.41600036621094,442.5107989501953,0.07996722913805106,51.89663441050346,453.1900024414063,-0.013283587416406561,Above 50-day average
2021-09-17,444.9200134277344,445.3699951171875,441.0199890136719,441.3999938964844,413.8677368164063,118425000,1.37,-0.012903413372959749,0.6422964316675619,448.49300079345704,442.7203985595703,0.09371820839483423,32.82885161724285,453.1900024414063,-0.026015597169856575,Below 50-day average
2021-09-20,434.8800048828125,436.55999755859375,428.8599853515625,434.0400085449219,406.966796875,166445500,1.31,-0.016674185440266553,0.6149124764180489,448.027001953125,442.6907989501953,0.10655306560720783,20.802529973881235,453.1900024414063,-0.04225599371857358,Below 50-day average
2021-09-21,436.5299987792969,437.9100036621094,433.0700073242188,433.6300048828125,406.5822448730469,92526100,1.33,-0.0009446218183523092,0.613386994858095,447.3455017089844,442.6217993164062,0.10003692100700894,20.977630947182476,453.1900024414063,-0.043160699603303265,Below 50-day average
2021-09-22,436.0499877929688,440.0299987792969,433.75,437.8599853515625,410.5483703613281,102350100,1.32,0.00975481498309394,0.6291252864890657,446.84000091552736,442.66719909667967,0.10734378911619798,30.017166165330522,453.1900024414063,-0.03382690925938037,Below 50-day average
2021-09-23,439.8500061035156,444.8900146484375,439.6000061035156,443.1799926757813,415.5366821289063,76396000,1.41,0.012150019417616509,0.648919190353638,446.5535003662109,442.8059991455078,0.11684851126145251,37.103805542712095,453.1900024414063,-0.022087887446103127,Above 50-day average
2021-09-24,441.4400024414063,444.6700134277344,441.2099914550781,443.9100036621094,416.22113037109375,62094800,1.47,0.0016472110618543923,0.6516353082840924,446.43600006103514,442.98919921875,0.1153820192819611,38.3717996346862,453.1900024414063,-0.020477059796783048,Above 50-day average
2021-09-27,442.80999755859375,444.0499877929688,441.8999938964844,442.6400146484375,415.03033447265625,61371100,1.48,-0.002860915508086981,0.6469101192169184,446.05550079345704,443.21519958496094,0.1104272199331324,38.71546364863795,453.1900024414063,-0.023279392166937418,Below 50-day average
2021-09-28,439.6900024414063,440.0400085449219,432.9400024414063,433.7200012207031,406.6666870117188,130436300,1.54,-0.02015184604315312,0.6137218400475482,445.13000030517577,443.39019958496095,0.12800135792105244,31.88617478325739,453.1900024414063,-0.0429621154831642,Below 50-day average
2021-09-29,435.1900024414063,437.0400085449219,433.8500061035156,434.4500122070313,407.3511352539063,82329200,1.55,0.001683138855191224,0.6164379579780028,444.27450103759764,443.4579998779297,0.12868098405057501,34.29188284673441,453.1900024414063,-0.0413512878338439,Below 50-day average
2021-09-30,436.0199890136719,436.7699890136719,428.7799987792969,429.1400146484375,402.3724670410156,140506000,1.52,-0.012222344134872332,0.5966812969829254,443.1415023803711,443.34980041503906,0.13336544591946725,33.02790308086716,453.1900024414063,-0.05306822229839081,Below 50-day average
2021-10-01,430.9800109863281,436.0299987792969,427.2300109863281,434.239990234375,407.15423583984375,129240100,1.48,0.0118841762871158,0.6156565389906112,442.19400177001955,443.325400390625,0.14168631647102714,38.130042112889335,453.1900024414063,-0.0418147181203129,Below 50-day average
2021-10-04,433.0,433.9599914550781,426.3599853515625,428.6400146484375,401.9035949707031,128570000,1.49,-0.01289603839322806,0.5948209702335183,440.9720031738281,443.09940063476563,0.14652813024580252,35.92531069377354,453.1900024414063,-0.05417151230325945,Below 50-day average
2021-10-05,430.239990234375,435.489990234375,429.3900146484375,433.1000061035156,406.08538818359375,90682500,1.54,0.010404981575824479,0.6114150530455367,440.05400390625,442.9410009765625,0.153684610818093,36.78468225836822,453.1900024414063,-0.04433018431488489,Below 50-day average
2021-10-06,429.2699890136719,435.1199951171875,427.5400085449219,434.8999938964844,407.7731628417969,113032200,1.53,0.004156055801436631,0.6181121839252688,439.2535034179688,442.8588006591797,0.15523685736580403,39.23870323997299,453.1900024414063,-0.040358367233148895,Below 50-day average
2021-10-07,438.3900146484375,441.6799926757813,438.2000122070313,438.6600036621094,411.2985534667969,72437500,1.58,0.008645688246479821,0.6321018774153173,438.7375030517578,442.85540100097654,0.15918443544692437,47.50909702270178,453.1900024414063,-0.03206160484790377,Below 50-day average
2021-10-08,439.4800109863281,439.8900146484375,437.1900024414063,437.8599853515625,410.5483703613281,74557400,1.61,-0.001823777649815339,0.6291252864890655,438.35850219726564,442.79960083007813,0.1572069689544865,53.943000640718296,453.1900024414063,-0.03382690925938037,Below 50-day average
2021-10-11,437.1600036621094,440.260009765625,434.6199951171875,434.6900024414063,407.576171875,65233300,1.61,-0.0072397182117726055,0.6173308784832114,437.76400299072264,442.72320068359375,0.15826509195064928,51.03515485301486,453.1900024414063,-0.04082173018013979,Below 50-day average
2021-10-12,435.6700134277344,436.1000061035156,432.7799987792969,433.6199951171875,406.5729064941406,71181200,1.59,-0.0024615411401439635,0.6133497519885998,437.2365020751953,442.6438006591797,0.15759925237973463,45.587018969948694,453.1900024414063,-0.04318278695203359,Below 50-day average
2021-10-13,434.7099914550781,436.0499877929688,431.5400085449219,435.1799926757813,408.0356750488281,72974000,1.56,0.003597614446197772,0.6191539623631235,436.60150146484375,442.52440063476564,0.15467152058393954,40.966569857598344,453.1900024414063,-0.03974052752400148,Below 50-day average
2021-10-14,439.0799865722656,442.6600036621094,438.5799865722656,442.5,414.8989868164063,70236800,1.52,0.01682064306130049,0.646389173225324,436.36800079345704,442.59480041503906,0.16762313280722033,48.6141098453603,453.1900024414063,-0.023588345691250012,Below 50-day average
2021-10-15,444.75,446.260009765625,444.0899963378906,445.8699951171875,418.0588073730469,66260200,1.59,0.007615808174435079,0.6589277573490748,436.5915008544922,442.6770001220703,0.16320547546531283,53.048878851427645,453.1900024414063,-0.0161521818327518,Above 50-day average
2021-10-18,443.9700012207031,447.5499877929688,443.2699890136719,447.1900024414063,419.2965393066406,62213200,1.59,0.0029605206420582064,0.6638390472183902,437.2490005493165,442.77100036621096,0.1500679833746455,64.84462390435621,453.1900024414063,-0.01323948005842368,Above 50-day average
2021-10-19,448.9200134277344,450.7099914550781,448.2699890136719,450.6400146484375,422.53131103515625,46996800,1.65,0.007714868821297571,0.6766753472074327,438.09950103759775,442.94120056152343,0.15131234196453366,66.83303592052852,453.1900024414063,-0.0056267520890390665,Above 50-day average
2021-10-20,451.1300048828125,452.7300109863281,451.010009765625,452.4100036621094,424.19091796875,49571600,1.65,0.003927722696912994,0.6832608630240138,438.8270019531251,443.13580078125,0.14872723179386746,76.11673549968387,453.1900024414063,-0.0017211297140160564,Above 50-day average
2021-10-21,451.7699890136719,453.8299865722656,451.30999755859375,453.5899963378906,425.29736328125,41305400,1.68,0.0026082373648450563,0.6876512069017344,439.34750213623056,443.3320007324219,0.14358381163040126,73.81247638698086,453.5899963378906,0.0,Above 50-day average
2021-10-22,453.1300048828125,454.6700134277344,451.0499877929688,453.1199951171875,424.8566589355469,58845100,1.66,-0.001036180745822679,0.6859024952154784,439.8080017089845,443.49220092773436,0.14378888354061514,84.47884573063381,453.5899963378906,-0.001036180745822679,Above 50-day average
2021-10-25,454.2799987792969,455.8999938964844,452.3900146484375,455.5499877929688,427.135009765625,45214500,1.64,0.005362801690428354,0.6949436559667173,440.453500366211,443.68480041503904,0.14377294945448083,83.5374676884782,455.5499877929688,0.0,Above 50-day average
2021-10-26,457.2000122070313,458.489990234375,455.55999755859375,455.9599914550781,427.5194396972656,56075100,1.63,0.0009000190387353779,0.696469137526671,441.56549987792977,443.8646002197266,0.11906417460926083,82.82416823471887,455.9599914550781,0.0,Above 50-day average
2021-10-27,456.4500122070313,457.1600036621094,453.8599853515625,453.9400024414063,425.62548828125,72438000,1.54,-0.004430189164679854,0.6889534583353865,442.53999938964853,444.06260009765623,0.12159163971028933,75.18127986754942,455.9599914550781,-0.004430189164679854,Above 50-day average
2021-10-28,455.4599914550781,458.3999938964844,455.4500122070313,458.3200073242188,429.7322998046875,51437900,1.57,0.00964886297584644,0.7052499388274465,443.9989990234376,444.445400390625,0.11149095968991729,80.15924569721739,458.3200073242188,0.0,Above 50-day average
2021-10-29,455.8699951171875,459.55999755859375,455.55999755859375,459.25,430.604248046875,70162400,1.55,0.0020291339259019825,0.7087101193304635,445.24949951171885,444.83320068359376,0.10683924564202196,88.76263137107571,459.25,0.0,Above 50-day average
2021-11-01,460.2999877929688,460.7000122070313,458.2000122070313,460.0400085449219,431.3450012207031,48433600,1.58,0.0017202145779464662,0.7116494673872205,446.81949920654307,445.16680114746094,0.08950435116441943,92.07009325357309,460.0400085449219,0.0,Above 50-day average
2021-11-02,460.2200012207031,462.2300109863281,460.0799865722656,461.8999938964844,433.0889587402344,48908400,1.56,0.004043094767878008,0.7185698283932549,448.2594985961915,445.4596008300781,0.08582071275091306,92.1451366793584,461.8999938964844,0.0,Above 50-day average
2021-11-03,461.2999877929688,465.1499938964844,460.8299865722656,464.7200012207031,435.7330627441406,52509800,1.6,0.006105233516956243,0.7290620985107912,449.75049896240245,445.79460083007814,0.08637438144509249,90.84561797576336,464.7200012207031,0.0,Above 50-day average
2021-11-04,465.3599853515625,467.0,464.989990234375,466.9100036621094,437.7865295410156,52847100,1.53,0.004712520303954415,0.7372103387568214,451.1629989624024,446.15460083007815,0.08426994412018908,90.43047161523927,466.9100036621094,0.0,Above 50-day average
2021-11-05,469.2799987792969,470.6499938964844,466.9200134277344,468.5299987792969,439.3053894042969,66390600,1.45,0.0034696089278050124,0.7432377792576472,452.69649963378913,446.6000006103516,0.08220498723813137,90.53954244463192,468.5299987792969,0.0,Above 50-day average
2021-11-08,469.7000122070313,470.2300109863281,468.2000122070313,468.9299926757813,439.6804809570313,50405200,1.51,0.0008537209944434743,0.7447260179481066,454.4084991455079,446.9736004638672,0.0727875803870905,89.29955016983405,468.9299926757813,0.0,Above 50-day average
2021-11-09,469.3200073242188,469.5700073242188,465.8800048828125,467.3800048828125,438.2271728515625,51149100,1.46,-0.003305371414023539,0.7389590504430779,456.09649963378916,447.2766003417969,0.07380611289937747,82.47294787111363,468.9299926757813,-0.003305371414023539,Above 50-day average
2021-11-10,465.5799865722656,467.3800048828125,462.0400085449219,463.6199951171875,434.7016906738281,69429700,1.56,-0.008044866546158214,0.7249693569530293,457.51849975585935,447.51780029296873,0.0848953751901024,69.56693096209649,468.9299926757813,-0.011323646688270461,Above 50-day average
2021-11-11,465.2099914550781,465.2900085449219,463.75,463.7699890136719,434.84228515625,34848500,1.56,0.0003235276693500655,0.7255274322687846,458.58199920654295,447.7572003173828,0.068328594450329,71.03913031420727,468.9299926757813,-0.011003782531942008,Above 50-day average
2021-11-12,465.1199951171875,467.8599853515625,464.1099853515625,467.2699890136719,438.1240539550781,53466700,1.58,0.007546844519723317,0.7385497195146344,459.65199890136716,448.03880004882814,0.06825862677340892,72.2138222320425,468.9299926757813,-0.0035399818481159917,Above 50-day average
2021-11-15,468.6400146484375,468.80999755859375,466.2300109863281,467.4299926757813,438.2740478515625,46980500,1.63,0.00034242229518555156,0.7391450376998849,460.66399841308595,448.32580017089845,0.06858271946084449,71.94797641279715,468.9299926757813,-0.003198771721639737,Above 50-day average
2021-11-16,467.1499938964844,470.489990234375,467.0700073242188,469.2799987792969,440.0086669921875,48857500,1.63,0.003957824984497149,0.7460282693817577,461.5959976196289,448.6822003173828,0.06583525800198127,79.54545721718607,469.2799987792969,0.0,Above 50-day average
2021-11-17,469.0,469.1900024414063,467.4800109863281,468.1400146484375,438.939697265625,47858300,1.6,-0.002429219514628267,0.7417867834366829,462.3824981689453,449.02680053710935,0.06726507330473734,71.61095947819155,469.2799987792969,-0.002429219514628267,Above 50-day average
2021-11-18,469.239990234375,470.010009765625,466.3399963378906,469.7300109863281,440.4305725097656,50625600,1.59,0.0033964119454403807,0.7477026088743575,463.1894989013672,449.4418005371094,0.06746118069355055,72.41236628965615,469.7300109863281,0.0,Above 50-day average
2021-11-19,469.6099853515625,470.9400024414063,468.5,468.8900146484375,439.6430358886719,57315600,1.54,-0.0017882535035962377,0.7445772735607936,463.9779998779297,449.91080078125,0.06792560011123401,68.88608706185444,469.7300109863281,-0.0017882535035962377,Above 50-day average
2021-11-22,470.8900146484375,473.5400085449219,467.3500061035156,467.5700073242188,438.4053039550781,72762000,1.63,-0.0028151747381705006,0.739665983691479,464.57900085449216,450.3306011962891,0.06831166172175568,62.385359018423976,469.7300109863281,-0.004598393995678074,Above 50-day average
2021-11-23,467.2200012207031,469.1000061035156,464.4500122070313,468.1900024414063,438.9866638183594,73206500,1.67,0.0013259941986774049,0.7419727706934902,465.1905014038086,450.8110009765625,0.06829433586596713,58.38570790109883,469.7300109863281,-0.003278497240762124,Above 50-day average
2021-11-24,466.05999755859375,469.5700073242188,465.1900024414063,469.4400024414063,440.15863037109375,61858800,1.64,0.00266985624101701,0.746623587567008,465.9655014038086,451.24220092773436,0.06491410173338827,56.405070097826496,469.7300109863281,-0.0006173941160644292,Above 50-day average
2021-11-26,462.3399963378906,463.8999938964844,457.7699890136719,458.9700012207031,430.34173583984375,112669600,1.48,-0.022303172218498757,0.7076683408926088,465.9980010986328,451.47820068359374,0.1016381082382384,33.28670328779174,469.7300109863281,-0.0229067964872659,Above 50-day average
2021-11-29,464.0700073242188,466.55999755859375,461.7300109863281,464.6000061035156,435.6205139160156,86268800,1.52,0.012266607551340236,0.7286156382581868,466.26550140380857,451.94220092773435,0.11035086945899987,43.600372020520595,469.7300109863281,-0.010921177618693378,Above 50-day average
2021-11-30,462.0,464.0299987792969,455.2999877929688,455.55999755859375,427.1444396972656,148559600,1.43,-0.019457616070086114,0.6949808988362121,466.0415008544922,452.37260070800784,0.1311505295543182,35.69699270443893,469.7300109863281,-0.03016629360764178,Above 50-day average
2021-12-01,461.6400146484375,464.6700134277344,450.2900085449219,450.5,422.4000854492188,131939200,1.43,-0.011107203410551714,0.6761544012158385,465.471501159668,452.7100006103516,0.13521928228993033,34.60816914559365,469.7300109863281,-0.04093843385895102,Below 50-day average
2021-12-02,450.7300109863281,459.0700073242188,450.30999755859375,457.3999938964844,428.8696594238281,127637800,1.44,0.015316301657013032,0.7018268876485902,465.10550079345705,453.10080078125,0.14540164944919,43.54871810087553,469.7300109863281,-0.026249157604287365,Above 50-day average
2021-12-03,459.1700134277344,460.2999877929688,448.9200134277344,453.4200134277344,425.1379089355469,137331600,1.35,-0.008701312903057756,0.6870187593923229,464.4310012817383,453.30560119628905,0.14650551469580753,36.108342659003696,469.7300109863281,-0.03472206837358849,Above 50-day average
2021-12-06,456.1300048828125,460.7900085449219,453.55999755859375,458.7900085449219,430.1729736328125,98977500,1.43,0.01184331295081531,0.7069986505137025,463.94400177001955,453.6032012939453,0.15308293155057873,42.15402351728318,469.7300109863281,-0.023289979744821276,Above 50-day average
2021-12-07,464.4100036621094,468.8800048828125,458.6499938964844,468.2799987792969,439.0710754394531,95484700,1.48,0.020684823247291373,0.7423076158829434,463.9115020751953,454.1160009765625,0.17136988686617885,49.20255121311118,469.7300109863281,-0.0030869056119845473,Above 50-day average
2021-12-08,468.7000122070313,470.0,466.8299865722656,469.5199890136719,440.2336730957031,72238800,1.52,0.0026479675356780863,0.7469211898869661,464.0185012817383,454.8320007324219,0.17115613581802283,51.0987064522854,469.7300109863281,-0.00044711210215253594,Above 50-day average
2021-12-09,468.1499938964844,469.6300048828125,466.1400146484375,466.3500061035156,437.2613220214844,61272600,1.49,-0.006751539837133391,0.7351267818811118,464.1550018310547,455.4700006103516,0.1703812407199895,47.37495508631486,469.7300109863281,-0.00719563324411665,Above 50-day average
2021-12-10,469.2300109863281,470.8999938964844,466.510009765625,470.739990234375,441.3775329589844,77159800,1.48,0.009413496458462456,0.751460391697333,464.50350189208984,456.3020001220703,0.17339224880473297,51.361679263659916,470.739990234375,0.0,Above 50-day average
2021-12-13,470.1900024414063,470.55999755859375,466.2699890136719,466.5700073242188,437.4676513671875,87724700,1.42,-0.008858357047762166,0.7359453301926646,464.4685028076172,456.9486004638672,0.17470308159726608,49.29358483276966,470.739990234375,-0.008858357047762166,Above 50-day average
2021-12-14,463.0899963378906,465.739990234375,460.25,463.3599853515625,434.45794677734375,97264100,1.44,-0.006880043556733995,0.72400195070883,464.26500244140624,457.6429998779297,0.17637887568316812,46.70844934626518,470.739990234375,-0.015677454722166417,Above 50-day average
2021-12-15,463.4200134277344,470.8599853515625,460.739990234375,470.6000061035156,441.2463684082031,116899300,1.47,0.015625045279773042,0.7509395592510726,464.3310028076172,458.3929998779297,0.18484237018437555,50.73084949741716,470.739990234375,-0.00029737038229893376,Above 50-day average
2021-12-16,472.5700073242188,472.8699951171875,464.7999877929688,466.4500122070313,437.355224609375,116568600,1.44,-0.008818516452742009,0.7354988699400602,464.2465026855469,459.0240002441406,0.18742335734315546,55.12049312831728,470.739990234375,-0.009113264469431948,Above 50-day average
2021-12-17,461.5499877929688,464.739990234375,458.05999755859375,459.8699951171875,432.7004699707031,135511600,1.41,-0.014106585738330568,0.7110169063324749,463.75350189208984,459.44820007324216,0.19328081550590484,46.80361294665339,470.739990234375,-0.023091293161168425,Above 50-day average
2021-12-20,454.4800109863281,455.3999938964844,451.1400146484375,454.9800109863281,428.099365234375,107134800,1.43,-0.010633405490204417,0.6928229697668467,463.05800170898436,459.7906005859375,0.19629216982703965,49.58477440611051,470.739990234375,-0.03347915956789693,Below 50-day average
2021-12-21,458.6099853515625,463.2099914550781,456.30999755859375,463.05999755859375,435.7019348144531,69806300,1.48,0.017758992432985066,0.7228858000773193,462.83250122070314,460.3580004882813,0.2076276953486745,58.6192771104523,470.739990234375,-0.01631472327634087,Above 50-day average
2021-12-22,462.7900085449219,467.80999755859375,462.5799865722656,467.6900024414063,440.0584106445313,58890200,1.46,0.009998714868966196,0.7401124439440832,462.8075012207031,461.0394006347656,0.21084308966026138,57.28858051844916,470.739990234375,-0.006479134673580966,Above 50-day average
2021-12-23,468.75,472.1900024414063,468.6400146484375,470.6000061035156,442.7965393066406,56439700,1.5,0.006222077972414919,0.7509395592510728,462.8655014038086,461.7478009033203,0.21180772116811564,62.35615861072945,470.739990234375,-0.00029737038229893376,Above 50-day average
2021-12-27,472.05999755859375,477.30999755859375,472.010009765625,477.260009765625,449.0630798339844,56808600,1.48,0.014152153794584565,0.7757191251786162,463.7800018310547,462.4430010986328,0.19959693728137654,63.04195016077656,477.260009765625,0.0,Above 50-day average
2021-12-28,477.7200012207031,478.80999755859375,476.05999755859375,476.8699951171875,448.6961059570313,47274600,1.49,-0.0008171953242616103,0.7742680158123183,464.3935012817383,463.0630010986328,0.19606980743567964,56.95997206882108,477.260009765625,-0.0008171953242616103,Above 50-day average
2021-12-29,476.9800109863281,478.55999755859375,475.9200134277344,477.4800109863281,449.2701110839844,54503000,1.55,0.0012792079086265673,0.7765376734901686,465.489501953125,463.66880126953123,0.1800035678974141,56.51606069538889,477.4800109863281,0.0,Above 50-day average
2021-12-30,477.9299926757813,479.0,475.6700134277344,476.1600036621094,448.0280456542969,55329000,1.52,-0.0027645289726202504,0.7716263836208537,466.77250213623046,464.1792010498047,0.17402911464833082,58.281268516371696,477.4800109863281,-0.0027645289726202504,Above 50-day average
2021-12-31,475.6400146484375,476.8599853515625,474.6700134277344,474.9599914550781,446.8989562988281,65237400,1.52,-0.0025201869073463445,0.767161554004143,467.65050201416017,464.63020080566406,0.1684850998823887,53.76516415158352,477.4800109863281,-0.005277748750244893,Above 50-day average
2022-01-03,476.2999877929688,477.8500061035156,473.8500061035156,477.7099914550781,449.4864501953125,72668200,1.63,0.005789961364061735,0.7773933511258824,468.86500091552733,465.1126007080078,0.1641437386537226,60.19769906095175,477.7099914550781,0.0,Above 50-day average
2022-01-04,479.2200012207031,479.9800109863281,475.5799865722656,477.5499877929688,449.3358459472656,71178700,1.66,-0.00033493890638958135,0.7767980329406321,469.80299987792966,465.60120056152346,0.16076788033416053,63.7579829665154,477.7099914550781,-0.00033493890638958135,Above 50-day average
2022-01-05,477.1600036621094,477.9800109863281,468.2799987792969,468.3800048828125,440.7076721191406,104538900,1.71,-0.01920214248677088,0.7426797039418918,469.8080001831055,465.8578009033203,0.16180386262502247,47.92523368750817,477.7099914550781,-0.01953064984855557,Above 50-day average
2022-01-06,467.8900146484375,470.8200073242188,465.4299926757813,467.9400024414063,440.2936096191406,86858900,1.73,-0.0009394133755054046,0.741042607318787,469.7290008544922,466.0974011230469,0.16154371859308567,51.496273413749144,477.7099914550781,-0.020451715870360987,Above 50-day average
2022-01-07,467.9500122070313,469.2000122070313,464.6499938964844,466.0899963378906,438.552978515625,85111600,1.76,-0.003953511334494952,0.7341593756369136,469.71600036621095,466.34040100097656,0.16032082953021415,56.90190562041873,477.7099914550781,-0.024324371114352483,Below 50-day average
2022-01-10,462.7000122070313,465.739990234375,456.6000061035156,465.510009765625,438.00732421875,119362000,1.78,-0.001244366059822366,0.7320014465675482,469.4545013427734,466.4842010498047,0.15645601453324293,62.920234225045064,477.7099914550781,-0.025538468752333676,Below 50-day average
2022-01-11,465.2300109863281,469.8500061035156,462.0499877929688,469.75,441.9967651367188,74303100,1.75,0.009108268663244656,0.7477769810680137,469.6135009765625,466.6942010498047,0.15674230701281852,59.06257958044363,477.7099914550781,-0.01666281132373315,Above 50-day average
2022-01-12,471.5899963378906,473.2000122070313,468.9400024414063,471.0199890136719,443.1917114257813,67605400,1.74,0.002703542338843734,0.7525021701351875,469.99650115966796,466.9138006591797,0.15452589138151948,54.962719455832236,477.7099914550781,-0.014004317600787242,Above 50-day average
2022-01-13,472.1900024414063,472.8800048828125,463.4400024414063,464.5299987792969,437.0851745605469,91173100,1.7,-0.013778587715492119,0.7283551652623894,469.69300079345703,466.9664007568359,0.15251101381555265,41.8260079100763,477.7099914550781,-0.02758994559782124,Below 50-day average
2022-01-14,461.1900024414063,465.0899963378906,459.8999938964844,464.7200012207031,437.263916015625,95890900,1.78,0.0004090208208415991,0.729062098510791,469.60650024414065,466.9664007568359,0.14940558638157486,29.54989066028844,477.7099914550781,-0.027192209639175013,Below 50-day average
2022-01-18,459.739990234375,459.9599914550781,455.30999755859375,456.489990234375,429.5201721191406,109709100,1.87,-0.017709612163689825,0.6984410793392293,469.4375,466.75800048828125,0.1543376431851461,23.532461191152592,477.7099914550781,-0.04442025831628138,Below 50-day average
2022-01-19,458.1300048828125,459.6099853515625,451.4599914550781,451.75,425.0601806640625,109357600,1.83,-0.010383557878106742,0.6808052180893562,469.27599945068357,466.42240051269533,0.15411867939623342,19.821690759317605,477.7099914550781,-0.054342575871200505,Below 50-day average
2022-01-20,453.75,458.739990234375,444.5,446.75,420.3556823730469,122379700,1.83,-0.011068068622025473,0.6622019505952847,468.4604995727539,465.9788006591797,0.14284692006827235,18.24657245376396,477.7099914550781,-0.06480917713438583,Below 50-day average
2022-01-21,445.55999755859375,448.05999755859375,437.9500122070313,437.9800109863281,412.103759765625,202271200,1.75,-0.01963064132886827,0.6295718602870035,466.975,465.39080078125,0.14909958154066408,15.682981618067686,477.7099914550781,-0.08316757275210984,Below 50-day average
2022-01-24,432.0299987792969,440.3800048828125,420.760009765625,439.8399963378906,413.8538513183594,251783900,1.75,0.004246735706896265,0.6364922212930377,465.43699951171874,464.9152008056641,0.14759525307022717,14.26679966412766,477.7099914550781,-0.07927402774607584,Below 50-day average
2022-01-25,433.05999755859375,439.7200012207031,427.1499938964844,434.4700012207031,408.8011169433594,167997300,1.78,-0.012208974085799573,0.6165123301716584,463.29749908447263,464.3292010498047,0.1353275880675812,12.989651800251153,477.7099914550781,-0.0905151472814466,Below 50-day average
2022-01-26,440.7200012207031,444.0400085449219,428.8599853515625,433.3800048828125,407.7754821777344,186391100,1.85,-0.0025087953939929575,0.6124568314833909,461.1229995727539,463.6514013671875,0.1348242679575057,15.083752960732625,477.7099914550781,-0.0927968586908533,Below 50-day average
2022-01-27,438.260009765625,441.5899963378906,429.4500122070313,431.239990234375,405.761962890625,149878300,1.81,-0.004937963506221665,0.6044945784941682,458.8109985351563,462.9276013183594,0.13293860023756393,14.588913309258444,477.7099914550781,-0.09727659469536754,Below 50-day average
2022-01-28,432.6799926757813,442.0,427.8200073242188,441.9500122070313,415.8391723632813,164457400,1.78,0.024835410015744408,0.6443428592191098,457.10049896240236,462.38100158691407,0.17012175152664494,30.108767975231927,477.7099914550781,-0.07485708879381803,Below 50-day average
2022-01-31,441.239990234375,450.2799987792969,439.80999755859375,449.9100036621094,423.3288879394531,152251400,1.79,0.018011067394991365,0.673959229276978,455.8479995727539,462.0164013671875,0.18675374866489933,38.53951391563674,477.7099914550781,-0.05819427747008499,Below 50-day average
2022-02-01,450.6799926757813,453.6300048828125,446.9400024414063,452.9500122070313,426.189208984375,123155400,1.81,0.006756925874457753,0.6852700477060669,454.61000061035156,461.68080139160156,0.18736319823491643,37.43644071664752,477.7099914550781,-0.051830566014810175,Below 50-day average
2022-02-02,455.5,458.1199951171875,453.0499877929688,457.3500061035156,430.3294067382813,117361000,1.78,0.009714082741812957,0.7016409003917827,453.6000015258789,461.45000122070314,0.19229889067621228,40.23433003463805,477.7099914550781,-0.04261996967981996,Below 50-day average
2022-02-03,450.9500122070313,452.9700012207031,445.7099914550781,446.6000061035156,420.2145080566406,118024400,1.82,-0.02350497399483331,0.6616438752795291,452.51100158691406,461.03060119628907,0.19790251488802074,37.925930858059765,477.7099914550781,-0.06512316239566862,Below 50-day average
2022-02-04,446.3500061035156,452.7799987792969,443.8299865722656,448.7000122070313,422.1903991699219,118454400,1.93,0.004702207959730531,0.6694572703361059,451.5490020751953,460.64080139160154,0.19942586265966336,39.48267578560926,477.7099914550781,-0.060727177088517714,Below 50-day average
2022-02-07,449.510009765625,450.989990234375,445.8500061035156,447.260009765625,420.8354797363281,84472900,1.92,-0.0032092765817485214,0.6640995202141864,450.60750274658204,460.19720153808595,0.19934774615840425,43.3472818809071,477.7099914550781,-0.06374156336296033,Below 50-day average
2022-02-08,446.7300109863281,451.9200134277344,445.2200012207031,450.9400024414063,424.2980651855469,81012000,1.96,0.008227859847585561,0.677791497838943,449.8790023803711,460.0366015625,0.2026230438243858,49.40711639032127,477.7099914550781,-0.05603816016519125,Below 50-day average
2022-02-09,455.2200012207031,457.8800048828125,455.010009765625,457.5400085449219,430.5081176757813,92589900,1.94,0.014636106949445393,0.702347833640184,449.2685028076172,459.8954016113281,0.2073602958446714,57.71707050472517,477.7099914550781,-0.04222223372117384,Below 50-day average
2022-02-10,451.3399963378906,457.7099914550781,447.2000122070313,449.3200073242188,422.7738342285156,140103700,2.03,-0.017965644680657533,0.6717640573381174,448.18350372314455,459.7706018066406,0.21499269767731805,58.17473597417098,477.7099914550781,-0.05942932875317308,Below 50-day average
2022-02-11,449.4100036621094,451.6099853515625,438.9400024414063,440.4599914550781,414.437255859375,153214600,1.92,-0.019718721011120044,0.638799008295049,446.9800033569336,459.5698016357422,0.22018202094734163,50.405968269091666,477.7099914550781,-0.0779761794107311,Below 50-day average
2022-02-14,439.9200134277344,441.6000061035156,435.3399963378906,439.0199890136719,413.0823669433594,123006300,1.98,-0.003269314964678527,0.6334412581731297,445.695002746582,459.20220153808594,0.2199099493576858,53.14095293310659,477.7099914550781,-0.0809905656851736,Below 50-day average
2022-02-15,443.7300109863281,446.2799987792969,443.1799926757813,446.1000061035156,419.7439880371094,88482700,2.05,0.01612686726577106,0.6597835485301218,445.1755035400391,459.05580139160156,0.2221676058449245,58.110169052901355,477.7099914550781,-0.06616982252198711,Below 50-day average
2022-02-16,443.9299926757813,448.05999755859375,441.9400024414063,446.6000061035156,420.2145080566406,84863600,2.03,0.0011208249118113134,0.6616438752795288,444.91800384521486,458.81200134277344,0.21949948155512256,60.002607386774415,477.7099914550781,-0.06512316239566862,Below 50-day average
2022-02-17,443.2200012207031,446.5700073242188,436.4200134277344,437.05999755859375,411.2380981445313,102259100,1.97,-0.02136141606480546,0.6261488091081471,444.43350372314455,458.1876013183594,0.22892234584622723,46.76629305090831,477.7099914550781,-0.08509345549308434,Below 50-day average
2022-02-18,437.3299865722656,438.6600036621094,431.8200073242188,434.2300109863281,408.5752868652344,132642900,1.92,-0.006475052825868022,0.6156194096664493,444.24600372314455,457.4818017578125,0.21927951627904965,38.876288704432596,477.7099914550781,-0.09101752369949889,Below 50-day average
2022-02-22,431.8900146484375,435.5,425.8599853515625,429.5700073242188,404.1906127929688,124391800,1.94,-0.010731648076383271,0.5982811507365349,443.7325042724609,456.74620178222654,0.22155877313750968,33.786412616070436,477.7099914550781,-0.10077240374275531,Below 50-day average
2022-02-23,432.6600036621094,433.260009765625,421.3500061035156,421.9500122070313,397.0208129882813,132578000,1.99,-0.01773865723226875,0.5699297892428234,443.1065048217773,455.77040222167966,0.22606373010693304,26.500281392025542,477.7099914550781,-0.11672349384655956,Below 50-day average
2022-02-24,411.0199890136719,428.760009765625,410.6400146484375,428.2999877929688,402.9956665039063,213942900,1.96,0.01504911814725074,0.5935558481240271,442.85250396728514,455.0050018310547,0.23335850728845373,37.09812828138137,477.7099914550781,-0.10343096134876562,Below 50-day average
2022-02-25,429.6099853515625,437.8399963378906,427.8599853515625,437.75,411.8874206542969,121804500,1.97,0.02206400298007738,0.6287160691059552,443.1780044555664,454.49280212402346,0.24587515623968195,43.00497669950151,477.7099914550781,-0.08364905940811962,Below 50-day average
2022-02-28,432.0299987792969,438.2000122070313,430.7000122070313,436.6300048828125,410.83349609375,145615000,1.83,-0.0025585268239577408,0.6245489553545367,442.9120040893555,453.8134020996094,0.22910814178686226,43.18152455539085,477.7099914550781,-0.08599356786978285,Below 50-day average
2022-03-01,435.0400085449219,437.1700134277344,427.1099853515625,429.9800109863281,404.576416015625,137785900,1.72,-0.015230272363598085,0.5998066322964883,441.9155044555664,453.0840020751953,0.22379765251376574,37.0489446508826,477.7099914550781,-0.09991413477320654,Below 50-day average
2022-03-02,432.3699951171875,439.7200012207031,431.5700073242188,437.8900146484375,412.01904296875,117726500,1.86,0.018396212521518462,0.6292370150975493,441.1625045776367,452.6444024658203,0.23355509332222105,38.05181121783415,477.7099914550781,-0.08335596390887945,Below 50-day average
2022-03-03,440.4700012207031,441.1099853515625,433.7999877929688,435.7099914550781,409.96783447265625,105501700,1.86,-0.004978472037343917,0.6211259041756805,440.0805038452148,452.2590020751953,0.2299211825718348,41.06837512692283,477.7099914550781,-0.08791945061075723,Below 50-day average
2022-03-04,431.75,433.3699951171875,427.8800048828125,432.1700134277344,406.6369934082031,113978200,1.74,-0.008124619808514866,0.6079548725425181,439.35900421142577,451.6412023925781,0.2172592844945741,44.15127797480738,477.7099914550781,-0.09532975830928614,Below 50-day average
2022-03-07,431.5499877929688,432.2999877929688,419.3599853515625,419.4299926757813,394.6495971679688,137896600,1.78,-0.02947918725527998,0.5605536697567974,437.89550323486327,450.67600219726563,0.23717582370450263,38.07959526797491,477.7099914550781,-0.12199870176836614,Below 50-day average
2022-03-08,419.6199951171875,427.2099914550781,415.1199951171875,416.25,391.6575317382813,164772700,1.86,-0.007581700715998729,0.5487220188814479,436.34500274658205,449.5890020751953,0.2376704888608177,30.931384762107484,477.7099914550781,-0.12865544483981672,Below 50-day average
2022-03-09,425.1400146484375,429.510009765625,422.8200073242188,427.4100036621094,402.1581726074219,116990800,1.94,0.026810819608671155,0.5902445255536555,435.1685028076172,448.592001953125,0.2580880184872899,39.21061282925733,477.7099914550781,-0.10529398315441918,Below 50-day average
2022-03-10,422.5199890136719,426.4299926757813,420.4400024414063,425.4800109863281,400.34222412109375,93972700,1.98,-0.004515553354495161,0.5830636915518241,433.5655029296875,447.5642022705078,0.24999951373360524,42.87998655004534,477.7099914550781,-0.10933407591007338,Below 50-day average
2022-03-11,428.1199951171875,428.7699890136719,419.5299987792969,420.0700073242188,395.25189208984375,95636300,2.0,-0.012715059514942006,0.562934942497799,432.1030029296875,446.41600219726564,0.24664445397689494,41.561379802017676,477.7099914550781,-0.12065894614280759,Below 50-day average
2022-03-14,420.8900146484375,424.5499877929688,415.7900085449219,417.0,392.36328125,95729200,2.14,-0.007308323066848477,0.5515125090055588,430.9300033569336,445.23280212402346,0.23948089596693503,42.36422810286767,477.7099914550781,-0.12708545465033894,Below 50-day average
2022-03-15,419.7699890136719,426.8399963378906,418.4200134277344,426.1700134277344,400.9915466308594,106219100,2.15,0.02199043987466287,0.585630951549633,430.2875045776367,444.2570025634766,0.25487030377768793,52.5160985106944,477.7099914550781,-0.10788967982510866,Below 50-day average
2022-03-16,429.8900146484375,435.6799926757813,424.7999877929688,435.6199951171875,409.8832092285156,144954800,2.19,0.02217420604853415,0.6207910589862278,429.7635040283203,443.41520263671873,0.2611993715911712,54.20883479452225,477.7099914550781,-0.08810784176752684,Below 50-day average
2022-03-17,433.5899963378906,441.0700073242188,433.1900024414063,441.0700073242188,415.0111999511719,102676900,2.2,0.01251093216133281,0.6410686659728992,429.4870040893555,442.68560302734375,0.2655533248552087,52.00096820448835,477.7099914550781,-0.07669922083742897,Below 50-day average
2022-03-18,438.0,444.8599853515625,437.2200012207031,444.5199890136719,419.55670166015625,106345500,2.14,0.00782184603841607,0.653904852416608,429.86000366210936,442.2084027099609,0.25513242289844135,54.62538594230751,477.7099914550781,-0.06947730429566978,Above 50-day average
2022-03-21,444.3399963378906,446.4599914550781,440.6799926757813,444.3900146484375,419.4340515136719,88349800,2.32,-0.0002923926222593298,0.6534212628398426,430.36800384521484,441.7374029541016,0.2536795995647923,59.14688693152431,477.7099914550781,-0.06974938226673855,Above 50-day average
2022-03-22,445.8599853515625,450.5799865722656,445.8599853515625,449.5899963378906,424.342041015625,74650400,2.38,0.011701391836103525,0.6727685929064766,431.36900329589844,441.40740295410154,0.2520864001764191,57.691287640937226,477.7099914550781,-0.05886415528286426,Above 50-day average
2022-03-23,446.9100036621094,448.489990234375,443.7099914550781,443.7999877929688,418.877197265625,79426100,2.32,-0.01287841943122403,0.6512259773556486,432.4615020751953,440.97320251464845,0.247485056878423,55.07719415848699,477.7099914550781,-0.07098449743289093,Above 50-day average
2022-03-24,445.9400024414063,450.5,444.760009765625,450.489990234375,425.1914978027344,64736900,2.34,0.015074363734608909,0.6761171583463428,433.5710021972656,440.58800231933594,0.24750185769589225,61.06011949835014,477.7099914550781,-0.056980179832103794,Above 50-day average
2022-03-25,451.1600036621094,452.9800109863281,448.4299926757813,452.6900024414063,427.2679443359375,77101300,2.48,0.004883598425542646,0.684302641461868,434.31800231933596,440.2214025878906,0.23690920278818448,73.0077645062002,477.7099914550781,-0.05237484972307638,Above 50-day average
2022-03-28,452.05999755859375,455.9100036621094,450.05999755859375,455.9100036621094,430.30706787109375,68529800,2.46,0.007113038068738531,0.6962831502698632,435.2820022583008,440.0490026855469,0.23704474542140955,77.41981221049545,477.7099914550781,-0.04563435595426257,Above 50-day average
2022-03-29,460.0199890136719,462.0700073242188,457.1799926757813,461.5499877929688,435.63031005859375,86581500,2.41,0.012370827763278136,0.7172675769596026,436.8605010986328,439.9856024169922,0.2301678210502014,75.55389668148543,477.7099914550781,-0.03382806294858276,Above 50-day average
2022-03-30,460.3399963378906,461.2000122070313,456.4700012207031,458.7000122070313,432.9403991699219,79666900,2.35,-0.006174792896356585,0.7066638053242491,437.9010009765625,440.0298028564453,0.22577016752558882,74.52748860208916,477.7099914550781,-0.03979397456214695,Above 50-day average
2022-03-31,457.8900146484375,458.760009765625,451.1600036621094,451.6400146484375,426.2769165039063,121699900,2.32,-0.015391317572948537,0.6803960007062468,438.69750213623047,440.02760314941406,0.23319939655460387,72.75482003982196,477.7099914550781,-0.054572810435119634,Above 50-day average
2022-04-01,453.30999755859375,453.4599914550781,449.1400146484375,452.9200134277344,427.4849853515625,89048800,2.39,0.0028341128726010467,0.6851584326429156,439.7350021362305,440.15100341796875,0.23017641007556663,76.57594924990708,477.7099914550781,-0.05189336306706682,Above 50-day average
2022-04-04,453.1300048828125,456.9100036621094,452.260009765625,456.7999877929688,431.1471252441406,59601000,2.42,0.008566577431344813,0.6995944728402348,441.60350189208987,440.52740295410155,0.1974807096926696,74.58663524593177,477.7099914550781,-0.0437713341486089,Above 50-day average
2022-04-05,455.2200012207031,457.8299865722656,449.8200073242188,451.0299987792969,425.7010498046875,74214500,2.54,-0.01263132479829887,0.6781263430283961,443.3425018310547,440.7512030029297,0.20228224017636956,63.14624772653782,477.7099914550781,-0.05584976900842176,Above 50-day average
2022-04-06,446.8900146484375,448.9299926757813,443.4700012207031,446.5199890136719,421.4443664550781,106898000,2.61,-0.00999935653466788,0.6613461594142369,444.2980010986328,440.99220275878906,0.18924208022152286,54.72515342163175,477.7099914550781,-0.06529066379039561,Above 50-day average
2022-04-07,445.5899963378906,450.6900024414063,443.5299987792969,448.7699890136719,423.5679931640625,78097200,2.66,0.005038968143330047,0.669717629786569,445.4625,441.30000244140626,0.1877402261454243,53.763066051450316,477.7099914550781,-0.060580693221962134,Above 50-day average
2022-04-08,447.9700012207031,450.6300048828125,445.9400024414063,447.5700073242188,422.4353942871094,79272700,2.72,-0.002673934796955657,0.6652529137151924,446.8375,441.6266027832031,0.18000481573821264,52.76329272095845,477.7099914550781,-0.06309263919528796,Above 50-day average
2022-04-11,444.1099853515625,445.0,439.3900146484375,439.9200134277344,415.215087890625,89770500,2.79,-0.017092284494708787,0.6367899371583294,447.9835006713867,441.5860028076172,0.1906426225521832,41.94032811903855,477.7099914550781,-0.07910652635134885,Below 50-day average
2022-04-12,443.0799865722656,445.75,436.6499938964844,438.2900085449219,413.6766052246094,84363600,2.72,-0.003705230116974989,0.6307252537880088,448.5895004272461,441.3536029052734,0.17761658485746706,45.065389040878706,477.7099914550781,-0.08251864858443758,Below 50-day average
2022-04-13,438.0299987792969,444.1099853515625,437.8399963378906,443.30999755859375,418.4147033691406,74070400,2.7,0.01145357848867623,0.6494028934757363,448.97400054931643,441.1608026123047,0.1646384978657635,43.37148788085055,477.7099914550781,-0.07201020391410262,Above 50-day average
2022-04-14,443.5499877929688,444.7300109863281,437.6799926757813,437.7900085449219,413.2046508789063,97869500,2.83,-0.01245175846263713,0.6288649270386018,448.81000061035155,440.7696026611328,0.16518629140398966,37.03895033769559,477.7099914550781,-0.08356530871075607,Below 50-day average
2022-04-18,436.80999755859375,439.75,435.6099853515625,437.9700012207031,413.3746032714844,66002500,2.85,0.0004111392957082405,0.6295346174175083,448.4825012207031,440.59700256347656,0.16241198072375848,33.52310629715136,477.7099914550781,-0.08318852639721686,Below 50-day average
2022-04-19,437.8599853515625,445.7999877929688,437.6799926757813,445.0400085449219,420.0475158691406,77821000,2.93,0.01614267485104759,0.6558396649050053,448.51500091552737,440.5238024902344,0.17307610841931714,35.22462167041286,477.7099914550781,-0.06838873687913727,Above 50-day average
2022-04-20,446.9200134277344,447.5700073242188,443.4800109863281,444.7099914550781,419.7360229492188,65224400,2.85,-0.0007415447679024467,0.6546117856650098,448.27100067138673,440.4728021240234,0.1675908898824381,36.88843940323915,477.7099914550781,-0.06907956833702356,Above 50-day average
2022-04-21,448.5400085449219,450.010009765625,437.1000061035156,438.05999755859375,413.45941162109375,85417300,2.9,-0.014953551807383003,0.6298694626069616,447.98400115966797,440.2152020263672,0.16977264725733324,37.17412908938307,477.7099914550781,-0.08300013524044725,Below 50-day average
2022-04-22,436.9100036621094,438.0799865722656,425.4400024414063,426.0400085449219,402.1145324707031,132471800,2.9,-0.027439138658316153,0.585147248427534,446.7615020751953,439.5852020263672,0.18418395342133126,28.89444587149636,477.7099914550781,-0.10816182167924171,Below 50-day average
2022-04-25,423.6700134277344,428.6900024414063,418.8399963378906,428.510009765625,404.4457702636719,119647700,2.81,0.005797580441186945,0.5943372671114187,445.55250244140626,439.1690020751953,0.1847123397045825,27.28440911911123,477.7099914550781,-0.10299131809990558,Below 50-day average
2022-04-26,425.8299865722656,426.0400085449219,416.0700073242188,416.1000061035156,392.7327270507813,103996300,2.77,-0.028960825603343676,0.5481639435656933,443.56200256347654,438.6818023681641,0.2028493423239236,24.6553429918487,477.7099914550781,-0.1289694301010994,Below 50-day average
2022-04-27,417.239990234375,422.9200134277344,415.010009765625,417.2699890136719,393.8370361328125,122030000,2.82,0.002811782968023202,0.5525170445739189,441.3480026245117,438.2468023681641,0.19500356134323588,27.69557422614581,477.7099914550781,-0.12652028118003011,Below 50-day average
2022-04-28,422.2900085449219,429.6400146484375,417.6000061035156,427.80999755859375,403.7850341796875,105449100,2.85,0.02525944549675363,0.5917327642441148,439.80350189208986,437.8810021972656,0.2224003855100545,35.81099087984141,477.7099914550781,-0.10445666782997731,Below 50-day average
2022-04-29,423.5899963378906,425.8699951171875,411.2099914550781,412.0,388.8630065917969,145491100,2.89,-0.03695565238965315,0.5329092415114876,437.82150115966795,437.18900207519533,0.24937596956995906,29.897129477085755,477.7099914550781,-0.13755205591352426,Below 50-day average
2022-05-02,412.0700073242188,415.9200134277344,405.0199890136719,414.4800109863281,391.2037048339844,158312500,2.99,0.0060194441415730715,0.542136503064867,435.89950103759764,436.73740234375,0.2508643253995829,34.72988825362492,477.7099914550781,-0.13236059868908123,Below 50-day average
2022-05-03,415.010009765625,418.9299926757813,413.3599853515625,416.3800048828125,392.99700927734375,100028200,2.97,0.00458404228460374,0.5492057220035473,433.87850189208984,436.3804022216797,0.24854165875536352,36.891223080746165,477.7099914550781,-0.12838330298568357,Below 50-day average
2022-05-04,417.0799865722656,429.6600036621094,413.7099914550781,429.05999755859375,404.9649353027344,144247900,2.93,0.030452933683378758,0.5963835811176323,432.7800018310547,436.37020202636717,0.2754517007394103,42.1900673842185,477.7099914550781,-0.10184001751418092,Below 50-day average
2022-05-05,424.5499877929688,425.0,409.4400024414063,413.80999755859375,390.5713195800781,172929100,3.05,-0.03554281472701826,0.5396436152607145,431.1445022583008,436.20740173339846,0.2987937184039336,38.124003062639936,477.7099914550781,-0.13376315136689632,Below 50-day average
2022-05-06,411.1000061035156,414.7999877929688,405.7300109863281,411.3399963378906,388.2400207519531,151770800,3.12,-0.0059689259207744705,0.5304535965768298,429.2730026245117,435.8682019042969,0.2971093184412451,37.104113858202176,477.7099914550781,-0.13893365494623255,Below 50-day average
2022-05-09,405.1000061035156,406.4100036621094,396.5,398.1700134277344,375.8096618652344,155586100,3.05,-0.03201726802014637,0.4814526535828325,426.8030029296875,435.07660217285155,0.31297362689709085,28.568813177121996,477.7099914550781,-0.16650264689894678,Below 50-day average
2022-05-10,404.489990234375,406.0799865722656,394.8200073242188,399.0899963378906,376.677978515625,132497200,2.99,0.0023105278627999493,0.4848755912163545,424.7615020751953,434.32580200195315,0.3111336717956393,29.25231060992995,477.7099914550781,-0.16457682804103668,Below 50-day average
2022-05-11,398.0700073242188,404.0400085449219,391.9599914550781,392.75,370.6940002441406,142361000,2.91,-0.015886131940332726,0.46128666165931187,422.48450164794923,433.5812017822266,0.31362467400362176,29.335026559186545,477.7099914550781,-0.177848470776788,Below 50-day average
2022-05-12,389.3699951171875,395.7999877929688,385.1499938964844,392.3399963378906,370.3070983886719,125090800,2.84,-0.0010439303936584654,0.45976118009935796,419.9360015869141,432.67020141601563,0.3078632337065461,32.80961718200777,477.7099914550781,-0.178706739746337,Below 50-day average
2022-05-13,396.7099914550781,403.1799926757813,395.6099853515625,401.7200012207031,379.16021728515625,104174400,2.93,0.02390784770955201,0.4946609280854892,418.13250122070315,431.99040161132814,0.3242320867694806,37.23433803181473,477.7099914550781,-0.15907138555531086,Below 50-day average
2022-05-16,399.9800109863281,403.9700012207031,397.6000061035156,400.0899963378906,377.621826171875,78622400,2.88,-0.004057564666582247,0.4885962447151686,416.2385009765625,431.34880126953124,0.3237968946511535,41.49760170315056,477.7099914550781,-0.1624835077883996,Below 50-day average
2022-05-17,406.5299987792969,408.5700073242188,402.5799865722656,408.3200073242188,385.3896179199219,83029700,2.98,0.020570399314302268,0.5192172638867305,414.40250091552736,431.1266015625,0.32786295369194485,45.57850882072968,477.7099914550781,-0.14525545911129323,Below 50-day average
2022-05-18,403.5,403.7999877929688,390.5499877929688,391.8599853515625,369.85394287109375,117674500,2.89,-0.04031157346543279,0.4579752255436067,411.76000061035154,430.63880126953126,0.3517179819713955,33.221314959167486,477.7099914550781,-0.17971155646550596,Below 50-day average
2022-05-19,388.6199951171875,394.1400146484375,387.1099853515625,389.4599914550781,367.5887756347656,98510700,2.84,-0.006124621002910446,0.44904567985551913,409.33000030517576,429.87980102539063,0.3501534860310308,37.97481420649903,477.7099914550781,-0.184735512295222,Below 50-day average
2022-05-20,393.25,397.0299987792969,380.5400085449219,389.6300048828125,367.7492065429688,131432200,2.78,0.0004365363104414932,0.4496782409102644,407.50950012207034,429.1628009033203,0.3409862205293424,36.40739245817564,477.7099914550781,-0.1843796197437254,Below 50-day average
2022-05-23,392.8299865722656,397.7300109863281,390.3800048828125,396.9200134277344,374.62982177734375,76414900,2.86,0.01871007995678986,0.47680183670931386,405.9300003051758,428.6998010253906,0.3490116405032307,39.94835342249216,477.7099914550781,-0.16911929721474306,Below 50-day average
2022-05-24,392.55999755859375,395.1499938964844,386.9599914550781,393.8900146484375,371.7700500488281,91448800,2.76,-0.007633776773134482,0.46552826114972,404.8195007324219,428.2376013183594,0.33643325820139436,29.82216118319228,477.7099914550781,-0.17546205502491086,Below 50-day average
2022-05-25,392.30999755859375,399.4500122070313,391.8900146484375,397.3699951171875,375.0545959472656,91472900,2.75,0.008834904007038569,0.47847606265658005,403.82450103759766,427.66160095214843,0.3383739619581843,39.095249816603065,477.7099914550781,-0.16817734143089502,Below 50-day average
2022-05-26,398.6700134277344,407.0400085449219,398.4500122070313,405.30999755859375,382.5486450195313,82168300,2.75,0.01998138394687965,0.508018060520792,402.69950103759766,427.0554010009766,0.3331669643981291,46.27087302159482,477.7099914550781,-0.1515563735143115,Below 50-day average
2022-05-27,407.9100036621094,415.3800048828125,407.7000122070313,415.260009765625,391.9399108886719,84768700,2.74,0.02454914082298898,0.5450386082521277,402.8625015258789,426.53920104980466,0.3200438641832209,61.00733514402378,477.7099914550781,-0.1307278114473468,Below 50-day average
2022-05-31,413.5499877929688,416.4599914550781,410.0299987792969,412.9299926757813,389.7407836914063,95937000,2.85,-0.005610983564631633,0.5363694220145037,402.7850006103516,425.9074011230469,0.3200889461687379,58.75505070492689,477.7099914550781,-0.13560528341050715,Below 50-day average
2022-06-01,415.1700134277344,416.239990234375,406.9299926757813,409.5899963378906,386.58831787109375,86585800,2.94,-0.00808852928373538,0.5239424529539038,402.4455001831055,425.2114007568359,0.3208454753649183,61.073106870422,477.7099914550781,-0.14259696538834743,Below 50-day average
2022-06-02,409.4200134277344,417.4400024414063,407.0400085449219,417.3900146484375,393.95025634765625,79609600,2.92,0.019043478552421167,0.5529636183718556,401.8620010375977,424.56740112304686,0.30850572260615494,65.01258121826574,477.7099914550781,-0.12626902908793958,Below 50-day average
2022-06-03,412.3999938964844,414.0400085449219,409.510009765625,410.5400085449219,387.4849853515625,71874300,2.96,-0.016411523666384986,0.5274771191959111,401.69850158691406,423.90220153808593,0.28698013998784866,55.451173058250404,477.7099914550781,-0.1406082855951164,Below 50-day average
2022-06-06,414.7799987792969,416.6099853515625,410.5499877929688,411.7900085449219,388.6648254394531,57508900,3.04,0.003044770239154948,0.5321279360694289,401.72100219726565,423.1282019042969,0.28637675924816225,57.26527601855914,477.7099914550781,-0.13799163527932012,Below 50-day average
2022-06-07,408.1000061035156,416.2200012207031,407.6099853515625,415.739990234375,392.3929443359375,59272400,2.98,0.009592223238758413,0.5468244492625449,402.59950103759763,422.38920166015623,0.26125800674227634,54.86619748190117,477.7099914550781,-0.12972305861124223,Below 50-day average
2022-06-08,413.9299926757813,415.8200073242188,410.3800048828125,411.2200012207031,388.1267700195313,64350000,3.03,-0.010872153557139663,0.5300071363242245,403.2060012817383,421.49540161132813,0.2654024415308984,65.0544404012752,477.7099914550781,-0.1391848431552587,Below 50-day average
2022-06-09,409.3399963378906,411.739990234375,401.4400024414063,401.4400024414063,378.89599609375,86289800,3.04,-0.023782886898168765,0.4936191496476343,403.64050140380857,420.2932019042969,0.2736669983690861,58.35658978095731,477.7099914550781,-0.1596575126707266,Below 50-day average
2022-06-10,394.8800048828125,395.7799987792969,389.75,389.7999877929688,367.90960693359375,132893900,3.15,-0.028995652096570623,0.4503106884196759,403.5135009765625,418.91520141601563,0.2939880080031354,50.10221458824223,477.7099914550781,-0.184023791075293,Below 50-day average
2022-06-13,379.8500061035156,381.80999755859375,373.2999877929688,375.0,353.9408264160156,170004900,3.43,-0.037968158687653464,0.3952450620553578,402.17750091552733,417.38240112304686,0.3084877885244331,37.910868882473,477.7099914550781,-0.21500490526109617,Below 50-day average
2022-06-14,376.8500061035156,377.9400024414063,370.5899963378906,373.8699951171875,352.8742370605469,104011800,3.49,-0.003013346354166613,0.39104070543444425,400.8665008544922,415.80140075683596,0.30847401275968805,38.722387714853895,477.7099914550781,-0.2173703673678663,Below 50-day average
2022-06-15,377.3599853515625,383.8999938964844,372.1199951171875,379.2000122070313,357.9049987792969,125666800,3.33,0.014256338190961726,0.41087185216851174,399.41050109863284,414.2494012451172,0.30278185064073176,39.97352742067492,477.7099914550781,-0.20621293464679458,Below 50-day average
2022-06-16,370.510009765625,370.9400024414063,364.0799865722656,366.6499938964844,346.0596923828125,134473300,3.28,-0.03309603878307632,0.36417758263119193,398.1500015258789,412.5618011474609,0.29204545761287287,29.69965428176856,477.7099914550781,-0.23248414214722857,Below 50-day average
2022-06-17,365.510009765625,369.3800048828125,362.1700134277344,365.8599853515625,346.8057556152344,111113900,3.25,-0.0021546667341413306,0.36123823457443516,396.9700012207031,410.94860107421874,0.29185041286246427,21.299099012204223,477.7099914550781,-0.2341378830340699,Below 50-day average
2022-06-21,371.8900146484375,376.5299987792969,371.80999755859375,375.0700073242188,355.5360717773437,76811900,3.31,0.025173624723693777,0.3955055350511554,396.24200134277345,409.4746014404297,0.30840713148399745,29.63204245007327,477.7099914550781,-0.21485835751147597,Below 50-day average
2022-06-22,370.6199951171875,378.7200012207031,370.1799926757813,374.3900146484375,354.8915100097656,90059400,3.16,-0.0018129753446094465,0.3929755179228416,395.1155014038086,408.01100158691406,0.2988289341156042,30.50511831638275,477.7099914550781,-0.2162817999513339,Below 50-day average
2022-06-23,376.6400146484375,378.8299865722656,372.8900146484375,378.05999755859375,358.3703918457031,79292100,3.09,0.0098025662185528,0.40663025267810315,394.3240005493164,406.77380126953125,0.30144616912755084,27.17353108293274,477.7099914550781,-0.20859935039867183,Below 50-day average
2022-06-24,381.3999938964844,390.0899963378906,381.3699951171875,390.0799865722656,369.7643432617188,98050300,3.13,0.03179386629448655,0.4513524668575306,393.9595001220703,405.8096008300781,0.3225442702305319,38.79762355908723,477.7099914550781,-0.18343766395987737,Below 50-day average
2022-06-27,391.0499877929688,391.3599853515625,387.4400024414063,388.5899963378906,368.3519287109375,66009600,3.2,-0.0038197043828572808,0.44580872947880423,393.12350006103514,404.71520080566404,0.3132049256668583,37.33070509739563,477.7099914550781,-0.18655669069372605,Below 50-day average
2022-06-28,390.2300109863281,393.1600036621094,380.5299987792969,380.6499938964844,360.8255310058594,86548900,3.2,-0.02043285343481205,0.41626673161459204,391.39299926757815,403.5724005126953,0.30333234458559993,31.637891358720296,477.7099914550781,-0.20317765861030956,Below 50-day average
2022-06-29,381.2300109863281,382.2699890136719,378.4200134277344,380.3399963378906,360.53167724609375,65676000,3.1,-0.000814390026440015,0.4151133381135863,389.7634994506836,402.41980041503905,0.3035074248469538,33.09612666762449,477.7099914550781,-0.20382658277798194,Below 50-day average
2022-06-30,376.239990234375,380.6600036621094,372.55999755859375,377.25,357.6025390625,112508300,2.98,-0.008124300277758567,0.40361653242769013,388.14649963378906,401.06400024414063,0.30351395529948455,35.71175696117835,477.7099914550781,-0.2102949346926627,Below 50-day average
2022-07-01,376.55999755859375,381.7000122070313,373.7999877929688,381.239990234375,361.38470458984375,74839700,2.88,0.010576514869118592,0.41846190355345225,386.33899841308596,399.7946002197266,0.2964191597267393,44.44156002688715,477.7099914550781,-0.20194260732722136,Below 50-day average
2022-07-05,375.8800048828125,381.9800109863281,372.8999938964844,381.9599914550781,362.0671997070313,81438000,2.82,0.00188857737683934,0.4211407786144117,384.9099975585938,398.67260009765624,0.29365000923092505,55.5308248329221,477.7099914550781,-0.2004354141900001,Below 50-day average
2022-07-06,382.1099853515625,385.8699951171875,379.6000061035156,383.25,363.29010009765625,70426200,2.93,0.0033773394433473936,0.4259404534205755,383.48299713134764,397.8167999267578,0.2937497418665128,57.435005026594,477.7099914550781,-0.19773501317684028,Below 50-day average
2022-07-07,385.1199951171875,389.8299865722656,383.2699890136719,388.989990234375,368.7311096191406,64525900,3.01,0.014977143468688947,0.4472969681692629,382.14549713134767,397.0263995361328,0.29751160837463203,57.709859452808,477.7099914550781,-0.18571937536928407,Below 50-day average
2022-07-08,387.2699890136719,390.6400146484375,385.6600036621094,388.6700134277344,368.42779541015625,72397800,3.09,-0.0008225836516971841,0.44610644534409594,381.0179977416992,396.47779968261716,0.296188574233814,71.47877639034911,477.7099914550781,-0.18638918929899895,Below 50-day average
2022-07-11,385.8500061035156,386.8699951171875,383.5,384.2300109863281,364.2190246582031,58366900,2.99,-0.0114235785834087,0.42958673472573383,380.1574981689453,395.81700012207034,0.28761756435836605,66.72741288364456,477.7099914550781,-0.19568353633135271,Below 50-day average
2022-07-12,383.6499938964844,386.1600036621094,378.989990234375,380.8299865722656,360.9960632324219,62219200,2.96,-0.008848929851508869,0.4169364219934981,379.70899810791013,394.87739990234377,0.27097602602826426,55.865565877953095,477.7099914550781,-0.20280087629677035,Below 50-day average
2022-07-13,375.1000061035156,381.9200134277344,374.6600036621094,378.8299865722656,359.1002502441406,84224600,2.91,-0.005251687289652196,0.40949511499586966,379.90049743652344,394.21399963378906,0.23420713969066362,54.40299099179801,477.7099914550781,-0.2069875168020444,Below 50-day average
2022-07-14,373.6099853515625,379.0499877929688,371.0400085449219,377.9100036621094,358.2281799316406,89704800,2.96,-0.0024284849213771498,0.40607217736234746,380.10249786376954,393.4825994873047,0.23409625563797437,49.842674589593535,477.7099914550781,-0.2089133356599545,Below 50-day average
2022-07-15,382.5499877929688,385.25,380.5400085449219,385.1300048828125,365.0721740722656,79060400,2.93,0.019105080973613298,0.4329353001655998,380.3989974975586,392.8575994873047,0.23842925354921807,44.22674856897569,477.7099914550781,-0.19379956088059225,Below 50-day average
2022-07-18,388.3800048828125,389.0899963378906,380.6600036621094,381.9500122070313,362.0577087402344,63203600,2.96,-0.008256933075751371,0.4211036492902507,381.16399841308595,391.91539978027345,0.20550882034024487,42.549383929360296,477.7099914550781,-0.2004563039520426,Below 50-day average
2022-07-19,386.0799865722656,392.8699951171875,385.3900146484375,392.2699890136719,371.8403015136719,78506000,3.01,0.027019181769385003,0.4595007071035604,382.48449859619143,391.484599609375,0.22281346089100407,62.37751344491488,477.7099914550781,-0.17885328749595697,Above 50-day average
2022-07-20,392.4700012207031,396.260009765625,391.0299987792969,394.7699890136719,374.2101135253906,71843800,3.04,0.006373161521445958,0.4688023408505959,383.46949768066406,391.1531994628906,0.20816445741642822,64.68553752119713,477.7099914550781,-0.1736199868643643,Above 50-day average
2022-07-21,394.1600036621094,398.8399963378906,391.6300048828125,398.7900085449219,378.0207214355469,64903900,2.91,0.010183194374258298,0.4837594405848431,384.68949737548826,391.16559936523436,0.20911111403411345,71.5142056798335,477.7099914550781,-0.16520479856360204,Above 50-day average
2022-07-22,398.9200134277344,400.1799926757813,392.75,395.0899963378906,374.513427734375,72197300,2.77,-0.009278096561475047,0.4699929772210967,385.54099731445314,391.0855993652344,0.21212033874999459,63.91401362346196,477.7099914550781,-0.17295010905158503,Above 50-day average
2022-07-25,395.75,396.4700012207031,393.2099914550781,395.5700073242188,374.9684143066406,53631500,2.81,0.001214940876199,0.47177893177684815,385.8154983520508,391.1419995117187,0.18123099969131612,63.739164349454384,477.7099914550781,-0.17194529233241596,Above 50-day average
2022-07-26,393.8399963378906,394.05999755859375,389.9500122070313,390.8900146484375,370.5321960449219,52946400,2.81,-0.011831009907547041,0.4543663006532772,385.9304992675781,391.11299987792967,0.18608260366013632,57.21845910401008,477.7099914550781,-0.18174201578282212,Below 50-day average
2022-07-27,394.3599853515625,402.8800048828125,394.0499877929688,401.0400085449219,380.1535339355469,82342100,2.78,0.025966367817333857,0.4921309109571754,386.95,391.0994000244141,0.1901607947060395,60.50935036881404,477.7099914550781,-0.16049482799516868,Above 50-day average
2022-07-28,401.8900146484375,406.7999877929688,398.1499938964844,406.0700073242188,384.9215393066406,73966600,2.68,0.0125423864754719,0.5108457935143982,388.2365005493164,391.2190002441406,0.1927975657252209,64.02320398125465,477.7099914550781,-0.1499654296797266,Above 50-day average
2022-07-29,407.5799865722656,413.0299987792969,406.7699890136719,411.989990234375,390.5332946777344,87003700,2.67,0.014578724858715031,0.5328719986419916,389.97350006103517,391.29239990234373,0.1917195910296352,71.85137283483463,477.7099914550781,-0.13757300955863128,Above 50-day average
2022-08-01,409.1499938964844,413.4100036621094,408.3999938964844,410.7699890136719,389.3768005371094,69997500,2.6,-0.002961239956361772,0.5283327968316249,391.45,391.67059997558596,0.1920349314021748,74.40497157196958,477.7099914550781,-0.14012686282217113,Above 50-day average
2022-08-02,409.1199951171875,413.0,406.8200073242188,408.05999755859375,386.8079223632813,63435400,2.75,-0.006597345296781021,0.5182498576425316,392.75500030517577,392.04260009765625,0.19549016437010652,73.55361088856134,477.7099914550781,-0.14579974281955954,Above 50-day average
2022-08-03,410.2999877929688,415.6799926757813,410.0,414.4500122070313,392.8652038574219,67820600,2.73,0.01565949783529086,0.5420248880017156,394.3150009155274,392.53900024414065,0.20028892217771807,77.05866001957068,477.7099914550781,-0.13242339574133766,Above 50-day average
2022-08-04,414.3699951171875,415.0899963378906,412.4400024414063,414.1700134277344,392.5997619628906,45656600,2.68,-0.0006755911956809468,0.5409831095638606,395.5740020751954,392.8840002441406,0.19657893146527042,73.96831873698099,477.7099914550781,-0.1330095228567535,Above 50-day average
2022-08-05,409.6600036621094,414.1499938964844,409.6000061035156,413.4700012207031,391.9361572265625,56814900,2.83,-0.00169015666112049,0.538378606696557,396.8140014648438,393.2755999755859,0.19683912514465157,77.12563313462755,477.7099914550781,-0.13447487258682522,Above 50-day average
2022-08-08,415.25,417.6199951171875,411.8299865722656,412.989990234375,391.4811706542969,53886100,2.77,-0.0011609330420851993,0.536592652140806,398.2520004272461,393.5879998779297,0.18999971475583974,71.4670368063437,477.7099914550781,-0.1354796893059942,Above 50-day average
2022-08-09,412.2200012207031,412.75,410.2200012207031,411.3500061035156,389.9266357421875,44931800,2.8,-0.003971002129927292,0.5304908394463241,399.7780014038086,393.70880004882815,0.18648896706156598,67.48946049585236,477.7099914550781,-0.13891270130112554,Above 50-day average
2022-08-10,418.7799987792969,420.1400146484375,416.7200012207031,419.989990234375,398.11663818359375,68665700,2.78,0.021003972292843898,0.5626372266325061,401.8360015869141,393.80339965820315,0.1925394030416045,70.37676486617602,477.7099914550781,-0.12082644753753469,Above 50-day average
2022-08-11,422.989990234375,424.9500122070313,419.2099914550781,419.989990234375,398.11663818359375,59489700,2.87,0.0,0.5626372266325061,403.9400009155274,393.944599609375,0.19144646833988196,75.76573452852139,477.7099914550781,-0.12082644753753469,Above 50-day average
2022-08-12,422.0299987792969,427.2099914550781,421.0299987792969,427.1000061035156,404.8563537597656,61694500,2.84,0.016929012677594724,0.5890911320526493,406.03850097656255,394.2947998046875,0.1895206484609123,78.68972637469363,477.7099914550781,-0.10594290732209155,Above 50-day average
2022-08-15,424.7699890136719,429.4100036621094,424.7099914550781,428.8599853515625,406.524658203125,54048300,2.79,0.004120766150540245,0.5956394049997356,408.38399963378913,394.52419921875,0.18279196952720378,86.48855839401065,477.7099914550781,-0.10225870711793406,Above 50-day average
2022-08-16,427.7300109863281,431.7300109863281,426.8800048828125,429.7000122070313,407.3209533691406,59289000,2.82,0.0019587438421893033,0.5987648538586334,410.25550079345703,394.9073992919922,0.16512943866202562,83.54401081830963,477.7099914550781,-0.10050026188862216,Above 50-day average
2022-08-17,425.9100036621094,429.5,424.5400085449219,426.6499938964844,404.4297790527344,63563400,2.89,-0.0070980177423811686,0.5874167925600493,411.84950103759763,395.20459899902346,0.17007996000435593,75.25770261331894,477.7099914550781,-0.10688492698900398,Above 50-day average
2022-08-18,426.8599853515625,428.6099853515625,425.5,427.8900146484375,405.605224609375,49023200,2.88,0.002906412210693654,0.5920304801094061,413.30450134277345,395.4475994873047,0.168493891606804,72.04658704689157,477.7099914550781,-0.10428916643525021,Above 50-day average
2022-08-19,424.9800109863281,425.260009765625,421.2200012207031,422.1400146484375,400.1546936035156,68016900,2.98,-0.013438032679318979,0.5706367224912239,414.6570022583008,395.6659997558594,0.17328356515674442,64.0059245670291,477.7099914550781,-0.11632575788791344,Above 50-day average
2022-08-22,417.0499877929688,417.2300109863281,412.3999938964844,413.3500061035156,391.8224792480469,77695600,3.03,-0.020822495475209313,0.5379321464439528,415.54600219726564,395.9041998291016,0.19341104952533475,55.66745243692311,477.7099914550781,-0.13472606079585137,Above 50-day average
2022-08-23,412.8999938964844,415.4200134277344,411.7699890136719,412.3500061035156,390.8745422363281,49105200,3.05,-0.0024192572522898637,0.5342114929451385,416.6190017700195,396.3552001953125,0.1870915808125937,47.45639164168505,477.7099914550781,-0.13681938104848845,Above 50-day average
2022-08-24,412.1099853515625,415.1099853515625,411.3900146484375,413.6700134277344,392.1257934570313,49177800,3.11,0.003201181774415529,0.5391227828144534,417.25050201416013,397.1286004638672,0.16585644001113936,49.409263714139016,477.7099914550781,-0.1340561829830721,Above 50-day average
2022-08-25,415.239990234375,419.55999755859375,414.0899963378906,419.510009765625,397.66162109375,50942300,3.03,0.014117523988503633,0.5608513856220889,417.9225021362305,398.0414007568359,0.1673220910036894,56.363255230453746,477.7099914550781,-0.12183120037363926,Above 50-day average
2022-08-26,419.3900146484375,419.9599914550781,405.25,405.30999755859375,384.201171875,103087000,3.04,-0.033849042636585946,0.5080180605207927,417.58850250244143,398.5636004638672,0.20243434401342658,43.72345052844548,477.7099914550781,-0.1515563735143115,Above 50-day average
2022-08-29,402.2000122070313,405.8399963378906,401.2000122070313,402.6300048828125,381.6607666015625,65370800,3.12,-0.006612204712255654,0.4980467363948504,417.18150329589844,399.28320068359375,0.2033784730452534,42.9926129092856,477.7099914550781,-0.15716645645944338,Above 50-day average
2022-08-30,403.8500061035156,404.1000061035156,396.0,398.2099914550781,377.4708557128906,85652400,3.11,-0.010977854044983193,0.48160139797014434,416.68900299072266,399.9302008056641,0.20558226720057804,31.224168620928637,477.7099914550781,-0.16641896008464763,Below 50-day average
2022-08-31,399.9299926757813,401.239990234375,395.0400085449219,395.1799926757813,374.5987243652344,76029700,3.15,-0.007609047598793439,0.4703278224105507,415.72550201416016,400.3324005126953,0.19676471535409948,29.673962938923992,477.7099914550781,-0.17276171789481531,Below 50-day average
2022-09-01,392.8900146484375,396.7799987792969,390.0400085449219,396.4200134277344,375.774169921875,78740100,3.26,0.0031378631887633013,0.47494150995990725,414.83800201416017,400.77300048828124,0.19764701646991653,22.190047391791694,477.7099914550781,-0.17016595734106166,Below 50-day average
2022-09-02,400.2799987792969,401.55999755859375,390.3299865722656,392.239990234375,371.8118286132813,99632100,3.2,-0.010544430280438832,0.4593890920404098,413.77650146484376,401.05660034179687,0.199881711554226,18.20084524689075,477.7099914550781,-0.1789160845482135,Below 50-day average
2022-09-06,393.1300048828125,394.1199951171875,388.4200134277344,390.760009765625,370.4089660644531,76637400,3.33,-0.003773150381391921,0.4538825975311782,412.6650024414063,401.07020080566406,0.19985491135187755,16.55793508184476,477.7099914550781,-0.18201415763695528,Below 50-day average
2022-09-07,390.4299926757813,398.5899963378906,390.2000122070313,397.7799987792969,377.0633544921875,70964200,3.27,0.017964962734754897,0.4800015442165344,411.9865020751953,401.2540008544922,0.21273874402919113,26.788900426136607,477.7099914550781,-0.16731907246134614,Below 50-day average
2022-09-08,395.3900146484375,400.8599853515625,394.1199951171875,400.3800048828125,379.5278625488281,80821700,3.29,0.006536291697658347,0.48967526602251854,411.00600280761716,401.64860107421873,0.19805070664052854,28.355634438592205,477.7099914550781,-0.16187642702787686,Below 50-day average
2022-09-09,402.739990234375,407.510009765625,402.4599914550781,406.6000061035156,385.4239501953125,76706900,3.33,0.01553524437995768,0.5128177353269567,410.33650360107424,402.1738012695312,0.2078903729248902,37.863170574632846,477.7099914550781,-0.14885597250115168,Above 50-day average
2022-09-12,408.7799987792969,411.7300109863281,408.4599914550781,410.9700012207031,389.56640625,69256300,3.37,0.010747651381183054,0.5290769729495217,409.5300033569336,402.8482012939453,0.2016730800150301,48.00335283521439,477.7099914550781,-0.13970817321841789,Above 50-day average
2022-09-13,401.8299865722656,403.1000061035156,391.9200134277344,393.1000061035156,372.6270751953125,122947100,3.42,-0.043482480629019826,0.4625889130929639,407.74200439453125,403.0854016113281,0.24837518254905613,37.413369942173446,477.7099914550781,-0.1771157959117522,Below 50-day average
2022-09-14,394.4700012207031,396.2000122070313,391.1199951171875,394.6000061035156,374.0489196777344,85023700,3.41,0.003815822886568565,0.46816989334118553,405.9870040893555,403.33820190429685,0.2490749994412163,37.56033838867236,477.7099914550781,-0.17397581553279662,Below 50-day average
2022-09-15,392.9599914550781,395.9599914550781,388.7799987792969,390.1199951171875,369.8023071289063,87633800,3.45,-0.011353296799374357,0.45150132479017735,404.16050415039064,403.4756018066406,0.2502022646966937,30.48213614018701,477.7099914550781,-0.18335391326251382,Below 50-day average
2022-09-16,384.1400146484375,386.25,382.1099853515625,385.55999755859375,366.9810485839844,103084800,3.45,-0.011688705054002657,0.4345351539192108,402.04400329589845,403.407001953125,0.24995483566765872,34.95811678954264,477.7099914550781,-0.19289944850389373,Below 50-day average
2022-09-19,382.260009765625,388.5499877929688,382.1799926757813,388.5499877929688,369.8269958496094,73278500,3.49,0.007754928554071894,0.4456598715461588,400.364501953125,403.4046014404297,0.25186410294888417,39.326855367270355,477.7099914550781,-0.18664044139108937,Below 50-day average
2022-09-20,385.05999755859375,386.1199951171875,381.2000122070313,384.0899963378906,365.5819091796875,77274900,3.57,-0.011478552554876398,0.4290657887341405,398.90150146484376,403.40180114746096,0.24570300142158472,39.30303400213069,477.7099914550781,-0.19597663183059288,Below 50-day average
2022-09-21,386.1099853515625,389.30999755859375,377.3800048828125,377.3900146484375,359.2047119140625,106746600,3.51,-0.017443780763191308,0.40413747841928505,397.1535018920898,403.3330017089844,0.2505275583296645,37.232680930692155,477.7099914550781,-0.21000183919342263,Below 50-day average
2022-09-22,376.5799865722656,378.2999877929688,373.4400024414063,374.2200012207031,356.1875305175781,89472600,3.7,-0.008399833871300055,0.39234295686809695,395.1810012817383,403.2408020019531,0.2493019026137041,34.497192893323145,477.7099914550781,-0.2166376925028305,Below 50-day average
2022-09-23,370.5799865722656,370.6199951171875,363.2900085449219,367.9500122070313,350.2196960449219,122346900,3.69,-0.016754820675589643,0.3690145003068517,392.6030014038086,403.0416021728516,0.24208015200682095,33.518796755832724,477.7099914550781,-0.22976278748896173,Below 50-day average
2022-09-26,366.4100036621094,370.2099914550781,363.0299987792969,364.30999755859375,346.755126953125,92581200,3.88,-0.009892687940419087,0.3554712670694071,390.5530014038086,402.62520202636716,0.22001353055030703,32.5642579297448,477.7099914550781,-0.23738250387243165,Below 50-day average
2022-09-27,368.0199890136719,370.3999938964844,360.8699951171875,363.3800048828125,345.8699035644531,108294100,3.97,-0.0025527509044867003,0.3520110865663899,388.5905014038086,402.2538018798828,0.2201461128114775,25.34403373733268,477.7099914550781,-0.23932927637544865,Below 50-day average
2022-09-28,364.3800048828125,372.2999877929688,362.6000061035156,370.5299987792969,352.67529296875,110802200,3.72,0.019676354781243965,0.3786137363738453,387.20650177001954,401.8190020751953,0.23550388632184777,29.915207009148745,477.7099914550781,-0.22436204934570647,Below 50-day average
2022-09-29,366.80999755859375,367.1099853515625,359.70001220703125,362.7900085449219,345.3083190917969,112952300,3.76,-0.020888970555351105,0.3498159146275295,385.5870025634766,401.1794024658203,0.2431770939628272,21.11300082582237,477.7099914550781,-0.24056432765853686,Below 50-day average
2022-09-30,361.7999877929688,365.9100036621094,357.0400085449219,357.17999267578125,339.9686584472656,153711200,3.83,-0.015463534653672784,0.32894298945560774,383.62500152587893,400.3472021484375,0.24473811357404118,15.103136932378675,477.7099914550781,-0.2523078874950243,Below 50-day average
2022-10-03,361.0799865722656,368.5499877929688,359.2099914550781,366.6099853515625,348.9442138671875,89756500,3.67,0.02640123430525132,0.3640287246985463,382.34350128173827,399.77760192871096,0.267851454899244,30.700837354988124,477.7099914550781,-0.23256789284459212,Below 50-day average
2022-10-04,372.3999938964844,378.0,366.5700073242188,377.9700012207031,359.7568054199219,103602800,3.62,0.030986651545366062,0.40629540748865023,381.70400085449216,399.4256018066406,0.2940644833741719,39.40628936686419,477.7099914550781,-0.20878774155544144,Below 50-day average
2022-10-05,373.3900146484375,379.4599914550781,370.9500122070313,377.0899963378906,358.9192199707031,88065700,3.76,-0.0023282400189708063,0.4030212142424403,380.66950073242185,399.1496014404297,0.2849302428679642,41.30057314705206,477.7099914550781,-0.2106298735990524,Below 50-day average
2022-10-06,375.6199951171875,378.7200012207031,372.6799926757813,373.2000122070313,355.2167358398437,82333500,3.83,-0.010315797736977661,0.3885479311756266,379.3105010986328,398.5928015136719,0.2841091404952328,41.67340997680964,477.7099914550781,-0.218772856162617,Below 50-day average
2022-10-07,368.9700012207031,373.2900085449219,360.9400024414063,362.7900085449219,345.3083190917969,107789500,3.89,-0.027893899575583414,0.3498159146275295,377.1200012207031,397.7272015380859,0.28760984621428887,34.22342953499559,477.7099914550781,-0.24056432765853686,Below 50-day average
2022-10-10,363.9599914550781,364.2099914550781,357.6700134277344,360.0199890136719,342.6717834472656,76042800,3.89,-0.00763532474987394,0.33950963176680027,374.57250061035154,396.6878015136719,0.28114227714141765,34.94683949397702,477.7099914550781,-0.24636286564350274,Below 50-day average
2022-10-11,358.239990234375,363.0299987792969,355.7099914550781,357.739990234375,340.5016174316406,92482800,3.93,-0.006332978303630554,0.3310265463313169,372.8044998168945,395.62720153808596,0.24481364457064425,36.991912622708654,477.7099914550781,-0.25113563326419275,Below 50-day average
2022-10-12,358.1700134277344,359.82000732421875,356.29998779296875,356.5599975585937,339.3785095214844,76991800,3.91,-0.0032984645496529907,0.32663620245359604,370.9024993896484,394.5972015380859,0.24286878159475658,37.99292792349772,477.7099914550781,-0.25360573583036916,Below 50-day average
2022-10-13,349.2099914550781,367.510009765625,348.1099853515625,365.9700012207031,348.3350830078125,147254500,3.97,0.026391080677980572,0.3616475655028786,369.6949996948242,393.6276013183594,0.2655554511002227,48.70891341455694,477.7099914550781,-0.23390758458708638,Below 50-day average
2022-10-14,368.5499877929688,370.260009765625,356.9599914550781,357.6300048828125,340.3969116210937,123737000,4.0,-0.022788743093893893,0.3306173289482075,368.29850006103516,392.4968011474609,0.2731545972772543,45.895802239505606,477.7099914550781,-0.2513658678281119,Below 50-day average
2022-10-17,364.010009765625,367.9800109863281,357.2799987792969,366.8200073242188,349.1440734863281,93168200,4.02,0.02569695583685072,0.3648101436859379,367.21200103759764,391.56380126953127,0.28996541265486114,51.91878730436278,477.7099914550781,-0.23212824959573186,Below 50-day average
2022-10-18,375.1300048828125,375.4500122070313,367.5199890136719,371.1300048828125,353.2464904785156,97162900,4.01,0.011749625081884485,0.38084615118220055,366.5640014648437,390.7266015625,0.29236793875085515,50.34562556275562,477.7099914550781,-0.22310604441751136,Below 50-day average
2022-10-19,368.989990234375,371.8500061035156,365.5499877929688,368.5,350.7431640625,79746900,4.14,-0.007086478722309053,0.3710608143130656,366.1195007324219,389.8696014404297,0.28716753626377917,53.494913178664675,477.7099914550781,-0.22861148690323718,Below 50-day average
2022-10-20,368.0299987792969,372.6700134277344,364.6099853515625,365.4100036621094,347.80206298828125,88283100,4.24,-0.008385336059404724,0.3595640086271694,365.6790008544922,388.7780017089844,0.2871626103809361,55.19768194421261,477.7099914550781,-0.23507983881791805,Below 50-day average
2022-10-21,365.1199951171875,374.7999877929688,363.5400085449219,374.2900085449219,356.2541809082031,131038400,4.21,0.02430148270112431,0.39260342986389385,365.9960006713867,387.8640020751953,0.2942482481957745,54.884266528376244,477.7099914550781,-0.2164911447532104,Below 50-day average
2022-10-24,375.8900146484375,380.05999755859375,373.1099853515625,378.8699951171875,360.6134643554688,85436900,4.25,0.012236464954195947,0.4096439729285164,366.72400054931643,386.89940185546874,0.2938506399922013,50.626387766120814,477.7099914550781,-0.20690376610468098,Below 50-day average
2022-10-25,378.7900085449219,385.25,378.6700134277344,384.9200134277344,366.3719177246094,78846300,4.1,0.015968586556123432,0.4321539947235431,367.8010009765625,386.0206024169922,0.2972760719266604,55.08376580763585,477.7099914550781,-0.194239140246388,Below 50-day average
2022-10-26,381.6199951171875,387.5799865722656,381.3500061035156,382.0199890136719,363.6116333007813,104087300,4.04,-0.007534096209333541,0.42136400874071467,368.37550048828126,385.067001953125,0.2927474821606774,55.80108589837511,477.7099914550781,-0.20030982008548703,Below 50-day average
2022-10-27,383.0700073242188,385.0,379.3299865722656,379.9800109863281,361.66998291015625,81971800,3.96,-0.00533997718970336,0.41377395735577394,369.23500061035156,384.1336022949219,0.281842061098696,62.705096997594666,477.7099914550781,-0.20458014740506036,Below 50-day average
2022-10-28,379.8699951171875,389.5199890136719,379.6799926757813,389.0199890136719,370.2744140625,100302000,4.02,0.023790667313994707,0.44740858323241484,370.8270004272461,383.35620178222655,0.28316114973408796,69.6158054008529,477.7099914550781,-0.18565657831702753,Above 50-day average
2022-10-31,386.4400024414063,388.3999938964844,385.260009765625,386.2099914550781,367.5997924804688,96631300,4.1,-0.007223272936998093,0.43695355598437335,371.8070007324219,382.6376013183594,0.2735475349729384,69.12022043165678,477.7099914550781,-0.19153880311629257,Above 50-day average
2022-11-01,390.1400146484375,390.3900146484375,383.2900085449219,384.5199890136719,365.99114990234375,85407600,4.07,-0.004375864112264538,0.4306656424877504,372.13450012207034,382.0610009765625,0.2531712661005292,68.64994306451726,477.7099914550781,-0.19507651945389437,Above 50-day average
2022-11-02,383.8999938964844,388.6300048828125,374.760009765625,374.8699951171875,356.8061828613281,126990400,4.1,-0.025096208707478307,0.39476135893325925,372.0235000610352,381.31140075683595,0.2694906058129289,55.91755057417295,477.7099914550781,-0.21527704711522921,Below 50-day average
2022-11-03,371.4700012207031,374.2000122070313,368.7900085449219,371.010009765625,353.1322631835937,87100100,4.14,-0.010296863984421645,0.38039969092959636,371.9139999389648,380.45820068359376,0.2694811491540165,59.459849000065596,477.7099914550781,-0.2233572326265375,Below 50-day average
2022-11-04,377.0,378.8699951171875,370.0,376.3500061035156,358.21490478515625,103505200,4.17,0.014393132792465568,0.4002679669878244,372.59199981689454,379.5950006103516,0.2530593211285531,57.125769272018196,477.7099914550781,-0.21217891014342327,Below 50-day average
2022-11-07,377.7099914550781,380.5700073242188,375.5299987792969,379.9500122070313,361.6414794921875,68286900,4.22,0.009565580032236065,0.4136623422926229,373.5885009765625,379.0878009033203,0.2517744439083987,56.66566724940384,477.7099914550781,-0.2046429444573168,Above 50-day average
2022-11-08,381.1099853515625,385.1199951171875,377.7200012207031,382.0,363.5926208496094,84641100,4.14,0.00539541446797398,0.4212896365470584,374.80150146484374,378.6752008056641,0.2495535613072696,60.29277908385778,477.7099914550781,-0.20035166349263667,Above 50-day average
2022-11-09,379.9299926757813,381.1400146484375,373.6099853515625,374.1300048828125,356.1018981933594,78495500,4.12,-0.02060208145860598,0.39200811167864336,375.6800018310547,378.19360107421875,0.26291762176437594,56.19670751727892,477.7099914550781,-0.2168260836596001,Below 50-day average
2022-11-10,388.0499877929688,395.0400085449219,385.6400146484375,394.6900024414063,375.671142578125,141455800,3.82,0.054954153075837286,0.4685047385306387,377.11600189208986,378.1838012695313,0.3122150045180449,62.43296376686254,477.7099914550781,-0.1737874243760268,Above 50-day average
2022-11-11,395.5899963378906,399.3500061035156,393.6099853515625,398.510009765625,379.3070373535156,93839900,3.82,0.009678500343534235,0.4827176621469891,379.16000213623045,378.22560119628906,0.296171997942612,62.081706642156476,477.7099914550781,-0.16579092567901788,Above 50-day average
2022-11-14,396.6600036621094,400.1799926757813,394.8299865722656,395.1199951171875,376.0804138183594,71903500,3.88,-0.00850672396016161,0.4701045922842484,380.5750015258789,378.2832012939453,0.2901983092453612,56.486890283784106,477.7099914550781,-0.1728873119993285,Above 50-day average
2022-11-15,401.1499938964844,402.30999755859375,394.489990234375,398.489990234375,379.2880554199219,93194500,3.8,0.008529042212070292,0.48264317640799903,381.94300079345703,378.4378009033203,0.28926352588029564,60.4121979349588,477.7099914550781,-0.1658328329692318,Above 50-day average
2022-11-16,396.7799987792969,397.7799987792969,394.7900085449219,395.4500122070313,376.3945617675781,68508500,3.67,-0.007628743762310597,0.4713324715242442,383.2905014038086,378.3912011718751,0.28953844589197,59.657893443306996,477.7099914550781,-0.1721964805414421,Above 50-day average
2022-11-17,390.4599914550781,394.9500122070313,390.1400146484375,394.239990234375,375.2427978515625,74496300,3.77,-0.0030598607543418366,0.46683039903803847,384.73200073242185,378.26840087890633,0.2872000392833615,53.611958704544065,477.7099914550781,-0.17472944404293933,Above 50-day average
2022-11-18,397.739990234375,397.80999755859375,393.0400085449219,396.0299987792969,376.9465637207031,92922500,3.82,0.004540403280391958,0.47349040059360936,385.8190002441406,378.05700073242195,0.2770199700950228,56.89220148115655,477.7099914550781,-0.17098238290346102,Above 50-day average
2022-11-21,394.6400146484375,395.8200073242188,392.6600036621094,394.5899963378906,375.5759582519531,51243200,3.83,-0.0036360943510462818,0.46813265047169006,386.6050003051758,377.7294006347657,0.275703971378187,57.09255438053478,477.7099914550781,-0.17399676917790352,Above 50-day average
2022-11-22,396.6300048828125,400.0700073242188,395.1499938964844,399.8999938964844,380.6300964355469,60429000,3.76,0.01345699994392846,0.48788931146676706,387.35399932861327,377.8654003906251,0.2741773909600708,68.7771951023518,477.7099914550781,-0.16288124374704582,Above 50-day average
2022-11-23,399.5499877929688,402.9299926757813,399.30999755859375,402.4200134277344,383.0286254882813,68261600,3.71,0.006301624330362854,0.49726543095279285,388.3740005493164,378.02180053710947,0.2721537852642495,74.04684593419215,477.7099914550781,-0.15760603582523924,Above 50-day average
2022-11-25,401.8299865722656,402.9100036621094,401.5400085449219,402.3299865722656,382.9430236816406,30545400,3.68,-0.0002237136634978265,0.4969304722180057,389.49149932861326,378.266000366211,0.2707409333119829,71.62833426826988,477.7099914550781,-0.15779449086507313,Above 50-day average
2022-11-28,399.0899963378906,400.80999755859375,395.1099853515625,395.9100036621094,376.8323974609375,67881600,3.69,-0.015957008238070003,0.47304394034100494,389.8360000610352,378.47300048828134,0.2669905652209232,62.69082575530717,477.7099914550781,-0.17123357111248716,Above 50-day average
2022-11-29,396.0499877929688,397.2999877929688,393.2999877929688,395.2300109863281,376.1851501464844,52310000,3.75,-0.0017175435565947028,0.47051392321269137,390.28700103759763,378.6066009521485,0.26544943492284256,60.75435077380442,477.7099914550781,-0.17265701355234497,Above 50-day average
2022-11-30,395.489990234375,407.6799926757813,393.4800109863281,407.6799926757813,388.0351867675781,144566700,3.68,0.03150059798946758,0.5168359911457292,391.44500122070315,379.07840087890634,0.28511957420111117,75.38203522472364,477.7099914550781,-0.14659521473685178,Above 50-day average
2022-12-01,408.7699890136719,410.0,404.75,407.3800048828125,387.7497253417969,76398200,3.53,-0.0007358413421267862,0.5157198405142183,393.07050170898435,379.67820068359384,0.2656378263910183,63.84464074771027,477.7099914550781,-0.14722318525941736,Above 50-day average
2022-12-02,402.25,407.8599853515625,402.1400146484375,406.9100036621094,387.3022766113281,85342700,3.51,-0.0011537169597666264,0.5139711288279623,394.8655014038086,380.33200073242193,0.26091595847436144,59.88699590872026,477.7099914550781,-0.1482070483334793,Above 50-day average
2022-12-05,403.9500122070313,404.9299926757813,398.1700134277344,399.5899963378906,380.33502197265625,77289800,3.6,-0.017989253786685366,0.48673591796576154,396.02750091552736,380.9648004150391,0.27020449347563197,54.81577339795878,477.7099914550781,-0.1635301679147182,Above 50-day average
2022-12-06,399.4200134277344,399.989990234375,391.6400146484375,393.8299865722656,374.8525695800781,77972200,3.51,-0.014414799715742554,0.46530491747808433,396.72149963378905,381.5552001953126,0.27598191338024597,45.225407875408294,477.7099914550781,-0.17558771301248832,Above 50-day average
2022-12-07,392.9400024414063,395.6400146484375,391.9700012207031,393.1600036621094,374.2148132324219,65927900,3.42,-0.0017011983165312605,0.46281214321926556,397.27949981689454,382.1508001708985,0.27595191450478757,47.53391406312128,477.7099914550781,-0.17699020180723912,Above 50-day average
2022-12-08,395.1400146484375,397.3599853515625,393.2699890136719,396.239990234375,377.146484375,60737900,3.48,0.007833926502128774,0.4742717060356667,398.38499908447267,382.6650000000001,0.2638268205901256,52.07039389799923,477.7099914550781,-0.17054280353766527,Above 50-day average
2022-12-09,394.9400024414063,397.6199951171875,393.1499938964844,393.2799987792969,374.3290710449219,81447700,3.57,-0.007470198687737906,0.46325860347187,398.3144989013672,383.2747998046876,0.1807757253802842,47.220536053575756,477.7099914550781,-0.17673901359821298,Above 50-day average
2022-12-12,394.1099853515625,398.9500122070313,393.4100036621094,398.9500122070313,379.7258911132813,75405800,3.61,0.014417243300787197,0.48435475877009404,398.3364990234375,384.1102001953126,0.18491673271457654,54.05960647654838,477.7099914550781,-0.16486985965721235,Above 50-day average
2022-12-13,410.2200012207031,410.489990234375,399.0700073242188,401.9700012207031,382.600341796875,123782500,3.51,0.007569843141412402,0.49559109146019265,398.67899932861326,384.8174005126954,0.18377207647712507,52.01323517364931,477.7099914550781,-0.15854805549215156,Above 50-day average
2022-12-14,401.6099853515625,405.5,396.30999755859375,399.3999938964844,380.15423583984375,108111300,3.49,-0.006393530155021865,0.4860289847173598,398.72449951171876,385.24600036621104,0.18321363332871854,47.065660878641246,477.7099914550781,-0.1639279038733643,Above 50-day average
2022-12-15,394.2999877929688,395.25,387.8900146484375,389.6300048828125,370.8549499511719,117705900,3.44,-0.024461665405543398,0.4496782409102644,398.4334991455078,385.49680053710944,0.20155092719698492,39.61400256459788,477.7099914550781,-0.1843796197437254,Above 50-day average
2022-12-16,385.1799926757813,386.5799865722656,381.0400085449219,383.2699890136719,366.47662353515625,119858000,3.48,-0.01632321892420352,0.426014825614232,397.88499908447267,385.6982000732423,0.20900242758185464,39.652894775235,477.7099914550781,-0.19769316976969065,Below 50-day average
2022-12-19,383.4700012207031,383.8200073242188,378.2799987792969,380.0199890136719,363.3690185546875,79878100,3.57,-0.008479662100243535,0.41392270174308554,397.0844985961914,386.0427996826173,0.2092635813368742,38.051821898065015,477.7099914550781,-0.2044964605907612,Below 50-day average
2022-12-20,379.2300109863281,382.2300109863281,377.8500061035156,380.5400085449219,363.8662414550781,74427200,3.69,0.001368400469142994,0.41585751423148265,396.38199920654296,386.4532000732423,0.20949179921843006,23.762583632736394,477.7099914550781,-0.2034078931742287,Below 50-day average
2022-12-21,383.25,387.4100036621094,382.6900024414063,386.2300109863281,369.3069763183594,78167400,3.68,0.014952442091866303,0.43702804172336274,395.69850006103513,387.0230004882813,0.2109914320005056,31.48311327303206,477.7099914550781,-0.19149689582607865,Below 50-day average
2022-12-22,383.0499877929688,386.2099914550781,374.7699890136719,380.7200012207031,364.0383911132813,100120900,3.67,-0.014266135745262032,0.41652720461038917,394.6134994506836,387.5062005615235,0.21332413615886786,28.9300143577415,477.7099914550781,-0.20303111086068948,Below 50-day average
2022-12-23,379.6499938964844,383.05999755859375,378.0299987792969,382.9100036621094,366.1323547363281,59857300,3.75,0.005752265272075174,0.42467544485641917,393.64250030517576,387.84500061035163,0.2152832820437915,35.37356457179068,477.7099914550781,-0.1984467343967692,Below 50-day average
2022-12-27,382.7900085449219,383.1499938964844,379.6499938964844,381.3999938964844,364.6885681152344,51638200,3.84,-0.0039435108803203,0.41905722173870275,392.91699981689453,388.3204003906251,0.20937965175549483,38.22248618989017,477.7099914550781,-0.20160766842083178,Below 50-day average
2022-12-28,381.3299865722656,383.3900146484375,376.4200134277344,376.6600036621094,360.1562805175781,70911500,3.88,-0.01242787181496774,0.4014213604888299,391.9884994506836,388.5172003173829,0.21275964232638994,35.48558039745852,477.7099914550781,-0.2115299859757509,Below 50-day average
2022-12-29,379.6300048828125,384.3500061035156,379.0799865722656,383.4400024414063,366.63916015625,66970900,3.83,0.018000315173837933,0.4266473866689775,390.77649993896483,388.76340026855473,0.18828737238637014,39.42849394286457,477.7099914550781,-0.19733727721819394,Below 50-day average
2022-12-30,380.6400146484375,382.5799865722656,378.4299926757813,382.4299926757813,365.6734008789063,84022200,3.88,-0.002634075107433076,0.42288949030066836,389.5289993286133,389.04200012207036,0.18810599538265363,40.740744599008636,477.7099914550781,-0.19945155111593804,Below 50-day average
2023-01-03,384.3699951171875,386.4299926757813,377.8299865722656,380.8200073242188,364.1339416503906,74850700,3.79,-0.004209882546862387,0.41689929266933756,388.22449951171876,389.3502001953126,0.18800192417127554,33.37612768910479,477.7099914550781,-0.20282176605881275,Below 50-day average
2023-01-04,383.1799926757813,385.8800048828125,380.0,383.760009765625,366.9451293945313,85934100,3.69,0.007720189025948843,0.42783802303947804,387.4330001831055,389.53960021972665,0.18334412069991177,33.278257882020085,477.7099914550781,-0.19666739940541478,Below 50-day average
2023-01-05,381.7200012207031,381.8399963378906,378.760009765625,379.3800048828125,362.7571105957031,76970500,3.71,-0.011413395797773451,0.41154154254741804,386.7105010986328,389.54980041503916,0.1809326263616106,32.207630039993944,477.7099914550781,-0.20583615233325547,Below 50-day average
2023-01-06,382.6099853515625,389.25,379.4100036621094,388.0799865722656,371.0758666992188,104189600,3.55,0.022932103899730993,0.4439111598599019,386.4565002441406,389.6129998779298,0.20112293445047771,48.59574435143135,477.7099914550781,-0.18762430446515155,Below 50-day average
2023-01-09,390.3699951171875,393.7000122070313,387.6700134277344,387.8599853515625,370.8655395507813,73978100,3.53,-0.0005668965891446609,0.44309261154834934,386.0375,389.72979980468756,0.1986606611829179,54.6788936028834,477.7099914550781,-0.1880848374760542,Below 50-day average
2023-01-10,387.25,390.6499938964844,386.2699890136719,390.5799865722656,373.4663391113281,65358100,3.61,0.007012843096556365,0.45321279360693767,385.9024993896484,389.94179931640633,0.1990500568258216,60.882103573549095,477.7099914550781,-0.18239100383355877,Above 50-day average
2023-01-11,392.2300109863281,395.6000061035156,391.3800048828125,395.5199890136719,378.1898498535156,68881100,3.54,0.01264786371867066,0.47159283097470683,385.73099822998046,390.0717993164063,0.19741083571253187,64.14807308077647,477.7099914550781,-0.17204999667488652,Above 50-day average
2023-01-12,396.6700134277344,398.489990234375,392.4200134277344,396.9599914550781,379.5668029785156,90157700,3.43,0.003640782972808232,0.47695058109662614,385.4804977416992,390.2867993164063,0.19580414855760608,61.018669060103775,477.7099914550781,-0.16903561040044401,Above 50-day average
2023-01-13,393.6199951171875,399.1000061035156,393.3399963378906,398.5,381.0393371582031,63903900,3.49,0.0038795056884117773,0.4826804192774936,385.435498046875,390.5663995361329,0.1951355307385518,69.87924675085387,477.7099914550781,-0.1658118793241249,Above 50-day average
2023-01-17,398.4800109863281,400.2300109863281,397.05999755859375,397.7699890136719,380.3412780761719,62677300,3.53,-0.0018318970798698597,0.47996430134703894,385.84249725341795,391.0243994140626,0.1728324629967693,67.17519879453477,477.7099914550781,-0.16734002610645304,Above 50-day average
2023-01-18,399.010009765625,400.1199951171875,391.2799987792969,391.489990234375,374.3363952636719,99632300,3.37,-0.015788015568668268,0.45659860191629864,386.2534973144531,391.4339990234376,0.17212625373386295,60.50384821396235,477.7099914550781,-0.1804860747376913,Above 50-day average
2023-01-19,389.3599853515625,391.0799865722656,387.260009765625,388.6400146484375,371.6112976074219,86958900,3.39,-0.007279817254666643,0.4459948302809451,386.6844985961914,391.679799194336,0.17128963944028208,62.98224437220347,477.7099914550781,-0.18645198635125548,Below 50-day average
2023-01-20,390.1000061035156,396.0400085449219,388.3800048828125,395.8800048828125,378.5340576171875,91806400,3.48,0.018629039629190602,0.47293232527785367,387.4514984130859,391.99839904785165,0.18215809026339305,63.34764909743883,477.7099914550781,-0.1712963681647437,Above 50-day average
2023-01-23,396.7200012207031,402.6499938964844,395.7200012207031,400.6300048828125,383.0759582519531,84178800,3.52,0.011998585281936869,0.4906054293972215,388.17149810791017,392.3709991455079,0.17966573844777983,68.07710028250297,477.7099914550781,-0.16135309696471756,Above 50-day average
2023-01-24,398.8800048828125,401.1499938964844,397.6400146484375,400.2000122070313,382.6648254394531,59524900,3.46,-0.0010732912426441032,0.4890055756436118,389.14549865722654,392.89239929199226,0.16975850602664855,69.71116300840418,477.7099914550781,-0.16225320934141596,Above 50-day average
2023-01-25,395.9500122070313,400.7000122070313,393.55999755859375,400.3500061035156,382.8082580566406,84800300,3.46,0.000374797331107235,0.4895636509593668,390.0174987792969,393.0055993652344,0.16948699407753184,67.88873086397658,477.7099914550781,-0.1619392240801334,Above 50-day average
2023-01-26,403.1300048828125,404.9200134277344,400.0299987792969,404.75,387.0154418945313,72287400,3.49,0.010990368001509987,0.5059345036450831,391.1849990844727,393.1303991699219,0.17049686662297328,77.34427730697735,477.7099914550781,-0.15272862774514306,Above 50-day average
2023-01-27,403.6600036621094,408.1600036621094,403.4400024414063,405.6799926757813,387.9046936035156,68346200,3.52,0.0022976965430050456,0.5093946841481003,392.63599853515626,393.34159912109374,0.16050947977565738,72.78614996930075,477.7099914550781,-0.15078185524212595,Above 50-day average
2023-01-30,402.7999877929688,405.1300048828125,400.2799987792969,400.5899963378906,383.0376892089844,74202000,3.55,-0.012546826143232104,0.49045657146457544,393.49349822998045,393.38359924316404,0.1612044361697934,64.6355745891982,477.7099914550781,-0.1614368476620811,Above 50-day average
2023-01-31,401.1300048828125,406.5299987792969,400.7699890136719,406.4800109863281,388.669677734375,86811800,3.52,0.014703349315466685,0.5123712750743519,394.6959991455078,393.60419921875,0.16593115251448273,67.03818427500107,477.7099914550781,-0.14910716071017782,Above 50-day average
2023-02-01,405.2099914550781,413.6700134277344,402.3500061035156,410.7999877929688,392.8003845214844,101459200,3.39,0.010627771821197785,0.528444411894776,396.19499816894535,393.9353991699219,0.16561317587839447,66.59428344923269,477.7099914550781,-0.14006406576991437,Above 50-day average
2023-02-02,414.8599853515625,418.30999755859375,412.8800048828125,416.7799987792969,398.518310546875,101654500,3.4,0.014556989201620407,0.5506939606940053,397.845997619629,394.3503991699219,0.1694666929483327,69.59274865995255,477.7099914550781,-0.1275459876612417,Above 50-day average
2023-02-03,411.5899963378906,416.9700012207031,411.0899963378906,412.3500061035156,394.2823791503906,94736800,3.53,-0.010629091340170427,0.534211492945138,399.4944976806641,394.7055993652344,0.16852921228866197,62.95120777716836,477.7099914550781,-0.13681938104848845,Above 50-day average
2023-02-06,409.7900085449219,411.2900085449219,408.1000061035156,409.8299865722656,391.8728637695313,60295300,3.63,-0.006111360480051453,0.5248353734591125,400.58199768066413,394.90419921875,0.15691128394908183,60.91206003231796,477.7099914550781,-0.14209458897029503,Above 50-day average
2023-02-07,408.8699951171875,416.489990234375,407.5700073242188,415.1900024414063,396.9980163574219,90990700,3.67,0.013078632712971494,0.544778135256331,401.9484985351563,395.15959899902344,0.1604899964317832,71.80716517691673,477.7099914550781,-0.13087435919696677,Above 50-day average
2023-02-08,413.1300048828125,414.5299987792969,409.9299926757813,410.6499938964844,392.6568603515625,76227500,3.63,-0.010934773280246946,0.5278863365790203,402.95199890136723,395.3259991455078,0.16770132563556078,69.64124551808801,477.7099914550781,-0.14037805103119727,Above 50-day average
2023-02-09,414.4100036621094,414.5700073242188,405.80999755859375,407.0899963378906,389.2529602050781,78694900,3.67,-0.00866917718618343,0.5146408192068681,403.5304992675782,395.54959899902343,0.16776747860667293,60.706771870199724,477.7099914550781,-0.1478302660199401,Above 50-day average
2023-02-10,405.8599853515625,408.4400024414063,405.010009765625,408.0400085449219,390.1613159179688,70769700,3.74,0.0023336663037101246,0.5181754854488752,404.0845001220704,395.8057989501953,0.16760989514753277,57.631308823316786,477.7099914550781,-0.14584158622670906,Above 50-day average
2023-02-13,408.7200012207031,412.9700012207031,408.239990234375,412.8299865722656,394.7413940429688,64913500,3.72,0.011738991096546858,0.5359973339555553,404.80099945068366,395.908798828125,0.1714118275406562,61.935336884392456,477.7099914550781,-0.13581462821238388,Above 50-day average
2023-02-14,411.239990234375,415.0499877929688,408.510009765625,412.6400146484375,394.5597839355469,88389300,3.77,-0.00046016987623753725,0.5352905142524877,405.5445007324219,396.0139990234375,0.1710927313195027,61.605300089621956,477.7099914550781,-0.13621230028796572,Above 50-day average
2023-02-15,410.3500061035156,414.05999755859375,409.4700012207031,413.9800109863281,395.8410034179688,61555700,3.81,0.0032473737163669636,0.5402761763154589,406.6690017700196,396.15539916992185,0.15783226696395494,59.250364724629044,477.7099914550781,-0.13340725881539972,Above 50-day average
2023-02-16,408.7900085449219,412.9100036621094,408.1400146484375,408.2799987792969,390.3907775878906,76431500,3.86,-0.013768810222142602,0.5190684059540838,407.65100097656256,396.32919921875,0.16487605655268517,52.37834424562791,477.7099914550781,-0.14533920980865678,Above 50-day average
2023-02-17,406.05999755859375,407.510009765625,404.0499877929688,407.260009765625,389.4154968261719,89257800,3.82,-0.002498258589011204,0.5152733802616134,408.2200012207032,396.59779968261716,0.15420716658314113,56.59222564791796,477.7099914550781,-0.1474743734684435,Above 50-day average
2023-02-21,403.05999755859375,404.1600036621094,398.8200073242188,399.0899963378906,381.60345458984375,82655900,3.95,-0.0200609272499801,0.4848755912163538,408.1430007934571,396.7163995361328,0.16664469684063046,43.011144948985375,477.7099914550781,-0.16457682804103668,Above 50-day average
2023-02-22,399.5199890136719,401.1300048828125,397.0199890136719,398.5400085449219,381.0775146484375,83742300,3.93,-0.0013781046831931043,0.48282927721013946,408.0600006103516,396.76239990234376,0.16667084517851613,37.51529763336518,477.7099914550781,-0.16572812862676134,Above 50-day average
2023-02-23,401.55999755859375,402.2000122070313,396.25,400.6600036621094,383.1046142578125,96242400,3.88,0.005319403502116682,0.4907170444603721,408.0755004882813,396.91,0.16779979325001826,32.183909596714614,477.7099914550781,-0.16129029991246102,Above 50-day average
2023-02-24,395.4200134277344,397.25,393.6400146484375,396.3800048828125,379.01214599609375,108194400,3.95,-0.01068237093839386,0.4747926520272603,407.6570007324219,396.8585998535156,0.16676193768002695,32.29097081642146,477.7099914550781,-0.1702497080384252,Below 50-day average
2023-02-27,399.8699951171875,401.2900085449219,396.75,397.7300109863281,380.3030090332031,80444700,3.92,0.0034058380515806785,0.4798155569597262,407.2595016479492,396.77380004882815,0.16709790791767432,36.2249768964056,477.7099914550781,-0.1674237129207522,Above 50-day average
2023-02-28,397.2300109863281,399.2799987792969,396.1499938964844,396.260009765625,378.8974609375,96438600,3.92,-0.0036959776232566854,0.47434619177465587,407.0430023193359,396.71100036621095,0.16181119039974626,26.355223976177484,477.7099914550781,-0.17050089624745135,Below 50-day average
2023-03-01,395.4100036621094,396.6900024414063,393.3800048828125,394.739990234375,377.444091796875,99706800,4.01,-0.003835914535380569,0.4686907257874444,406.4560012817383,396.8132000732422,0.15178893754395906,28.505792241225052,477.7099914550781,-0.17368278391662084,Below 50-day average
2023-03-02,392.6799926757813,398.6900024414063,392.3299865722656,397.80999755859375,380.3795166015625,85127800,4.08,0.007777289862108905,0.48011315927968456,405.8065017700195,397.10400024414065,0.14910141713899794,37.29463092688397,477.7099914550781,-0.1672562754090896,Above 50-day average
2023-03-03,399.7099914550781,404.4500122070313,399.0299987792969,404.1900024414063,386.47998046875,90120000,3.97,0.016037819365946948,0.5038509467693733,405.177001953125,397.5874005126953,0.15130130420093782,45.411194536369116,477.7099914550781,-0.15390088197597462,Above 50-day average
2023-03-06,405.0499877929688,407.4500122070313,404.010009765625,404.4700012207031,386.7476501464844,72795900,3.98,0.0006927404874081944,0.5048927252072275,404.7830017089844,398.0660003662109,0.14752043549920812,38.83549037604109,477.7099914550781,-0.1533147548605589,Above 50-day average
2023-03-07,404.4200134277344,404.6700134277344,397.6300048828125,398.2699890136719,380.8193664550781,108310600,3.97,-0.015328731891906533,0.48182462809644533,404.2050018310547,398.30679992675783,0.15524591232411228,33.46373819947168,477.7099914550781,-0.16629336598013456,Below 50-day average
2023-03-08,398.3900146484375,399.7099914550781,396.5899963378906,398.9200134277344,381.44091796875,74746600,3.98,0.0016321199989792756,0.48424314370694166,403.3915023803711,398.6708001708984,0.14615338606446837,32.390116203551045,477.7099914550781,-0.164932656709469,Above 50-day average
2023-03-09,399.739990234375,401.4800109863281,390.5299987792969,391.55999755859375,374.4033508300781,111945300,3.93,-0.01844985365837981,0.4568590749120951,402.43700256347654,398.84380004882814,0.15447404605519335,31.179678981997952,477.7099914550781,-0.18033952698807132,Below 50-day average
2023-03-10,390.989990234375,393.1600036621094,384.3200073242188,385.9100036621094,369.0008850097656,189253000,3.7,-0.01442944614289643,0.4358374053528611,401.3780029296875,398.93400024414063,0.15889807076482382,28.236522358056163,477.7099914550781,-0.19216677363885792,Below 50-day average
2023-03-13,381.80999755859375,390.3900146484375,380.6499938964844,385.3599853515625,368.4750671386719,157790000,3.55,-0.001425250201672501,0.4337909778013129,400.2440017700195,399.1079998779297,0.1579008560726809,33.42990215685104,477.7099914550781,-0.19331813810764698,Below 50-day average
2023-03-14,390.5,393.4500122070313,387.0499877929688,391.7300109863281,374.5660095214844,149752400,3.64,0.016530065073970368,0.45749163596684017,399.18900299072266,399.27380004882815,0.1645317304273908,42.79367199468834,477.7099914550781,-0.17998363443657472,Below 50-day average
2023-03-15,385.8900146484375,389.489990234375,383.7099914550781,389.2799987792969,372.2232971191406,172996900,3.51,-0.006254338800497861,0.4483759894766117,398.0210021972656,399.4108001708984,0.16483217977981526,38.041223624307776,477.7099914550781,-0.18511229460876122,Below 50-day average
2023-03-16,386.8200073242188,396.4700012207031,386.2900085449219,396.1099853515625,378.75396728515625,143254200,3.56,0.01754517723408111,0.4737880029135664,397.1275009155273,399.7165997314453,0.17905614867563593,49.730681380976264,477.7099914550781,-0.1708149453917983,Below 50-day average
2023-03-17,393.2200012207031,394.3999938964844,388.5499877929688,389.989990234375,374.3252868652344,140553400,3.39,-0.015450241961852518,0.45101762166807635,396.21300048828124,399.8411993408203,0.1805969187223565,42.950815662544116,477.7099914550781,-0.18362605511664698,Below 50-day average
2023-03-20,390.7999877929688,394.1700134277344,390.0700073242188,393.739990234375,377.9247131347656,93055800,3.47,0.009615631410812231,0.46497007228862985,395.53699951171876,400.1283990478516,0.1854109744260628,47.796419662289885,477.7099914550781,-0.17577610416925793,Below 50-day average
2023-03-21,397.239990234375,399.4100036621094,395.5799865722656,398.9100036621094,382.8871154785156,91524200,3.59,0.013130526631691453,0.48420590083744663,395.5279998779297,400.3449993896484,0.17895136064896144,53.42758998856659,477.7099914550781,-0.1649536103545759,Below 50-day average
2023-03-22,398.7300109863281,402.489990234375,392.0700073242188,392.1099853515625,376.3601684570313,111746600,3.48,-0.017046497325513887,0.45890538891830923,395.20649871826174,400.42999938964846,0.188958630010734,45.585500584730084,477.7099914550781,-0.17918822640234666,Below 50-day average
2023-03-23,395.0899963378906,399.2900085449219,390.3500061035156,393.1700134277344,377.3776550292969,119351300,3.38,0.0027033947508923184,0.4628493860887595,394.83199920654295,400.4817999267578,0.18807105758189055,40.69888382381647,477.7099914550781,-0.1769692481621321,Below 50-day average
2023-03-24,391.8399963378906,395.8399963378906,389.3999938964844,395.75,379.85394287109375,107682400,3.38,0.006562012575101583,0.47244862215575356,394.80049896240234,400.48640014648436,0.18609681526750735,42.91519116588902,477.7099914550781,-0.17156851001887685,Below 50-day average
2023-03-27,398.1199951171875,398.9200134277344,395.55999755859375,396.489990234375,380.5642395019531,74010400,3.53,0.0018698426642451693,0.47520186941036946,394.7384979248047,400.4770001220703,0.18580205943951297,48.41298561791174,477.7099914550781,-0.17001947347450597,Below 50-day average
2023-03-28,395.7699890136719,396.489990234375,393.6900024414063,395.6000061035156,379.7099609375,62871700,3.55,-0.002244657249312332,0.4718905468399983,394.7054977416992,400.41900024414065,0.18549975543262023,47.05255389337067,477.7099914550781,-0.17188249528015953,Below 50-day average
2023-03-29,399.9299926757813,401.6000061035156,398.6799926757813,401.3500061035156,385.2290954589844,77497900,3.57,0.014534883496678752,0.4932843044581805,395.03599853515624,400.4906005859375,0.19183894754223063,58.947175244137604,477.7099914550781,-0.1598459038274963,Above 50-day average
2023-03-30,404.0899963378906,404.3500061035156,401.760009765625,403.7000122070313,387.4846801757813,69840000,3.55,0.005855253688247242,0.502027862889461,395.33049926757815,400.73480102539065,0.19104475887336983,67.30206784379725,477.7099914550781,-0.1549265884571862,Above 50-day average
2023-03-31,404.6600036621094,409.7000122070313,404.5499877929688,409.3900146484375,392.9461364746094,112062600,3.48,0.014094630342711412,0.5231983903813409,395.5904998779297,401.1498010253906,0.18910431351775997,71.24669190818076,477.7099914550781,-0.14301559110903617,Above 50-day average
2023-04-03,408.8500061035156,411.3699951171875,408.4400024414063,410.9500122070313,394.4434509277344,67391100,3.43,0.003810541299922532,0.5290026007558646,395.9145004272461,401.451201171875,0.1894247977255999,68.5736311479713,477.7099914550781,-0.1397500166255674,Above 50-day average
2023-04-04,411.6199951171875,411.9200134277344,407.239990234375,408.6700134277344,392.2550354003906,66601500,3.35,-0.0055481170740258046,0.5205195153203812,396.4345016479492,401.61200134277345,0.18134579387929045,68.79970127455397,477.7099914550781,-0.14452278424625742,Above 50-day average
2023-04-05,407.9100036621094,408.7000122070313,405.8800048828125,407.6000061035156,391.22802734375,65200200,3.3,-0.0026182672793729767,0.5165383888257697,396.8685012817383,401.76000122070315,0.18188545528338398,62.54094489185616,477.7099914550781,-0.1467626522485146,Above 50-day average
2023-04-06,406.7699890136719,409.4800109863281,405.6799926757813,409.1900024414063,392.7541809082031,63743300,3.3,0.003900874175862601,0.5224542142634445,397.75000152587893,401.9368011474609,0.16662133009467012,73.25581223422813,477.7099914550781,-0.14343428071278919,Above 50-day average
2023-04-10,406.6099853515625,409.6900024414063,405.9700012207031,409.6099853515625,393.1572570800781,63681000,3.41,0.0010263762742257487,0.5240168251475594,398.93500061035155,402.0340008544922,0.15469795850632242,70.90907775023997,477.7099914550781,-0.1425551219811978,Above 50-day average
2023-04-11,410.260009765625,411.1799926757813,408.9200134277344,409.7200012207031,393.2629699707031,59297900,3.43,0.0002685868828276039,0.5244261560760026,400.1530014038086,402.11480102539065,0.15416694575773782,66.43355540297283,477.7099914550781,-0.14232482353421427,Above 50-day average
2023-04-12,411.8699951171875,412.1700134277344,407.4400024414063,408.0499877929688,391.6598205566406,86420400,3.41,-0.00407598707106982,0.5182126147730362,400.9690002441406,402.26400085449217,0.14759547381256183,78.710368937162,477.7099914550781,-0.14582069646466633,Above 50-day average
2023-04-13,409.1799926757813,413.8399963378906,407.989990234375,413.4700012207031,396.86224365234375,85814800,3.45,0.013282719249790187,0.5383786066965563,402.1785003662109,402.4038006591797,0.14923973695263934,81.60023486757345,477.7099914550781,-0.13447487258682522,Above 50-day average
2023-04-14,412.80999755859375,415.0899963378906,410.05999755859375,412.4599914550781,395.892822265625,78161500,3.52,-0.0024427643181926806,0.534620710328247,402.9960006713867,402.4370007324219,0.14009543651121675,77.34857846109585,477.7099914550781,-0.13658914648456932,Above 50-day average
2023-04-17,412.3699951171875,413.9599914550781,411.0899963378906,413.9400024414063,397.3133850097656,66436400,3.6,0.003588253447581735,0.5401273183828126,404.1935012817383,402.38020080566406,0.12389517133003583,77.88429278112423,477.7099914550781,-0.13349100951276316,Above 50-day average
2023-04-18,415.5799865722656,415.7200012207031,412.7799987792969,414.2099914550781,397.5724792480469,63560000,3.58,0.0006522418999841406,0.541131853951172,405.2170013427734,402.41740051269534,0.12162456106650475,80.33902622497999,477.7099914550781,-0.13292583604245434,Above 50-day average
2023-04-19,412.2200012207031,415.0799865722656,412.1600036621094,414.1400146484375,397.50531005859375,55227300,3.6,-0.0001689404120717164,0.5408714945007087,405.97850189208987,402.50360107421875,0.11529904017421837,75.5902319407283,477.7099914550781,-0.13307231990901003,Above 50-day average
2023-04-20,411.2099914550781,413.7000122070313,410.2699890136719,411.8800048828125,395.3361511230469,75840400,3.54,-0.005457115192173623,0.5324627812588816,406.96700286865234,402.43740112304687,0.09571600877030836,66.42567199886255,477.7099914550781,-0.1378032441225504,Above 50-day average
2023-04-21,412.1900024414063,412.6799926757813,410.1700134277344,412.2000122070313,395.6431884765625,73457400,3.57,0.0007769430912525355,0.5336534176293823,407.9185028076172,402.4684014892578,0.09590038516355241,57.19404337771123,477.7099914550781,-0.13713336630977102,Above 50-day average
2023-04-24,411.989990234375,413.0700073242188,410.6000061035156,412.6300048828125,396.0559692382813,64332100,3.52,0.0010431651214148907,0.5352532713829921,408.7625030517578,402.57920166015623,0.09470437617350301,54.565191431206024,477.7099914550781,-0.13623325393307262,Above 50-day average
2023-04-25,410.5799865722656,411.1600036621094,406.0199890136719,406.0799865722656,389.76904296875,97766700,3.4,-0.015873829418699414,0.5108829228385583,409.2420028686523,402.5400012207031,0.11422652674073046,44.2875566061611,477.7099914550781,-0.14994453991768408,Above 50-day average
2023-04-26,406.7200012207031,407.8399963378906,403.7799987792969,404.3599853515625,388.11810302734375,80447000,3.43,-0.004235621743444495,0.5044833942787843,409.6800018310547,402.37060119628904,0.11524164386957247,43.05314002075502,477.7099914550781,-0.15354505330754242,Above 50-day average
2023-04-27,407.0,412.6900024414063,406.739990234375,412.4100036621094,395.8448791503906,92968400,3.53,0.01990804877378749,0.5344347230714397,410.2330017089844,402.3660009765625,0.1247250513653116,55.40630415245224,477.7099914550781,-0.13669378694397538,Above 50-day average
2023-04-28,411.489990234375,415.9400024414063,411.4299926757813,415.9299926757813,399.2234497070313,89433100,3.44,0.008535168842693563,0.5475313825109462,410.84450073242186,402.4050006103516,0.1263499282545798,59.61069746634081,477.7099914550781,-0.1293253226525959,Above 50-day average
2023-05-01,415.4700012207031,417.6199951171875,415.2699890136719,415.510009765625,398.8202819824219,62122300,3.59,-0.0010097442299230597,0.5459687716268309,411.15050048828124,402.54960083007813,0.1174820893226018,58.72251099008709,477.7099914550781,-0.1302044813841876,Above 50-day average
2023-05-02,414.7699890136719,414.8200073242188,407.8200073242188,410.8399963378906,394.3379211425781,103998500,3.44,-0.011239232071373118,0.5285932698274214,411.1449996948242,402.62120056152344,0.12426306433632427,53.85466427743219,477.7099914550781,-0.13998031507255104,Above 50-day average
2023-05-03,411.3599853515625,413.8699951171875,407.7699890136719,408.0199890136719,391.6311340332031,91531800,3.38,-0.006864003868551016,0.5181009997098849,411.1124984741211,402.79980041503904,0.1251292657872851,41.88745482329985,477.7099914550781,-0.1458834935169231,Above 50-day average
2023-05-04,406.9299926757813,407.2699890136719,403.739990234375,405.1300048828125,388.8572387695313,94901900,3.37,-0.007082947425800068,0.5073483701418853,410.98899841308594,402.93160034179687,0.1273288610948296,39.66734378347408,477.7099914550781,-0.15193315582785072,Above 50-day average
2023-05-05,408.9100036621094,413.7200012207031,408.6400146484375,412.6300048828125,396.0559692382813,87891800,3.44,0.018512575986983304,0.5352532713829923,411.16099853515624,403.17100036621093,0.1432504254811931,48.42130890945781,477.7099914550781,-0.13623325393307262,Above 50-day average
2023-05-08,412.9700012207031,413.239990234375,411.2799987792969,412.739990234375,396.1615295410156,50046800,3.52,0.0002665471494098792,0.5356624887661017,411.3174987792969,403.4982000732422,0.14323577335119111,48.22162872212308,477.7099914550781,-0.1360030193691535,Above 50-day average
2023-05-09,411.1300048828125,412.0899963378906,410.6900024414063,410.9299926757813,394.4242248535156,49220100,3.53,-0.004385321513347584,0.5289281150168748,411.3779983520508,403.76219970703124,0.14424972163474045,46.273483368029105,477.7099914550781,-0.13979192391578132,Above 50-day average
2023-05-10,413.8800048828125,414.5400085449219,408.8699951171875,412.8500061035156,396.2671203613281,96142900,3.43,0.0046723613801760155,0.5360718196945449,411.6179992675781,404.09399963378905,0.1441636042839298,51.13503507056608,477.7099914550781,-0.13577272092216996,Above 50-day average
2023-05-11,411.9500122070313,412.4299926757813,409.9700012207031,412.1300048828125,395.5760803222656,70157100,3.39,-0.001743977740241598,0.5333929446335852,411.5509994506836,404.4417999267578,0.13631732508025043,49.91884150673177,477.7099914550781,-0.13727991405939122,Above 50-day average
2023-05-12,413.4200134277344,413.6400146484375,409.0700073242188,411.5899963378906,395.0577697753906,70481500,3.46,-0.001310286896183177,0.5313837599515321,411.5074996948242,404.71739990234374,0.13612133695912743,48.79740050208591,477.7099914550781,-0.13841032488307325,Above 50-day average
2023-05-15,412.2200012207031,413.4299926757813,410.2300109863281,413.010009765625,396.4206848144531,54289400,3.5,0.0034500678839837207,0.5366671378797951,411.4610000610352,404.8938000488281,0.13607294576928738,59.09212845404628,477.7099914550781,-0.13543778201578027,Above 50-day average
2023-05-16,411.8599853515625,412.8200073242188,410.239990234375,410.25,393.7715759277344,57705500,3.54,-0.006682670396272572,0.526398097888561,411.26300048828125,405.00940002441405,0.13802795326213924,57.52236395326722,477.7099914550781,-0.14121536635563914,Above 50-day average
2023-05-17,412.3500061035156,415.8599853515625,410.6400146484375,415.2300109863281,398.5515441894531,87287000,3.57,0.01213896645052559,0.5449269931889762,411.31750030517577,405.3486004638672,0.14508744858319098,53.90799056053186,477.7099914550781,-0.13079060849960333,Above 50-day average
2023-05-18,414.8999938964844,419.6700134277344,414.6700134277344,419.2300109863281,402.3908386230469,97177200,3.65,0.009633215071565893,0.5598096071842331,411.68500061035155,405.7548004150391,0.14719629890751634,54.51315067875676,477.7099914550781,-0.1224173274890551,Above 50-day average
2023-05-19,420.1700134277344,420.7200012207031,417.3500061035156,418.6199951171875,401.8053894042969,103793300,3.7,-0.0014550863563069782,0.5575399495063829,412.00599975585936,406.29600036621093,0.14743919774875328,54.23126555978696,477.7099914550781,-0.1236942860623571,Above 50-day average
2023-05-22,418.6400146484375,420.3900146484375,417.3500061035156,418.7900085449219,401.9685668945313,60745400,3.72,0.0004061283018428341,0.5581725105611282,412.31399993896486,406.9536004638672,0.14744339803827858,62.32557699404794,477.7099914550781,-0.12333839351086051,Above 50-day average
2023-05-23,417.0799865722656,418.7200012207031,413.6799926757813,414.0899963378906,397.457275390625,86383500,3.7,-0.011222837486886017,0.5406853936985674,412.7145004272461,407.52820068359375,0.14127003285109077,58.892463522936005,477.7099914550781,-0.1331770242514806,Above 50-day average
2023-05-24,412.4200134277344,412.8200073242188,409.8800048828125,411.0899963378906,394.5778503417969,89213700,3.73,-0.007244801918740551,0.5295234332021244,413.0510009765625,407.915400390625,0.14314468311846906,58.7032377611346,477.7099914550781,-0.13945698500939174,Above 50-day average
2023-05-25,414.739990234375,416.1600036621094,412.4100036621094,414.6499938964844,397.9948120117188,90961600,3.83,0.008659898295524604,0.5427689505742763,413.1630004882812,408.42280029296876,0.1280717967383666,53.33330647524911,477.7099914550781,-0.13200477002064892,Above 50-day average
2023-05-26,415.3299865722656,420.7699890136719,415.25,420.0199890136719,403.149169921875,93830000,3.8,0.012950669712364915,0.5627488416956556,413.3675003051758,408.90100036621095,0.1327117328328217,60.23619310472673,477.7099914550781,-0.12076365048527815,Above 50-day average
2023-05-30,422.0299987792969,422.5799865722656,418.739990234375,420.1799926757813,403.3027038574219,72216000,3.69,0.0003809429700838418,0.5633441598809064,413.6009994506836,409.5048004150391,0.13259053230995865,63.63900623309209,477.7099914550781,-0.12042871157888835,Above 50-day average
2023-05-31,418.2799987792969,419.2200012207031,416.2200012207031,417.8500061035156,401.0663146972656,110811800,3.64,-0.005545210654671839,0.5546750871886157,413.95149993896484,409.98700073242185,0.12728612414960971,57.28436777520894,477.7099914550781,-0.12530611965898453,Above 50-day average
2023-06-01,418.0899963378906,422.9200134277344,416.7900085449219,421.8200073242188,404.8768310546875,88865000,3.61,0.00950101989401353,0.569446086120722,414.64150085449216,410.44520080566406,0.12734182342607303,62.89590738658888,477.7099914550781,-0.1169956357006926,Above 50-day average
2023-06-02,424.5,428.739990234375,423.9500122070313,427.9200134277344,410.7318420410156,91426200,3.69,0.014461158782416383,0.5921420951725558,415.78100128173827,411.1614013671875,0.13056707320364896,68.93112929725471,477.7099914550781,-0.10422636938299368,Above 50-day average
2023-06-05,428.2799987792969,429.6199951171875,426.3699951171875,427.1000061035156,409.9447326660156,65460200,3.69,-0.0019162630830240612,0.589091132052648,416.50450134277344,411.84000122070313,0.11737315131860893,66.56475020181178,477.7099914550781,-0.10594290732209155,Above 50-day average
2023-06-06,426.6700134277344,428.5799865722656,425.989990234375,428.0299987792969,410.83740234375,64022200,3.7,0.0021774588210983215,0.5925513125556652,417.26900177001954,412.48560119628905,0.11724860083402788,71.84272741382911,477.7099914550781,-0.10399613481907455,Above 50-day average
2023-06-07,428.4400024414063,429.6199951171875,426.1099853515625,426.5499877929688,409.4168701171875,85373300,3.79,-0.003457727240027353,0.5870447045011002,418.0500015258789,413.08680114746096,0.11663937318781142,65.21500511496998,477.7099914550781,-0.10709427179088049,Above 50-day average
2023-06-08,426.6199951171875,429.6000061035156,425.8200073242188,429.1300048828125,411.8931579589844,61952800,3.73,0.006048569132994341,0.5966440541134277,418.86400146484374,413.75740112304686,0.11717543446439896,63.8345127814534,477.7099914550781,-0.10169346976456084,Above 50-day average
2023-06-09,429.9599914550781,431.989990234375,428.8699951171875,429.8999938964844,412.63232421875,85742800,3.75,0.0017943024372815142,0.5995089164311944,419.7525009155273,414.3284008789062,0.11636169386348368,65.69280527951919,477.7099914550781,-0.10008163616793353,Above 50-day average
2023-06-12,430.9200134277344,433.8800048828125,430.1700134277344,433.7999877929688,416.3756103515625,76104300,3.73,0.00907186311201369,0.6140194423675036,420.8630004882813,414.930400390625,0.11810344346475019,68.9185457113471,477.7099914550781,-0.09191769995926169,Above 50-day average
2023-06-13,435.3200073242188,437.3299865722656,434.6300048828125,436.6600036621094,419.1207580566406,95899700,3.84,0.006592936721117493,0.624660570417686,422.04550018310545,415.4758001708984,0.11890735136198359,79.83081830311694,477.7099914550781,-0.08593077081752631,Above 50-day average
2023-06-14,437.010009765625,439.05999755859375,433.5899963378906,437.1799926757813,419.6198425292969,100612100,3.83,0.0011908327057916779,0.6265952693607495,423.39199981689455,416.0003997802734,0.11373873482698432,86.90239297482884,477.7099914550781,-0.08484226728405808,Above 50-day average
2023-06-15,436.3299865722656,443.8999938964844,436.2300109863281,442.6000061035156,424.8221740722656,110303100,3.72,0.012397670338390565,0.6467612612842697,424.76049957275393,416.6789996337891,0.11401153199256878,87.55710252948828,477.7099914550781,-0.07349644340621686,Above 50-day average
2023-06-16,443.0199890136719,443.6099853515625,438.9700012207031,439.4599914550781,423.3751220703125,114165800,3.77,-0.007094474932526573,0.6350783547962326,425.7719985961914,417.31619934082033,0.1169579311638607,77.78727755259435,477.7099914550781,-0.08006949966336818,Above 50-day average
2023-06-20,437.4500122070313,438.3699951171875,435.0299987792969,437.1799926757813,421.1785583496094,76160400,3.74,-0.0051881828235321725,0.6265952693607495,426.6999984741211,417.8759991455078,0.11931052953203211,72.91102859765705,477.7099914550781,-0.08484226728405808,Above 50-day average
2023-06-21,436.1600036621094,436.989990234375,434.3299865722656,434.9400024414063,419.0205383300781,76982300,3.72,-0.005123725403500368,0.6182610418579122,427.5074981689453,418.3825994873047,0.12199661492246204,73.088324421045,477.7099914550781,-0.08953128420738454,Above 50-day average
2023-06-22,433.9500122070313,436.6199951171875,433.6000061035156,436.510009765625,420.5331115722656,70637200,3.8,0.0036097101103735874,0.6241024951019305,428.62849884033204,418.9183996582031,0.11172946241849493,71.22216520207186,477.7099914550781,-0.08624475607880899,Above 50-day average
2023-06-23,432.9299926757813,435.05999755859375,432.4700012207031,433.2099914550781,417.3539123535156,92074500,3.74,-0.007560006040454259,0.6118242704286432,429.73449859619143,419.4215997314453,0.11210516741319572,58.31494543110203,477.7099914550781,-0.0931527512423499,Above 50-day average
2023-06-26,432.6199951171875,434.6099853515625,431.1900024414063,431.4400024414063,415.6487426757813,72823600,3.72,-0.0040857529802734716,0.6052387546120623,430.5739990234375,419.7809997558594,0.11216826920799997,56.62391788955758,477.7099914550781,-0.0968579050916143,Above 50-day average
2023-06-27,432.3500061035156,436.80999755859375,431.8800048828125,436.1700134277344,420.2055969238281,72813700,3.77,0.010963311143060928,0.6228374865377739,431.3815002441406,420.2552001953125,0.1097940717436945,61.132387312187085,477.7099914550781,-0.08695647729873779,Above 50-day average
2023-06-28,435.0499877929688,437.4400024414063,434.4100036621094,436.3900146484375,420.4175720214844,75636000,3.71,0.0005043932731050305,0.6236560348493263,432.19200134277344,420.70420043945313,0.10977212770349962,63.93769581365114,477.7099914550781,-0.08649594428783514,Above 50-day average
2023-06-29,435.9599914550781,438.2799987792969,435.5400085449219,438.1099853515625,422.0745239257813,67882300,3.85,0.003941361271775801,0.6300554498637665,433.20500030517576,421.1822003173828,0.10632974583782191,63.03713680628791,477.7099914550781,-0.08289549478104108,Above 50-day average
2023-06-30,441.4400024414063,444.2999877929688,441.1099853515625,443.2799987792969,427.0553588867188,104964000,3.81,0.011800720368392525,0.649291278412583,434.2779998779297,421.765,0.10865705345497145,67.22450518971338,477.7099914550781,-0.07207300096635916,Above 50-day average
2023-07-03,442.9200134277344,444.0799865722656,442.6300048828125,443.7900085449219,427.546630859375,32793400,3.86,0.0011505363811348257,0.6511888480314851,435.0714996337891,422.4032000732422,0.09908443980528986,64.09028027068933,477.7099914550781,-0.07100538719493366,Above 50-day average
2023-07-05,441.9100036621094,443.8900146484375,441.8999938964844,443.1300048828125,426.9108276367188,58418400,3.95,-0.00148719811037068,0.6487332030968276,435.8729995727539,423.0217999267578,0.09888014914961432,59.72931621413506,477.7099914550781,-0.07238698622764184,Above 50-day average
2023-07-06,439.4200134277344,440.1000061035156,437.05999755859375,439.6600036621094,423.56781005859375,80658300,4.05,-0.007830661842952336,0.6358225309141288,436.45449981689455,423.56239990234377,0.1046693420386772,53.42542549631044,477.7099914550781,-0.07965081005961505,Above 50-day average
2023-07-07,438.6300048828125,442.6400146484375,438.2999877929688,438.5499877929688,422.4983825683594,86134200,4.06,-0.002524714233486769,0.6316925464868715,437.0544998168945,424.2117999267578,0.10415064170661215,43.650027321280106,477.7099914550781,-0.08197442875923555,Above 50-day average
2023-07-10,438.1799926757813,439.8399963378906,437.5899963378906,439.6600036621094,423.56781005859375,62443500,4.01,0.0025311045491684947,0.6358225309141288,437.58099975585935,424.91780029296876,0.10281203210167457,50.33491610234104,477.7099914550781,-0.07965081005961505,Above 50-day average
2023-07-11,440.4500122070313,442.9700012207031,439.4400024414063,442.4599914550781,426.2653503417969,64463800,3.99,0.006368529703967729,0.646240315292675,438.20899963378906,425.5188000488281,0.10441309285160644,58.6899154489283,477.7099914550781,-0.07378953890545692,Above 50-day average
2023-07-12,446.3900146484375,447.4800109863281,444.9100036621094,446.0199890136719,429.6949768066406,91924500,3.86,0.008045919692956538,0.6594858326648274,438.8199996948242,426.12059997558595,0.10348063401728473,67.47629596042162,477.7099914550781,-0.0663373239167141,Above 50-day average
2023-07-13,447.8999938964844,450.3800048828125,447.4500122070313,449.55999755859375,433.1054992675781,72425200,3.76,0.007936883171425269,0.6726569778433236,439.4649993896484,426.8015997314453,0.10447854776711303,69.3792259584883,477.7099914550781,-0.0589269523351208,Above 50-day average
2023-07-14,450.4800109863281,451.3599853515625,448.489990234375,449.2799987792969,432.835693359375,69815800,3.83,-0.0006228285007950918,0.6716151994054689,440.0699996948242,427.5703997802734,0.10474251979918832,76.21532548738494,477.7099914550781,-0.05951307945053663,Above 50-day average
2023-07-17,449.1300048828125,451.9299926757813,449.0799865722656,450.8399963378906,434.338623046875,52680200,3.81,0.003472216797614669,0.6774194097799926,440.481999206543,428.42679992675784,0.09678734930149437,81.86592130603873,477.7099914550781,-0.056247504967067985,Above 50-day average
2023-07-18,450.5,454.8599853515625,450.0499877929688,454.1900024414063,437.5660095214844,80668200,3.8,0.007430587638025177,0.6898836217100872,441.2184997558594,429.4079998779297,0.09450034360187753,81.00476876078395,477.7099914550781,-0.0492348693441208,Above 50-day average
2023-07-19,455.010009765625,456.4299926757813,454.1099853515625,455.2000122070313,438.5390625,65891700,3.75,0.002223760453105239,0.6936415180783964,442.1195007324219,430.25940002441405,0.09096586420955094,81.50749494441428,477.7099914550781,-0.0471205954463767,Above 50-day average
2023-07-20,454.1700134277344,455.1000061035156,451.4400024414063,452.1799926757813,435.6295471191406,70591600,3.85,-0.006634489126235876,0.6824050718429635,442.98150024414065,431.0482000732422,0.09268506421931527,72.58421946732045,477.7099914550781,-0.05344246349450188,Above 50-day average
2023-07-21,453.9599914550781,454.1700134277344,452.1700134277344,452.1799926757813,435.6295471191406,71275600,3.84,0.0,0.6824050718429635,443.76499938964844,431.8732000732422,0.09271944506188895,67.12850120108317,477.7099914550781,-0.05344246349450188,Above 50-day average
2023-07-24,453.3699951171875,455.0400085449219,452.2999877929688,454.2000122070313,437.57568359375,54023400,3.86,0.004467290822171233,0.689920864579582,444.8145004272462,432.7002001953125,0.0862516518942877,68.93410820441957,477.7099914550781,-0.04921391569901379,Above 50-day average
2023-07-25,453.9200134277344,456.739990234375,453.8699951171875,455.4400024414063,438.7702941894531,55191200,3.91,0.00273005328280318,0.6945344385836052,446.01450042724616,433.5664001464844,0.08279629040755804,71.92726679712996,477.7099914550781,-0.046618219028324415,Above 50-day average
2023-07-26,454.4700012207031,456.989990234375,453.3800048828125,455.510009765625,438.8377075195313,71052900,3.86,0.00015371360408278356,0.6947949115794023,446.9815002441407,434.4448004150391,0.07723200876862006,82.1239527009894,477.7099914550781,-0.04647167127870455,Above 50-day average
2023-07-27,459.0199890136719,459.4400024414063,451.5499877929688,452.489990234375,435.92822265625,92194400,4.01,-0.006629974021435614,0.6835584653439697,447.7864990234376,435.2344000244141,0.08320913493359705,76.22265137041659,477.7099914550781,-0.05279353932682962,Above 50-day average
2023-07-28,455.8800048828125,457.7799987792969,452.489990234375,456.9200134277344,440.1960754394531,80011800,3.96,0.009790323076682261,0.7000410466381706,448.7270004272462,436.16780029296876,0.0876526671882877,78.86281009955438,477.7099914550781,-0.04352008205651847,Above 50-day average
2023-07-31,457.4100036621094,458.1600036621094,456.0499877929688,457.7900085449219,441.0342712402344,62040400,3.97,0.0019040424836307412,0.7032779970148857,449.4525009155274,437.0190002441406,0.07984554420213667,77.40430146946507,477.7099914550781,-0.04169890365801454,Above 50-day average
2023-08-01,456.2699890136719,457.25,455.489990234375,456.4800109863281,439.7720947265625,55291500,4.05,-0.002861568697747563,0.6984039500150658,450.08700103759776,437.7640002441406,0.08141557518705647,70.33433950801854,477.7099914550781,-0.044441148078324,Above 50-day average
2023-08-02,453.25,453.5199890136719,449.3500061035156,450.1300048828125,433.6546020507813,93933400,4.08,-0.013910808689727716,0.6747777775885284,450.4370010375977,438.39420043945313,0.09763385389227273,50.998958148370804,477.7099914550781,-0.057733744459182224,Above 50-day average
2023-08-03,448.0400085449219,450.7900085449219,447.3699951171875,448.8399963378906,432.4118347167969,64276100,4.2,-0.0028658577098359395,0.6699781027823644,450.8960006713868,438.9952001953125,0.09330621877862803,49.25524551380724,477.7099914550781,-0.06043414547234216,Above 50-day average
2023-08-04,450.7200012207031,452.8999938964844,446.2699890136719,446.80999755859375,430.45611572265625,100128900,4.05,-0.004522767123829707,0.6624251807215848,451.30900115966807,439.64960021972655,0.09458238117802195,43.285596178858235,477.7099914550781,-0.06468358302987276,Above 50-day average
2023-08-07,448.7099914550781,450.8699951171875,447.989990234375,450.7099914550781,434.2133483886719,58357500,4.09,0.008728528720920004,0.6769357066578938,451.8615005493165,440.44200012207034,0.09843598672002106,44.30628135007924,477.7099914550781,-0.05651964682120103,Above 50-day average
2023-08-08,448.0799865722656,450.7000122070313,445.2699890136719,448.75,432.32513427734375,71361300,4.02,-0.004348675405997704,0.6696432575929112,452.1760009765626,441.12400024414063,0.09841045377927028,39.765157546279774,477.7099914550781,-0.06062253662911177,Above 50-day average
2023-08-09,449.0299987792969,449.2000122070313,444.9599914550781,445.75,429.4348754882813,78789600,4.0,-0.006685236768802283,0.6584812970964682,452.162501525879,441.6386004638672,0.09776447083890608,39.79043790569695,477.7099914550781,-0.06690249738702292,Above 50-day average
2023-08-10,448.1900024414063,451.7000122070313,444.7000122070313,445.9100036621094,429.5890808105469,93005500,4.09,0.0003589538129207259,0.6590766152817187,451.9800018310548,442.15320068359375,0.09318560764217615,40.0948212772234,477.7099914550781,-0.06656755848063334,Above 50-day average
2023-08-11,443.9700012207031,446.7000122070313,443.3500061035156,445.6499938964844,429.3385620117188,68690900,4.16,-0.0005830991982453959,0.6581092090375202,451.79850158691414,442.7092004394531,0.09318440420084104,35.697548693790296,477.7099914550781,-0.06711184218889954,Above 50-day average
2023-08-14,444.7000122070313,448.1099853515625,444.3800048828125,448.1099853515625,431.7085266113281,47867400,4.19,0.005520007828496709,0.6672619848519099,451.66200103759775,443.235,0.0945828813833042,38.21921221407582,477.7099914550781,-0.061962292254670315,Above 50-day average
2023-08-15,446.2699890136719,446.6400146484375,442.2999877929688,442.8900146484375,426.67962646484375,75707500,4.21,-0.011648860489082202,0.6478402825916196,451.0970016479493,443.5344000244141,0.09811642628565037,32.59791544630052,477.7099914550781,-0.07288936264569412,Below 50-day average
2023-08-16,442.4599914550781,444.1799926757813,439.5299987792969,439.6400146484375,423.548583984375,80107200,4.28,-0.007338164990194795,0.6357481587204732,450.3190017700196,443.7852001953125,0.09949931166865003,32.392465024788734,477.7099914550781,-0.07969265346676457,Below 50-day average
2023-08-17,441.1600036621094,441.4299926757813,435.75,436.2900085449219,420.3211669921875,95711300,4.3,-0.007619884432481627,0.6232839467903786,449.52450256347663,443.950400390625,0.1002039801794412,20.869781800443675,477.7099914550781,-0.08670528908971165,Below 50-day average
2023-08-18,433.3699951171875,437.5700073242188,433.010009765625,436.5,420.5234375,98852000,4.26,0.00048131162979969666,0.6240652522324359,448.7405029296875,444.14940063476564,0.10033110506493362,19.366867277838423,477.7099914550781,-0.0862657097239159,Below 50-day average
2023-08-21,437.5499877929688,440.1099853515625,435.3200073242188,439.3399963378906,423.2594909667969,68719000,4.34,0.0065062917248353,0.6346318945436284,447.9975021362305,444.35360046386717,0.10224807327639349,26.37812893772154,477.7099914550781,-0.08032068787239433,Below 50-day average
2023-08-22,441.1799926757813,441.1799926757813,437.5700073242188,438.1499938964844,422.1130981445313,64994200,4.34,-0.002708613946659777,0.6302043077964128,447.13300170898435,444.5186004638672,0.10097824805487683,30.751888473423094,477.7099914550781,-0.08281174408367764,Below 50-day average
2023-08-23,439.25,443.6700134277344,439.1000061035156,443.0299987792969,426.8144836425781,68441000,4.19,0.011137749516813678,0.6483611150378799,446.50900115966795,444.70320068359376,0.11099212103545397,41.630648088231155,477.7099914550781,-0.07259633102951835,Below 50-day average
2023-08-24,444.6900024414063,445.2200012207031,436.8599853515625,436.8900146484375,420.8992309570313,88517300,4.23,-0.013859070825400499,0.6255163615987338,445.72900238037107,444.70780090332033,0.11826824874497169,37.223085219786604,477.7099914550781,-0.08544928416151654,Below 50-day average
2023-08-25,438.6799926757813,441.2999877929688,435.0,439.9700012207031,423.8664855957031,102325100,4.25,0.007049798505337934,0.636975924415135,444.88150177001955,444.76360107421874,0.11508605547204499,35.86841120414526,477.7099914550781,-0.07900188589194268,Below 50-day average
2023-08-28,442.239990234375,443.3999938964844,439.9700012207031,442.760009765625,426.5544128417969,61595400,4.2,0.006341360859106304,0.6473565794695204,444.1300018310547,444.7668011474609,0.11805222929833888,42.28689542432292,477.7099914550781,-0.07316150449982728,Below 50-day average
2023-08-29,442.6499938964844,449.4500122070313,442.4599914550781,449.1600036621094,432.7201232910156,83081900,4.12,0.014454769525983568,0.6711687391528649,443.7640014648438,444.96080139160154,0.13097347929477865,54.037423281405935,477.7099914550781,-0.059764267659562775,Above 50-day average
2023-08-30,449.510009765625,451.6700134277344,448.7799987792969,451.010009765625,434.5024108886719,69053900,4.12,0.004118813092065299,0.6780519708347379,443.80800170898436,445.2374017333984,0.12234324094794494,55.80602417089307,477.7099914550781,-0.05589161241557139,Above 50-day average
2023-08-31,451.6499938964844,452.8299865722656,450.1600036621094,450.3500061035156,433.8665466308594,66084600,4.09,-0.0014633902747576144,0.6755963259000806,443.8835021972656,445.5456018066406,0.12198914986340736,55.30236676774938,477.7099914550781,-0.05727321144827957,Above 50-day average
2023-09-01,453.1700134277344,453.6700134277344,449.6799926757813,451.1900024414063,434.6758117675781,58944100,4.18,0.0018652077861804894,0.6787216612136449,444.1025024414063,445.8392016601563,0.12081357607782084,53.60658151275885,477.7099914550781,-0.05551483010203195,Above 50-day average
2023-09-05,450.7300109863281,451.05999755859375,449.1700134277344,449.239990234375,432.7971801757813,55166200,4.27,-0.0043219313293284545,0.6714663414728232,444.0290023803711,446.1598016357422,0.11789255027541228,58.052215020873916,477.7099914550781,-0.05959683014790018,Above 50-day average
2023-09-06,448.3999938964844,448.510009765625,443.80999755859375,446.2200012207031,429.8876953125,70758500,4.3,-0.006722440297659893,0.6602300087827242,443.9025024414062,446.4554016113281,0.11930985106911199,58.39284393599088,477.7099914550781,-0.06591863431296097,Below 50-day average
2023-09-07,443.1099853515625,445.5499877929688,442.75,444.8500061035156,428.5679016113281,70355400,4.27,-0.003070223462506516,0.655132731656602,443.85750274658204,446.6290014648437,0.11740087555896885,61.499199753366575,477.7099914550781,-0.0687864728377835,Below 50-day average
2023-09-08,444.8999938964844,447.1099853515625,444.5299987792969,445.5199890136719,429.2133483886719,61659700,4.26,0.0015060872225780564,0.6576255059154208,443.83800201416017,446.8116009521484,0.11752766968656941,61.96921187951372,477.7099914550781,-0.0673839840430327,Below 50-day average
2023-09-11,448.239990234375,448.7699890136719,446.4700012207031,448.4500122070313,432.0361022949219,60180100,4.29,0.006576636886363119,0.6685271069614005,443.9780029296875,447.0184014892578,0.11979680020319061,62.05986036406183,477.7099914550781,-0.061250507151677014,Above 50-day average
2023-09-12,446.9500122070313,448.5299987792969,445.3900146484375,445.989990234375,429.6661376953125,67565400,4.27,-0.005485610225651194,0.6593742176016768,443.87200317382815,447.0726013183594,0.11985519164947574,60.04097671862622,477.7099914550781,-0.06640012096897063,Below 50-day average
2023-09-13,446.2200012207031,447.7099914550781,445.0799865722656,446.510009765625,430.1671752929688,60199300,4.25,0.001165989243338661,0.6613090300900739,444.0530029296875,447.12700134277344,0.11200904436046444,55.01731352214675,477.7099914550781,-0.06531155355243823,Below 50-day average
2023-09-14,449.0700073242188,451.0799865722656,447.7200012207031,450.3599853515625,433.8761596679688,83430800,4.29,0.008622372403159329,0.675633455224242,444.58900146484376,447.27160095214845,0.11165385064307251,70.79340014095162,477.7099914550781,-0.05725232168623695,Above 50-day average
2023-09-15,447.1400146484375,447.4800109863281,442.9200134277344,443.3699951171875,428.6487121582031,111848900,4.33,-0.015520895420845227,0.6496261236020371,444.94300079345703,447.34580078125,0.12291334545476046,54.683184822935054,477.7099914550781,-0.07188460980958955,Below 50-day average
2023-09-18,443.0499877929688,444.9700012207031,442.55999755859375,443.6300048828125,428.9000854492188,55752200,4.32,0.0005864396970667318,0.6505935298462355,445.2995010375977,447.44740112304686,0.12290991426181526,51.288117580717454,477.7099914550781,-0.07134032610132324,Below 50-day average
2023-09-19,442.6799926757813,443.2900085449219,439.9400024414063,442.7099914550781,428.0105895996094,66514600,4.37,-0.0020738304839804655,0.6471704786673795,445.468000793457,447.50840087890623,0.1214271900287343,38.60020625496229,477.7099914550781,-0.07326620884229773,Below 50-day average
2023-09-20,444.010009765625,444.4400024414063,438.4299926757813,438.6400146484375,424.0758056640625,82562600,4.35,-0.009193324942280201,0.6320275052216591,445.4925018310547,447.43200134277345,0.12574121947187372,29.727972537189373,477.7099914550781,-0.08178597371940166,Below 50-day average
2023-09-21,435.7000122070313,435.9700012207031,431.2300109863281,431.3900146484375,417.0664978027344,104095800,4.49,-0.016528359834683037,0.6050527673552555,444.9105026245117,447.13940185546875,0.13169740603301966,24.44745507295032,477.7099914550781,-0.09696254555102046,Below 50-day average
2023-09-22,432.4500122070313,434.1000061035156,429.989990234375,430.4200134277344,416.1287536621094,100829700,4.44,-0.0022485481530990503,0.6014437289195924,444.5870025634766,446.75660217285156,0.12318277910061702,22.105851618873885,477.7099914550781,-0.09899306875140101,Below 50-day average
2023-09-25,429.1700134277344,432.2699890136719,428.7200012207031,432.2300109863281,417.8786315917969,70874500,4.55,0.004205189122549191,0.6081781026688198,444.2000030517578,446.4156024169922,0.12120185782309845,27.069316625046866,477.7099914550781,-0.09520416420477307,Below 50-day average
2023-09-26,429.0899963378906,429.8200073242188,425.0199890136719,425.8800048828125,411.7394104003906,96168400,4.56,-0.014691266090073651,0.5845519302422824,443.3560028076172,445.9164025878906,0.12746136498910263,24.839201409153674,477.7099914550781,-0.1084967605856314,Below 50-day average
2023-09-27,427.0899963378906,427.6700134277344,422.2900085449219,426.0499877929688,411.9037780761719,104705800,4.61,0.00039913334321273197,0.5851843777516941,442.2005020141602,445.35360229492187,0.11240024665304298,26.03261381258865,477.7099914550781,-0.10814093191719898,Below 50-day average
2023-09-28,425.4800109863281,430.25,424.8699951171875,428.5199890136719,414.2918090820313,92258300,4.59,0.005797444646104211,0.5943743964355788,441.0760009765625,444.8200018310547,0.11388197579496595,29.278410646478406,477.7099914550781,-0.10297042833786296,Below 50-day average
2023-09-29,431.6700134277344,431.8500061035156,425.9100036621094,427.4800109863281,413.2863464355469,115111300,4.59,-0.0024269066881511536,0.5905049985494524,439.9325012207031,444.3260021972656,0.11381364939367908,23.204683160571832,477.7099914550781,-0.1051474354047992,Below 50-day average
2023-10-02,426.6199951171875,428.6000061035156,424.4599914550781,427.30999755859375,413.1219177246094,83798600,4.69,-0.00039771082475204,0.5898724374947071,438.7385009765625,443.8286022949219,0.11292192172834307,24.64710911121199,477.7099914550781,-0.1055033279562958,Below 50-day average
2023-10-03,425.05999755859375,427.3699951171875,420.1799926757813,421.5899963378906,407.5918273925781,103760600,4.81,-0.013386069255070021,0.5685902949396759,437.35600128173826,443.17640197753906,0.11907424485838576,20.361507442480033,477.7099914550781,-0.11747712235670249,Below 50-day average
2023-10-04,422.0700073242188,425.4299926757813,420.55999755859375,424.6600036621094,410.5600280761719,87453000,4.73,0.007281973839242228,0.5800127284319159,436.2780014038086,442.5608020019531,0.12377642778961649,18.856041425821033,477.7099914550781,-0.11105061384917114,Below 50-day average
2023-10-05,424.3599853515625,425.3699951171875,421.1700134277344,424.5,410.4052429199219,70142700,4.72,-0.0003767806262175988,0.5794174102466656,435.2605010986328,441.94060180664064,0.12396481715486121,22.596574017773406,477.7099914550781,-0.11138555275556083,Below 50-day average
2023-10-06,421.9700012207031,431.1300048828125,420.6000061035156,429.5400085449219,415.2779235839844,113273300,4.78,0.011872811648814707,0.5981695356733829,434.4615020751953,441.4816021728516,0.13330645200962452,32.03264548777935,477.7099914550781,-0.10083520079501196,Below 50-day average
2023-10-09,427.5799865722656,432.8800048828125,427.010009765625,432.2900085449219,417.9366455078125,80374400,4.78,0.00640219757250482,0.6084013327951223,433.6535018920898,440.9890020751953,0.13316258577528575,37.30508225027104,477.7099914550781,-0.09507857010026,Below 50-day average
2023-10-10,432.9400024414063,437.2200012207031,432.5299987792969,434.5400085449219,420.1119079589844,78607300,4.66,0.00520483924107662,0.6167728031674542,433.0810028076172,440.5240020751953,0.1346367523840533,44.7730673433134,477.7099914550781,-0.09036859953182652,Below 50-day average
2023-10-11,435.6400146484375,436.5799865722656,433.1799926757813,436.3200073242188,421.8327941894531,62451700,4.58,0.004096282837700915,0.6233955618535307,432.5715026855469,440.1208020019531,0.13573587458844164,57.30369285300934,477.7099914550781,-0.086642492037455,Below 50-day average
2023-10-12,436.9500122070313,437.3399963378906,431.2300109863281,433.6600036621094,419.2611083984375,81154200,4.7,-0.006096451268467362,0.6134986099212445,431.7365036010742,439.79140197753907,0.1317218756647886,54.571092002225086,477.7099914550781,-0.09221073157543747,Below 50-day average
2023-10-13,435.2099914550781,436.4500122070313,429.8800048828125,431.5,417.1728820800781,95143100,4.63,-0.004980868984616693,0.6054619847383655,431.1430038452148,439.44460205078127,0.12218635831880376,48.980146951611026,477.7099914550781,-0.09673231098710133,Below 50-day average
2023-10-16,433.8200073242188,437.1400146484375,433.5700073242188,436.0400085449219,421.5621032714844,75433200,4.71,0.010521456651035654,0.6223537834156758,430.7635040283203,439.2292022705078,0.12914190758127964,64.94997112596171,477.7099914550781,-0.08722861915287095,Below 50-day average
2023-10-17,432.80999755859375,438.1400146484375,432.4500122070313,436.0199890136719,421.5427856445313,75324700,4.83,-4.591214305493807e-05,0.622279297676686,430.42900390625,438.9354022216797,0.12908365546468006,64.73542298314082,477.7099914550781,-0.08727052644308486,Below 50-day average
2023-10-18,434.1900024414063,435.1799926757813,429.0899963378906,430.2099914550781,415.9255676269531,93559800,4.91,-0.013325071567788949,0.6006623099322017,430.007502746582,438.5646020507813,0.13343657462721287,52.273339310403706,477.7099914550781,-0.09943271200026116,Below 50-day average
2023-10-19,430.9500122070313,432.8200073242188,425.7300109863281,426.4299926757813,412.2710876464844,121323000,4.98,-0.00878640397567687,0.5865982442484974,429.7595016479492,438.1782019042969,0.12392913220172588,48.684519408184826,477.7099914550781,-0.10734545999990663,Below 50-day average
2023-10-20,425.9800109863281,426.5400085449219,421.0799865722656,421.1900024414063,407.20513916015625,123919900,4.93,-0.01228804334679856,0.5671020562492173,429.2980010986328,437.6838018798828,0.13069430560004755,43.19698813899944,477.7099914550781,-0.11831443768114436,Below 50-day average
2023-10-23,419.6099853515625,424.4500122070313,417.7999877929688,420.4599914550781,406.4993591308594,92035100,4.86,-0.0017332106225140809,0.5643859383187624,428.7095001220703,437.1800018310547,0.1292182607299698,48.58714249302119,477.7099914550781,-0.11984258446347262,Below 50-day average
2023-10-24,422.6499938964844,424.8200073242188,420.739990234375,423.6300048828125,409.5641174316406,78564200,4.83,0.0075393937405647815,0.5761804598699505,428.5970001220703,436.6904022216797,0.12270197147954776,48.715393732525115,477.7099914550781,-0.11320673115406477,Below 50-day average
2023-10-25,421.8900146484375,421.9200134277344,417.0199890136719,417.5499877929688,403.6860046386719,94223200,4.95,-0.014352187096675517,0.553558823011773,428.1720001220703,436.1836016845703,0.1324721522818315,42.44729242308276,477.7099914550781,-0.12593415406461417,Below 50-day average
2023-10-26,416.4500122070313,417.3299865722656,411.6000061035156,412.5499877929688,398.8520202636719,115156800,4.86,-0.011974614168780984,0.5349555555177015,427.37350006103514,435.6418011474609,0.1354116193464472,31.520559339913135,477.7099914550781,-0.1364007553277995,Below 50-day average
2023-10-27,414.1900024414063,414.6000061035156,409.2099914550781,410.6799926757813,397.0440979003906,107367700,4.84,-0.004532772203415858,0.527997951642172,426.5334991455078,435.1296008300781,0.1357339610000765,26.03682815221012,477.7099914550781,-0.14031525397894062,Below 50-day average
2023-10-30,413.55999755859375,416.6799926757813,412.2200012207031,415.5899963378906,401.7910461425781,86562700,4.88,0.011955789786880722,0.5462663739467901,425.94749908447267,434.7114007568359,0.14443374599015227,30.157080644274785,477.7099914550781,-0.1300370438725249,Below 50-day average
2023-10-31,416.1799926757813,418.5299987792969,414.2099914550781,418.2000122070313,404.314453125,79665200,4.88,0.006280266349382169,0.5559773386222693,425.7779998779297,434.2886010742188,0.1394830321688096,31.350384955574313,477.7099914550781,-0.1245734447939486,Below 50-day average
2023-11-01,419.2000122070313,423.5,418.6499938964844,422.6600036621094,408.6263122558594,98068100,4.77,0.010664732962442303,0.5725714214342874,425.67799987792966,433.97880126953123,0.14242908931148693,39.082983716306806,477.7099914550781,-0.11523725435444532,Below 50-day average
2023-11-02,426.5799865722656,430.9200134277344,426.55999755859375,430.760009765625,416.4574279785156,94938900,4.67,0.019164354406221662,0.6027087374837499,425.9910003662109,433.7334014892578,0.1581284840630286,49.34304923987914,477.7099914550781,-0.09828134753147211,Below 50-day average
2023-11-03,433.1400146484375,436.2900085449219,433.010009765625,434.6900024414063,420.2569274902344,100167800,4.57,0.009123392577504053,0.6173308784832101,426.24850006103514,433.6894012451172,0.1558550459155873,48.78836399969986,477.7099914550781,-0.09005461427054373,Above 50-day average
2023-11-06,435.4700012207031,436.1499938964844,433.6799926757813,435.6900024414063,421.22369384765625,67831700,4.67,0.002300489991450494,0.6210515319820247,426.4184997558594,433.60380126953123,0.15451871904585043,49.708955388591576,477.7099914550781,-0.08796129401790664,Above 50-day average
2023-11-07,435.6900024414063,437.5899963378906,434.510009765625,436.9299926757813,422.4225463867188,64256100,4.58,0.0028460378421049093,0.6256651059860476,426.53799896240236,433.48720092773436,0.15377841478500387,56.4466595505862,477.7099914550781,-0.08536559734721727,Above 50-day average
2023-11-08,437.5499877929688,438.0899963378906,434.8699951171875,437.25,422.7319030761719,61746000,4.49,0.0007323995367287672,0.626855742356548,426.5844985961914,433.2490008544922,0.1531447405726024,61.11796108102137,477.7099914550781,-0.08469571953443811,Above 50-day average
2023-11-09,438.4299926757813,438.4700012207031,433.3999938964844,433.8399963378906,419.4351196289063,83174400,4.62,-0.007798750513686392,0.6141683003001512,426.59349822998047,432.9056005859375,0.15418143867773787,63.506279133570104,477.7099914550781,-0.09183394926189825,Above 50-day average
2023-11-10,435.9800109863281,440.9299926757813,433.8299865722656,440.6099853515625,425.9803161621094,89462200,4.61,0.01560480608246917,0.639357083610804,427.0489974975586,432.71080017089844,0.16234461568258077,69.0561605130322,477.7099914550781,-0.07766219414944842,Above 50-day average
2023-11-13,439.2300109863281,441.3299865722656,438.4200134277344,440.1900024414063,425.57427978515625,52236100,4.63,-0.0009531851844463146,0.6377944727266891,427.2564971923828,432.4908001708984,0.15857332814647926,66.52035033111466,477.7099914550781,-0.0785413528810398,Above 50-day average
2023-11-14,446.3200073242188,450.05999755859375,446.0899963378906,448.7300109863281,433.8307495117188,97176900,4.44,0.019400732632628426,0.6695688853992563,427.8919982910156,432.4806005859375,0.17209877424664907,79.65008668317724,477.7099914550781,-0.06066438003626129,Above 50-day average
2023-11-15,450.1099853515625,451.3800048828125,448.7999877929688,449.6799926757813,434.7492370605469,77327600,4.53,0.0021170451411642865,0.6731034380959298,428.86549835205085,432.54980041503904,0.16294965185305832,88.25471787099988,477.7099914550781,-0.05867576412609454,Above 50-day average
2023-11-16,449.2200012207031,450.55999755859375,448.1199951171875,450.2300109863281,435.2809753417969,66665800,4.45,0.001223132715498343,0.6751498656474777,430.0554992675782,432.6574005126953,0.15773563645753233,91.88733898435474,477.7099914550781,-0.057524399657305714,Above 50-day average
2023-11-17,450.239990234375,451.4200134277344,449.2900085449219,450.7900085449219,435.82232666015625,83133200,4.44,0.0012438032670611943,0.6772334225231871,431.535499572754,432.76280090332034,0.14759431559423297,91.06395734657909,477.7099914550781,-0.05635214542647404,Above 50-day average
2023-11-20,450.5299987792969,455.1300048828125,450.5199890136719,454.260009765625,439.1771240234375,69936200,4.42,0.00769760011297449,0.6901440947058861,433.22550048828134,432.8790008544922,0.14700315563748573,91.23973207056193,477.7099914550781,-0.04908832159450083,Above 50-day average
2023-11-21,453.1799926757813,454.1300048828125,451.9599914550781,453.2699890136719,438.2199401855469,49244600,4.41,-0.0021794142796411897,0.6864605705312328,434.7074996948243,433.0246008300781,0.14786971915574926,88.02482652368023,477.7099914550781,-0.051160752085095296,Above 50-day average
2023-11-22,454.9800109863281,456.3800048828125,453.8900146484375,455.0199890136719,439.911865234375,59394900,4.42,0.0038608335923762116,0.6929717141541578,436.58099975585947,433.1948004150391,0.13211707782089882,85.78168674915729,477.7099914550781,-0.04749744164298042,Above 50-day average
2023-11-24,455.0700073242188,455.5,454.7300109863281,455.2999877929688,440.1825866699219,29737400,4.47,0.0006153548988119262,0.6940134925920125,438.71849975585945,433.29360046386716,0.11833843707809395,84.06609149018608,477.7099914550781,-0.046911314527564474,Above 50-day average
2023-11-27,454.6499938964844,455.489990234375,454.0799865722656,454.4800109863281,439.3898010253906,50506000,4.39,-0.0018009594303207699,0.6909626430174383,440.90850067138683,433.51580078125,0.11579948235199462,81.24380285649619,477.7099914550781,-0.048627788583598064,Above 50-day average
2023-11-28,454.0799865722656,456.2699890136719,453.5,454.9299926757813,439.8248291015625,62115000,4.34,0.000990102267592885,0.6926368689647047,442.8755004882813,433.7418005371094,0.11371828479768788,80.7377382364406,477.7099914550781,-0.047685832799749917,Above 50-day average
2023-11-29,457.1499938964844,458.3200073242188,454.2000122070313,454.6099853515625,439.5155334472656,63146000,4.27,-0.0007034210304240895,0.6914462325942037,444.6959991455079,433.97980041503905,0.11500899752184944,79.64481586248719,477.7099914550781,-0.0483557106125293,Above 50-day average
2023-11-30,455.4800109863281,456.760009765625,453.3399963378906,456.3999938964844,441.24609375,79752700,4.37,0.003937459806426347,0.6981062341497746,446.38299865722666,434.335,0.11244997906208631,90.78094624443638,477.7099914550781,-0.04460864947305099,Above 50-day average
2023-12-01,455.7699890136719,459.6499938964844,455.1600036621094,459.1000061035156,443.8564453125,89183400,4.22,0.005915890103284305,0.7081520440147067,447.7999984741212,434.8891998291016,0.09737564281165258,89.19038495621568,477.7099914550781,-0.03895665923770508,Above 50-day average
2023-12-04,455.6000061035156,459.1199951171875,454.3399963378906,456.6900024414063,441.5264587402344,72430900,4.28,-0.005249408908885811,0.6991852554571243,448.89999847412116,435.414599609375,0.09914564143241705,82.25173763967317,477.7099914550781,-0.04400156871252803,Above 50-day average
2023-12-05,455.260009765625,457.5899963378906,454.8699951171875,456.6000061035156,441.4394226074219,69793500,4.18,-0.00019706220282811326,0.6988504102676709,449.94549865722666,435.90199951171877,0.09960427248311259,72.97137441298632,477.7099914550781,-0.04418995986929786,Above 50-day average
2023-12-06,458.80999755859375,458.8399963378906,454.30999755859375,454.760009765625,439.6605224609375,69124700,4.12,-0.004029777295871284,0.6920044214552927,450.83699951171883,436.479599609375,0.10212242660657422,64.09548164205363,477.7099914550781,-0.04804166146818234,Above 50-day average
2023-12-07,456.9100036621094,458.8999938964844,456.2900085449219,458.2300109863281,443.015380859375,66995400,4.14,0.007630400972353568,0.7049150936379918,451.88600006103525,437.1232000732422,0.10388780771495615,69.10219452549086,477.7099914550781,-0.040777837636209124,Above 50-day average
2023-12-08,457.4599914550781,460.75,457.2099914550781,460.2000122070313,444.9199523925781,83194400,4.23,0.004299153642213005,0.7122447855724694,453.2040008544923,437.75680053710937,0.09682314603777438,71.05145658244167,477.7099914550781,-0.036653994183191374,Above 50-day average
2023-12-11,459.6900024414063,462.1700134277344,459.4700012207031,461.989990234375,446.65045166015625,65002200,4.23,0.003889565362589442,0.7189046735827065,454.2730010986329,438.44700012207034,0.08472290728358609,68.6985652149518,477.7099914550781,-0.032906996926777454,Above 50-day average
2023-12-12,461.6300048828125,464.2000122070313,460.6000061035156,464.1000061035156,448.6903991699219,68327600,4.2,0.004567232870283933,0.7267553115087781,455.46850128173827,439.18280029296875,0.08410152854025087,74.85091328741427,477.7099914550781,-0.028490057974519756,Above 50-day average
2023-12-13,464.489990234375,470.760009765625,464.1199951171875,470.5,454.87786865234375,93278000,4.04,0.013790118104538118,0.7505674711921226,456.5570007324219,440.16100036621094,0.07055783018459363,79.27387939541865,477.7099914550781,-0.015092821134255252,Above 50-day average
2023-12-14,472.5,473.7300109863281,469.25,472.010009765625,456.3377990722656,119026000,3.92,0.003209372509298536,0.7561856943098388,457.6735015869141,441.1080004882813,0.07061017390365851,80.19521556430504,477.7099914550781,-0.011931887110192774,Above 50-day average
2023-12-15,469.489990234375,470.7000122070313,467.4299926757813,469.3299865722656,455.58642578125,141553700,3.91,-0.00567789482831127,0.7462142566385628,458.6285003662109,442.00460021972657,0.07620889498804694,75.14385515274266,477.7099914550781,-0.017542033938389046,Above 50-day average
2023-12-18,470.9800109863281,472.9800109863281,469.8900146484375,471.9700012207031,458.1491394042969,70375300,3.95,0.0056250713228847005,0.7560368363771928,459.6875,442.8532000732422,0.07714442973896611,76.85998597271688,477.7099914550781,-0.012015637807556212,Above 50-day average
2023-12-19,472.5299987792969,474.9200134277344,472.4500122070313,474.8399963378906,460.93505859375,55761800,3.93,0.0060808846108111325,0.7667150937515363,460.7164993286133,443.7041998291016,0.07584936121315933,79.51558424557932,477.7099914550781,-0.006007818903778106,Above 50-day average
2023-12-20,473.9599914550781,475.8999938964844,467.8200073242188,468.260009765625,454.5478210449219,102921000,3.86,-0.013857271129248727,0.7422332436892851,461.46600036621095,444.37859985351565,0.09400485743961534,65.18178103458109,477.7099914550781,-0.019781838057581713,Above 50-day average
2023-12-21,471.3299865722656,472.9800109863281,468.8399963378906,472.7000122070313,458.8577270507813,86667500,3.89,0.009481916774461752,0.7587529543076474,462.3500015258789,445.1061999511719,0.09780315957069631,66.66666666666671,477.7099914550781,-0.010487491025227835,Above 50-day average
2023-12-22,473.8599853515625,475.3800048828125,471.7000122070313,473.6499938964844,459.7799377441406,67160400,3.9,0.0020096925426711376,0.7622875070043205,463.2675018310547,445.9059997558594,0.09768052185016944,71.5556596769976,477.7099914550781,-0.008498875115061422,Above 50-day average
2023-12-26,474.0700073242188,476.5799865722656,473.989990234375,475.6499938964844,461.7213745117188,55387000,3.89,0.004222527236930729,0.7697288140019489,464.3260009765625,446.78899963378905,0.09691249778032253,73.09089429450758,477.7099914550781,-0.004312234609787247,Above 50-day average
2023-12-27,475.4400024414063,476.6600036621094,474.8900146484375,476.510009765625,462.5561828613281,68000300,3.79,0.0018080855254416495,0.7729286350545028,465.4050018310547,447.5983996582031,0.09680966676235304,77.00520170237532,477.7099914550781,-0.0025119459733259353,Above 50-day average
2023-12-28,476.8800048828125,477.5499877929688,476.260009765625,476.6900024414063,462.7309265136719,77158100,3.84,0.00037773115379002853,0.7735983254334093,466.5090026855469,448.4117999267578,0.09643456553735974,74.95941856521216,477.7099914550781,-0.0021351636597864987,Above 50-day average
2023-12-29,476.489990234375,477.0299987792969,473.2999877929688,475.30999755859375,461.3912963867188,122283100,3.88,-0.002894973411954882,0.7684638054377919,467.45450286865236,449.3138000488281,0.09801869831242359,70.76116964714001,477.7099914550781,-0.0050239558297161535,Above 50-day average
2024-01-02,472.1600036621094,473.6700134277344,470.489990234375,472.6499938964844,458.8092041015625,123623700,3.95,-0.005596355380219964,0.7585668535055059,468.13200225830076,450.2382000732422,0.10048397540928752,64.30487404346002,477.7099914550781,-0.01059219536769851,Above 50-day average
2024-01-03,470.4299926757813,471.1900024414063,468.1700134277344,468.7900085449219,455.062255859375,103585900,3.91,-0.008166688673242328,0.744205185501843,468.73700256347655,451.1902001953125,0.10355957520622405,56.011280783552884,477.7099914550781,-0.01867238087900669,Above 50-day average
2024-01-04,468.2999877929688,470.9599914550781,467.0499877929688,467.2799987792969,453.5964660644531,84232200,3.99,-0.0032210792425203527,0.7385869623841266,469.2710021972656,452.12660034179686,0.10470047781833679,45.28136166254491,477.7099914550781,-0.02183331490306928,Above 50-day average
2024-01-05,467.489990234375,470.4400024414063,466.4299926757813,467.9200134277344,454.2177429199219,86118900,4.05,0.00136965984015891,0.7409682351251279,469.9290023803711,453.0124005126953,0.10287721920351378,43.84963521202127,477.7099914550781,-0.02049355927751062,Above 50-day average
2024-01-08,468.4299926757813,474.75,468.2999877929688,474.6000061035156,460.7021179199219,74879100,4.01,0.014275928543528549,0.7658221732463273,470.7475021362305,454.15340087890627,0.1105899264201901,57.07385171979863,477.7099914550781,-0.006510195321830392,Above 50-day average
2024-01-09,471.8699951171875,474.9299926757813,471.3500061035156,473.8800048828125,460.0032043457031,65931400,4.02,-0.0015170695563498926,0.7631432981853676,471.4315017700195,455.38000122070315,0.11075942994925639,52.703091406789184,477.7099914550781,-0.008017388459051644,Above 50-day average
2024-01-10,474.1600036621094,477.4500122070313,473.8699951171875,476.55999755859375,462.6047058105469,67310600,4.04,0.0056554246817059894,0.7731146223113097,472.16000213623045,456.6976013183594,0.11144234543312137,52.447356285503616,477.7099914550781,-0.0024073055139197663,Above 50-day average
2024-01-11,477.5899963378906,478.1199951171875,472.260009765625,476.3500061035156,462.40087890625,77940700,3.98,-0.00044064012118916196,0.7723333168692521,472.77250213623046,457.91280151367187,0.11107736361761877,64.05978350225668,477.7099914550781,-0.0028468848797155166,Above 50-day average
2024-01-12,477.8399963378906,478.6000061035156,475.2300109863281,476.6799926757813,462.7211608886719,58026400,3.96,0.00069273972507089,0.7735610825639141,473.08150177001954,459.08240112304685,0.1008439563552294,58.069717767783956,477.7099914550781,-0.0021561173048935123,Above 50-day average
2024-01-16,475.260009765625,476.6099853515625,473.05999755859375,474.9299926757813,461.0224304199219,85014900,4.07,-0.0036712260361014826,0.767049938940989,473.22750091552734,460.1278009033203,0.10150310586598635,52.51374550057365,477.7099914550781,-0.005819427747008388,Above 50-day average
2024-01-17,471.8200073242188,472.7900085449219,469.8699951171875,472.2900085449219,458.4597473144531,68843900,4.1,-0.0055586805878180545,0.7572274727476926,473.37550201416013,460.9584008789063,0.10141039198428888,43.56324043197034,477.7099914550781,-0.011345759994776938,Above 50-day average
2024-01-18,474.010009765625,477.05999755859375,472.4200134277344,476.489990234375,462.5367126464844,91856200,4.14,0.00889280233217904,0.7728541493155123,473.60150146484375,461.7944006347656,0.104294125448999,49.96599936974442,477.7099914550781,-0.0025538532635398514,Above 50-day average
2024-01-19,477.6499938964844,482.7200012207031,476.5400085449219,482.4299926757813,468.3028564453125,110834500,4.15,0.01246616416534696,0.7949548401820961,473.98100128173826,462.7292004394531,0.11107091083641826,58.15340652938356,482.4299926757813,0.0,Above 50-day average
2024-01-22,484.010009765625,485.2200012207031,482.7799987792969,483.4500122070313,469.2929992675781,75844900,4.11,0.002114336891851476,0.7987499794199004,474.7405014038086,463.65960083007815,0.09661330894622074,61.682007224719634,483.4500122070313,0.0,Above 50-day average
2024-01-23,484.010009765625,485.1099853515625,482.8900146484375,484.8599853515625,470.6616821289063,49945300,4.14,0.0029164817642561847,0.8039960009333347,475.34850006103517,464.6118005371094,0.09223437093176712,68.17507438617206,484.8599853515625,0.0,Above 50-day average
2024-01-24,487.80999755859375,488.7699890136719,484.8800048828125,485.3900146484375,471.17620849609375,81765000,4.18,0.0010931594952936496,0.8059680562912268,475.9355010986328,465.64280090332034,0.09219645909716224,77.42897800332597,485.3900146484375,0.0,Above 50-day average
2024-01-25,487.5799865722656,488.30999755859375,485.3900146484375,488.0299987792969,473.7388305664063,72525000,4.14,0.0054388925424671,0.815790522484523,476.55450134277345,466.591201171875,0.09281720240612489,83.05197620811471,488.0299987792969,0.0,Above 50-day average
2024-01-26,487.5899963378906,489.1199951171875,486.5400085449219,487.4100036621094,473.1370239257813,76641600,4.15,-0.0012704037021049608,0.8134837354825115,477.09950103759763,467.53560119628906,0.09323677046319352,81.06476121914905,488.0299987792969,-0.0012704037021049608,Above 50-day average
2024-01-29,487.7300109863281,491.4200134277344,487.1700134277344,491.2699890136719,476.8839111328125,61322800,4.08,0.007919380649885843,0.8278454034861744,477.82850036621096,468.38640075683594,0.09620646020372904,79.19444076260993,491.2699890136719,0.0,Above 50-day average
2024-01-30,490.55999755859375,491.6199951171875,490.1099853515625,490.8900146484375,476.51507568359375,58618400,4.06,-0.0007734532410523798,0.8264316505347054,478.6075012207031,469.2106011962891,0.0952032603363536,80.1490076613347,491.2699890136719,-0.0007734532410523798,Above 50-day average
2024-01-31,488.6199951171875,489.0799865722656,482.8599853515625,482.8800048828125,468.7396545410156,126011100,3.99,-0.016317320635176435,0.796629179674696,479.1190017700195,469.86360107421876,0.11210377127274733,59.42162040187943,491.2699890136719,-0.017078153191698142,Above 50-day average
2024-02-01,484.6300048828125,489.2300109863281,483.7999877929688,489.2000122070313,474.8746643066406,91891600,3.87,0.013088152875065928,0.8201437370380829,480.139501953125,470.6318011474609,0.11418285204800796,66.2043226510084,491.2699890136719,-0.004213521796429087,Above 50-day average
2024-02-02,489.6499938964844,496.0499877929688,489.2999877929688,494.3500061035156,479.8737487792969,99228200,4.03,0.010527378920638375,0.8393050798479096,481.4930023193359,471.43360107421876,0.11600763633112993,69.86736810754381,494.3500061035156,0.0,Above 50-day average
2024-02-05,493.7000122070313,494.3800048828125,490.2300109863281,492.5499877929688,478.12646484375,75757100,4.17,-0.00364118193248264,0.8326078354228439,482.72450103759763,472.21920104980467,0.11819581878311902,69.7888719041972,494.3500061035156,-0.00364118193248264,Above 50-day average
2024-02-06,493.5199890136719,494.3200073242188,492.0499877929688,493.9800109863281,479.5146179199219,55918600,4.09,0.0029033057127196837,0.837928456220602,483.6935012817383,472.9984014892578,0.10989051107708354,75.04041060272755,494.3500061035156,-0.000748447684068676,Above 50-day average
2024-02-07,496.2900085449219,498.5299987792969,495.3599853515625,498.1000061035156,483.5139770507813,70556500,4.09,0.008340408570300495,0.8532575304684635,484.9045013427734,473.8544018554687,0.11123774920603198,74.99422898131468,498.1000061035156,0.0,Above 50-day average
2024-02-08,498.1000061035156,498.7099914550781,497.260009765625,498.3200073242188,483.7275390625,52343600,4.15,0.000441680823142665,0.8540760787800161,485.9925018310547,474.73120178222655,0.1108266333818356,71.18103240671442,498.3200073242188,0.0,Above 50-day average
2024-02-09,498.8399963378906,501.6499938964844,498.489990234375,501.2000122070313,486.523193359375,63979400,4.17,0.0057794285609300555,0.8647915790238545,487.2350021362305,475.65660217285154,0.11101687916687682,72.5425478809001,501.2000122070313,0.0,Above 50-day average
2024-02-12,501.1700134277344,503.5,500.239990234375,500.9800109863281,486.3096008300781,56502300,4.17,-0.0004389489532021784,0.8639730307123017,488.4500030517578,476.58400268554686,0.11134276828331856,71.11054981963626,501.2000122070313,-0.0004389489532021784,Above 50-day average
2024-02-13,494.5299987792969,497.0899963378906,490.7200012207031,494.0799865722656,479.6116638183594,113099200,4.31,-0.01377305334094614,0.8383004307342161,489.40750274658205,477.3376025390625,0.12385485680626372,59.75305090028531,501.2000122070313,-0.014205956626801908,Above 50-day average
2024-02-14,496.7900085449219,499.0700073242188,494.3999938964844,498.5700073242188,483.97021484375,68387800,4.27,0.009087639398436709,0.8550062421547195,490.72150268554685,478.12700256347654,0.12289581093202355,61.357754382457195,501.2000122070313,-0.005247415839499503,Above 50-day average
2024-02-15,499.2900085449219,502.2000122070313,498.7999877929688,502.010009765625,487.3094482421875,61683000,4.24,0.00689973803251509,0.8678052992742673,491.99750366210935,479.0334027099609,0.12177079866971127,64.83135680286301,502.010009765625,0.0,Above 50-day average
2024-02-16,501.7000122070313,502.8699951171875,498.75,499.510009765625,484.8826904296875,75532900,4.3,-0.004979980381600746,0.8585036655272316,492.85150451660155,479.8916027832031,0.118810074187349,58.608449134369586,502.010009765625,-0.004979980381600746,Above 50-day average
2024-02-20,497.7200012207031,498.4100036621094,494.4500122070313,496.760009765625,482.2132263183594,71736700,4.27,-0.0055053951797489065,0.8482718684054922,493.5170043945312,480.73160278320313,0.12156211120938751,55.84310485193871,502.010009765625,-0.010457958801361467,Above 50-day average
2024-02-21,495.4200134277344,497.3699951171875,493.55999755859375,497.2099914550781,482.6499633789063,59293400,4.32,0.0009058331600915182,0.8499460943527581,494.134504699707,481.5112023925781,0.12143598737786233,66.79161186457286,502.010009765625,-0.009561598807139027,Above 50-day average
2024-02-22,504.010009765625,508.489990234375,503.0199890136719,507.5,492.6387023925781,76402500,4.33,0.020695498324175388,0.8882316506482504,495.24000396728513,482.4572021484375,0.1395989280640365,69.61830842333514,507.5,0.0,Above 50-day average
2024-02-23,509.2699890136719,510.1300048828125,507.1000061035156,507.8500061035156,492.9784240722656,61321800,4.26,0.0006896671990455072,0.889533902081902,496.2310043334961,483.3744024658203,0.139184712199327,66.13285330003443,507.8500061035156,0.0,Above 50-day average
2024-02-26,508.2999877929688,508.75,505.8599853515625,505.989990234375,491.17291259765625,50386700,4.28,-0.003662529972996542,0.882613427530534,497.1600036621094,484.2122021484375,0.14019215696293832,66.03815636330256,507.8500061035156,-0.003662529972996542,Above 50-day average
2024-02-27,506.7000122070313,507.1600036621094,504.75,506.9299926757813,492.0853271484375,48854500,4.31,0.0018577490850577583,0.8861108509030462,497.94300384521483,484.9408020019532,0.13838508594348367,65.63627319122281,507.8500061035156,-0.001811584949645173,Above 50-day average
2024-02-28,505.3299865722656,506.8599853515625,504.9599914550781,506.260009765625,491.43499755859375,56506600,4.27,-0.0013216478011487398,0.8836180766442274,498.71150360107424,485.6258020019532,0.13852372685088218,60.748145914983354,507.8500061035156,-0.0031308384735285744,Above 50-day average
2024-02-29,508.0700073242188,509.739990234375,505.3500061035156,508.0799865722656,493.2016296386719,83924800,4.25,0.003594944833748892,0.8903895797176156,499.97150268554685,486.4008020019532,0.12137535480011237,62.335657635598956,508.0799865722656,0.0,Above 50-day average
2024-03-01,508.9800109863281,513.2899780273438,508.55999755859375,512.8499755859375,497.83197021484375,76844800,4.19,0.00938826393429193,0.9081370560306397,501.1540008544922,487.2184014892578,0.11778199170588534,64.0530276815334,512.8499755859375,0.0,Above 50-day average
2024-03-04,512.030029296875,514.2000122070312,512.0,512.2999877929688,497.298095703125,49799300,4.22,-0.0010724145835053767,0.9060907420244253,502.05149993896487,487.96760131835936,0.11429764272025804,63.54712438652577,512.8499755859375,-0.0010724145835053767,Above 50-day average
2024-03-05,510.239990234375,510.7000122070313,504.9100036621094,507.1799926757813,492.32806396484375,72855600,4.13,-0.00999413476319766,0.8870410142777498,502.78300018310546,488.7460009765626,0.12037869476275138,66.37502012254348,512.8499755859375,-0.011055831490833445,Above 50-day average
2024-03-06,510.5499877929688,512.0700073242188,508.4200134277344,509.75,494.8227844238281,68382400,4.11,0.005067249026642129,0.8966031210205825,503.5714996337891,489.48700073242196,0.12095889328914922,64.67962917253024,512.8499755859375,-0.006044605115552049,Above 50-day average
2024-03-07,513.1400146484375,515.8900146484375,509.80999755859375,514.8099975585938,499.734619140625,58652100,4.09,0.00992642973731006,0.9154296186409563,504.406999206543,490.31020080566407,0.1222551694186931,66.12091125446618,514.8099975585938,0.0,Above 50-day average
2024-03-08,515.4600219726562,518.219970703125,511.1300048828125,511.7200012207031,496.735107421875,86532500,4.09,-0.00600220732414769,0.9039328129550601,505.0769989013672,491.03160095214844,0.12522409761963252,65.15265247257845,514.8099975585938,-0.00600220732414769,Above 50-day average
2024-03-11,510.4800109863281,511.8800048828125,508.5,511.2799987792969,496.3079528808594,62557200,4.1,-0.0008598499967885642,0.9022957163319552,505.5809982299805,491.72700073242186,0.12432876965244674,69.11533458092914,514.8099975585938,-0.006856896322987804,Above 50-day average
2024-03-12,513.4500122070312,517.3800048828125,510.8599853515625,516.780029296875,501.6470031738281,73114400,4.16,0.010757374688447952,0.9227594241207675,506.3709991455078,492.52880126953124,0.12884998418825522,72.73999348939402,516.780029296875,0.0,Above 50-day average
2024-03-13,517.1099853515625,517.2899780273438,514.489990234375,515.969970703125,500.8606872558594,55104100,4.19,-0.0015675114126452172,0.9197454767796871,507.46549835205076,493.34200073242187,0.11621950294219835,62.62288878701218,516.780029296875,-0.0015675114126452172,Above 50-day average
2024-03-14,516.969970703125,517.1300048828125,511.8200073242188,514.9500122070312,499.8705139160156,110171800,4.29,-0.001976778793354672,0.9159505646325505,508.2844985961914,494.1880010986328,0.11413401540300315,60.374058810991684,516.780029296875,-0.003541191582681069,Above 50-day average
2024-03-15,510.2099914550781,511.7000122070313,508.1199951171875,509.8299865722656,496.4381103515625,107646300,4.31,-0.009942762430127261,0.8969007233405408,508.6754974365234,495.0088006591797,0.11938099916532989,55.122725736781895,516.780029296875,-0.013448744786182076,Above 50-day average
2024-03-18,514.0,515.47998046875,512.4400024414062,512.8599853515625,499.3884887695313,88893300,4.34,0.005943155285291102,0.9081742989001347,509.34299621582034,495.920400390625,0.11866115644909367,57.493039648936026,516.780029296875,-0.007585517479547499,Above 50-day average
2024-03-19,512.1500244140625,516.0,511.1199951171875,515.7100219726562,502.1636657714844,60755300,4.3,0.005557143669806974,0.9187782976261558,510.2904968261719,496.87620056152343,0.11667009241088581,61.317363343581405,516.780029296875,-0.002070527620184115,Above 50-day average
2024-03-20,515.77001953125,520.6199951171875,515.0800170898438,520.47998046875,506.8084106445313,69594600,4.27,0.009249303470675319,0.9365256603938459,511.4539962768555,497.79380004882813,0.11945372702600368,63.87022600054212,520.47998046875,0.0,Above 50-day average
2024-03-21,523.3900146484375,524.1099853515625,521.9099731445312,522.2000122070312,508.4832458496094,60256100,4.27,0.003304702971922424,0.9429253024989535,512.188996887207,498.7602001953125,0.09798662727470751,61.22451073058863,522.2000122070312,0.0,Above 50-day average
2024-03-22,522.1099853515625,522.6099853515625,520.969970703125,521.2100219726562,507.5191955566406,79070800,4.22,-0.001895806609024997,0.9392418918696341,512.8569976806641,499.65320068359375,0.09867893919868005,60.584480368443366,522.2000122070312,-0.001895806609024997,Above 50-day average
2024-03-25,519.7999877929688,520.9500122070312,519.6099853515625,519.77001953125,506.1170349121094,48512100,4.25,-0.0027628065092766274,0.9338841417477148,513.5459991455078,500.52160095214845,0.09812684054525937,66.38895554026541,522.2000122070312,-0.004653375371461821,Above 50-day average
2024-03-26,521.22998046875,521.5800170898438,518.4000244140625,518.8099975585938,505.1822509765625,65463700,4.24,-0.0018470129799368351,0.9303122326362128,514.1399993896484,501.3642010498047,0.09875802311686044,62.30974254187448,522.2000122070312,-0.006491793506687049,Above 50-day average
2024-03-27,521.7100219726562,523.2100219726562,519.489990234375,523.1699829101562,509.42767333984375,82999800,4.2,0.008403819070718743,0.9465342273892827,514.985498046875,502.32900085449216,0.10149009100981364,61.578895756969146,523.1699829101562,0.0,Above 50-day average
2024-03-28,523.2100219726562,524.6099853515625,522.780029296875,523.0700073242188,509.3303527832031,96294900,4.2,-0.00019109579907738983,0.9461622528756684,515.7349990844726,503.34460083007815,0.10142425432878774,67.13980631383353,523.1699829101562,-0.00019109579907738983,Above 50-day average
2024-04-01,523.8300170898438,524.3800048828125,520.969970703125,522.1599731445312,508.4442443847656,62477500,4.33,-0.0017397942282005863,0.9427763310209734,516.2004989624023,504.25800048828125,0.09752474273954122,66.200028536297,523.1699829101562,-0.0019305575599096736,Above 50-day average
2024-04-02,518.239990234375,518.97998046875,516.47998046875,518.8400268554688,505.2115478515625,74230300,4.36,-0.006358101845817976,0.9304239612446974,516.5275009155273,504.986201171875,0.10070826705826225,53.28024833902865,523.1699829101562,-0.008276384724142494,Above 50-day average
2024-04-03,517.719970703125,520.9500122070312,517.6699829101562,519.4099731445312,505.7663879394531,59155800,4.36,0.0010985010013910834,0.932544533899234,517.1389999389648,505.705400390625,0.09251751423730038,55.519916791375145,523.1699829101562,-0.00718697533965873,Above 50-day average
2024-04-04,523.52001953125,523.8699951171875,512.760009765625,513.0700073242188,499.5930786132813,96858100,4.31,-0.012206091812080655,0.9089557178875254,517.3050003051758,506.2696008300781,0.1027167028137855,47.423233230771295,523.1699829101562,-0.019305342270892423,Above 50-day average
2024-04-05,514.4600219726562,520.4400024414062,514.010009765625,518.4299926757812,504.8122253417969,74546500,4.39,0.010446888874904303,0.9288983661394095,517.4860000610352,506.930400390625,0.10337514444189919,61.710286502160415,523.1699829101562,-0.00906013416138407,Above 50-day average
2024-04-08,519.1500244140625,520.1799926757812,517.8900146484375,518.719970703125,505.0945434570313,48401800,4.42,0.0005593388334788063,0.9299772739014251,517.8359985351562,507.54419982910156,0.10059670586098755,58.622733624799274,523.1699829101562,-0.008505863012778114,Above 50-day average
2024-04-09,520.5,520.75,514.3499755859375,519.3200073242188,505.67877197265625,68049200,4.36,0.0011567640634317922,0.9322098022551144,518.2379989624023,508.1823999023438,0.10043689418147113,55.688625058188514,523.1699829101562,-0.007358938226007972,Above 50-day average
2024-04-10,513.47998046875,516.1599731445312,512.0900268554688,514.1199951171875,500.6153869628906,82652800,4.55,-0.010013117410638928,0.9128623586431466,518.104997253418,508.63940002441404,0.10018442907182219,40.11193604955703,523.1699829101562,-0.017298369724172202,Above 50-day average
2024-04-11,515.6799926757812,519.47998046875,512.0800170898438,518.0,504.39349365234375,70099000,4.56,0.007546885784763369,0.9272985123857995,518.2064987182617,509.1815997314453,0.10374222492821582,43.88108063887945,523.1699829101562,-0.009882032759979786,Above 50-day average
2024-04-12,514.3699951171875,515.8200073242188,509.0799865722656,510.8500061035156,497.4313354492188,92561100,4.5,-0.013803077020240084,0.9006958625783441,518.001498413086,509.7409997558594,0.11494694656873505,37.20350259528289,523.1699829101562,-0.023548707320917406,Above 50-day average
2024-04-15,515.1300048828125,515.2999877929688,503.5799865722656,504.4500122070313,491.199462890625,92101400,4.63,-0.012528127278102597,0.8768837028949996,517.7324996948242,510.04599975585944,0.11812367617925315,33.142553194347286,523.1699829101562,-0.03578181339646869,Below 50-day average
2024-04-16,504.9400024414063,506.5,502.2099914550781,503.5299987792969,490.3035888671875,73484000,4.67,-0.0018237950351299714,0.8734606517161434,517.266000366211,510.2295996093751,0.11569365290332652,33.171760002097244,523.1699829101562,-0.03754034973797826,Below 50-day average
2024-04-17,506.0499877929688,506.2200012207031,499.1199951171875,500.5499877929688,487.4018859863281,75910300,4.59,-0.005918239218224319,0.8623730634133568,516.5079986572266,510.38959960937507,0.11437239432166493,24.307078819004445,523.1699829101562,-0.0432364161861174,Below 50-day average
2024-04-18,501.9800109863281,504.1300048828125,498.55999755859375,499.5199890136719,486.3989562988281,74548100,4.64,-0.002057734101320041,0.8585407948513912,515.4599990844727,510.50039916992193,0.107135642735914,23.8041603102411,523.1699829101562,-0.0452051812394324,Below 50-day average
2024-04-19,499.4400024414063,500.4599914550781,493.8599853515625,495.1600036621094,482.1534729003906,102212600,4.62,-0.00872835011101658,0.8423188000983213,514.1079986572265,510.4415991210938,0.10769963867299714,22.107395677211443,523.1699829101562,-0.05353896470175934,Below 50-day average
2024-04-22,497.8299865722656,502.3800048828125,495.4299926757813,499.7200012207031,486.5937194824219,67961000,4.62,0.00920913952029423,0.8592849709692878,513.0334976196289,510.4695989990235,0.11562963950511546,30.741281973882963,523.1699829101562,-0.04482287297717569,Below 50-day average
2024-04-23,501.7799987792969,506.0899963378906,499.5299987792969,505.6499938964844,492.367919921875,64633600,4.61,0.011866630635747333,0.8813484189663765,512.3274963378906,510.55859863281256,0.1257022035869044,37.49092101547021,523.1699829101562,-0.033488138819081636,Below 50-day average
2024-04-24,506.55999755859375,507.3699951171875,503.1300048828125,505.4100036621094,492.1342468261719,55928100,4.65,-0.00047461729906428385,0.8804554984611679,511.6574966430664,510.6471984863282,0.12572409668339793,42.16768443946566,523.1699829101562,-0.0339468620681489,Below 50-day average
2024-04-25,499.1799926757813,504.2699890136719,497.489990234375,503.489990234375,490.2646484375,69122400,4.7,-0.003798922486342393,0.8733117937834975,510.67349700927736,510.83539855957036,0.12061892543896975,33.56797710041528,523.1699829101562,-0.03761682305683978,Below 50-day average
2024-04-26,506.3500061035156,509.8800048828125,505.7000122070313,508.260009765625,494.9093627929688,64306100,4.67,0.009473911346339792,0.8910593836418552,509.93299713134763,511.0291986083984,0.1271256412544654,39.52748534009274,523.1699829101562,-0.028499290157271373,Below 50-day average
2024-04-29,510.0899963378906,510.75,507.25,510.05999755859375,496.6620788574219,46415400,4.63,0.0035414704253415863,0.8977565145215876,509.32799835205077,511.1901983642578,0.12831759798614797,40.946414633156614,523.1699829101562,-0.025058749125165036,Below 50-day average
2024-04-30,508.55999755859375,509.55999755859375,501.9800109863281,501.9800109863281,488.7943115234375,77483600,4.69,-0.015841247325688257,0.8676936842111149,508.48499755859376,511.2395983886719,0.13751734220582246,38.763433358171476,523.1699829101562,-0.04050303460828919,Below 50-day average
2024-05-01,501.3800048828125,508.1900024414063,499.8699951171875,500.3500061035156,487.2071533203125,80242800,4.63,-0.0032471509764099293,0.8616290008407941,507.531999206543,511.3113983154297,0.13724505758199426,32.953450220142784,523.1699829101562,-0.04361866611632326,Below 50-day average
2024-05-02,504.1499938964844,505.8900146484375,499.5499877929688,505.0299987792969,491.7641906738281,62550200,4.58,0.009353437830903255,0.879041631964365,507.1299987792969,511.4677984619141,0.13696695782026874,44.0973541934134,523.1699829101562,-0.03467321276720603,Below 50-day average
2024-05-03,511.1600036621094,512.5499877929688,508.55999755859375,511.2900085449219,497.8597412109375,72756700,4.5,0.012395322615995186,0.9023329592014495,506.7729995727539,511.5435986328125,0.13923612038623326,56.95687126561645,523.1699829101562,-0.02270767580959343,Below 50-day average
2024-05-06,513.75,516.6099853515625,513.2999877929688,516.5700073242188,503.0011291503906,47264700,4.49,0.010326817835387025,0.9219780051333757,506.6655014038086,511.7179986572266,0.14458153527519427,62.18237221759402,523.1699829101562,-0.012615356005757139,Above 50-day average
2024-05-07,517.5599975585938,518.5700073242188,516.4500122070312,517.1400146484375,503.5561218261719,52561300,4.47,0.0011034464179817682,0.9240988048785799,506.5565017700195,511.9409991455078,0.14457517849712548,66.22973156943146,523.1699829101562,-0.01152582995717144,Above 50-day average
2024-05-08,515.260009765625,517.739990234375,515.1400146484375,517.1900024414062,503.6047973632813,42047200,4.48,9.666200942248793e-05,0.924284792135387,506.71000213623046,512.1461993408203,0.1398225686003141,67.62419954476249,523.1699829101562,-0.011430282057632746,Above 50-day average
2024-05-09,517.3800048828125,520.2100219726562,516.7100219726562,520.1699829101562,506.5065307617188,43643700,4.45,0.005761867891264316,0.9353722668928401,506.8185012817383,512.4243988037109,0.13874075705469963,75.65127682496797,523.1699829101562,-0.0057342739415444655,Above 50-day average
2024-05-10,521.8099975585938,522.6400146484375,519.5900268554688,520.8400268554688,507.1589660644531,52233200,4.5,0.0012881249732326072,0.9378652682423265,507.31800231933596,512.679599609375,0.1284320288543508,73.53992216183562,523.1699829101562,-0.004453535429779443,Above 50-day average
2024-05-13,522.5599975585938,522.6699829101562,519.739990234375,520.9099731445312,507.2270202636719,36716400,4.48,0.0001342951490974631,0.9381255141474558,508.14100036621096,512.8407995605469,0.11819951987478776,69.56409126797506,523.1699829101562,-0.004319838368886497,Above 50-day average
2024-05-14,521.1099853515625,523.8300170898438,520.5599975585938,523.2999877929688,509.5543823242188,57535900,4.45,0.004588152985457228,0.9470179305113824,509.1294998168945,513.0607995605469,0.11790331612196726,71.73752950712806,523.2999877929688,0.0,Above 50-day average
2024-05-15,525.8300170898438,530.0800170898438,525.1799926757812,529.780029296875,515.8641357421875,59504900,4.36,0.012383033929039389,0.9711279196053528,510.5910018920898,513.5128002929688,0.1195820354257794,78.75741240971915,529.780029296875,0.0,Above 50-day average
2024-05-16,529.8800048828125,531.52001953125,528.5399780273438,528.6900024414062,514.802734375,50244800,4.38,-0.002057508390634233,0.9670723073717513,512.0495025634766,513.8916003417969,0.11958191209886863,74.30404286834539,529.780029296875,-0.002057508390634233,Above 50-day average
2024-05-17,528.8099975585938,529.52001953125,527.3200073242188,529.4500122070312,515.542724609375,59187600,4.42,0.0014375338328991294,0.9699000403653573,513.7640029907227,514.1844006347657,0.11169008768879002,73.65209855549814,529.780029296875,-0.0006229322956581296,Above 50-day average
2024-05-20,529.5700073242188,531.5599975585938,529.1699829101562,530.0599975585938,516.1367797851562,37764200,4.44,0.0011521113183465825,0.9721695844978735,515.2810028076171,514.5512005615234,0.10975497200842635,91.88535895883501,530.0599975585938,0.0,Above 50-day average
2024-05-21,529.280029296875,531.52001953125,529.0700073242188,531.3599853515625,517.402587890625,33437000,4.41,0.0024525295229904653,0.9770063886281983,516.566502380371,514.9528002929687,0.10460494457070375,96.71580062359148,531.3599853515625,0.0,Above 50-day average
2024-05-22,530.6500244140625,531.3800048828125,527.5999755859375,529.8300170898438,515.9127807617188,48390000,4.43,-0.0028793441431358424,0.9713139068621597,517.7875030517578,515.2138000488281,0.10585378610076651,91.27831434112426,531.3599853515625,-0.0028793441431358424,Above 50-day average
2024-05-23,532.9600219726562,533.0700073242188,524.719970703125,525.9600219726562,512.14453125,57211200,4.47,-0.007304220207159928,0.9569149959890018,518.9110046386719,515.4136010742187,0.10924593453009197,76.5280590705657,531.3599853515625,-0.010162532986622064,Above 50-day average
2024-05-24,527.8499755859375,530.27001953125,526.8800048828125,529.4400024414062,515.5330810546875,41291100,4.46,0.006616435324681147,0.9698627974958616,519.970004272461,515.7034008789062,0.10717653045145224,74.89363108758377,531.3599853515625,-0.0036133374041816824,Above 50-day average
2024-05-28,530.27001953125,530.510009765625,527.1099853515625,529.8099975585938,515.893310546875,36269600,4.54,0.0006988423909817243,0.9712394211231696,520.9575042724609,516.1030010986328,0.10713215039462035,74.6978576986501,531.3599853515625,-0.002917020166551043,Above 50-day average
2024-05-29,525.6799926757812,527.3099975585938,525.3699951171875,526.0999755859375,512.28076171875,45190300,4.61,-0.007002551838871107,0.9574357148899284,522.1635025024414,516.3678009033204,0.09108612013835171,65.19954603667108,531.3599853515625,-0.009899145420490862,Above 50-day average
2024-05-30,524.52001953125,525.2000122070312,521.3300170898438,522.6099853515625,508.8824462890625,46377600,4.55,-0.0066337015706721125,0.9444506705135733,523.2765014648437,516.5058001708984,0.09457976655233877,54.091217039079275,531.3599853515625,-0.01646717901463879,Above 50-day average
2024-05-31,523.5900268554688,527.5,518.3599853515625,527.3699951171875,513.517333984375,90785800,4.51,0.009108149287317735,0.962161017502436,524.3935012817383,516.6436004638672,0.0943372509114188,59.6283890197829,531.3599853515625,-0.007509015252127216,Above 50-day average
2024-06-03,529.02001953125,529.3099975585938,522.5999755859375,527.7999877929688,513.93603515625,46835700,4.41,0.0008153529396106585,0.9637608712560461,525.2190002441406,516.7555999755859,0.08632644754056645,60.052539716463635,531.3599853515625,-0.006699784810175968,Above 50-day average
2024-06-04,526.4600219726562,529.1500244140625,524.9600219726562,528.3900146484375,514.5106811523438,34632700,4.33,0.0011178985773303562,0.9659561567402404,525.8100006103516,516.8991998291016,0.07993787231360377,57.83803800454521,531.3599853515625,-0.005589375912753325,Above 50-day average
2024-06-05,530.77001953125,534.6900024414062,528.72998046875,534.6699829101562,520.6256103515625,47610400,4.29,0.011885100186643571,0.9893217426256469,526.6864990234375,517.1971990966797,0.08856173923539291,57.576634494080885,534.6699829101562,0.0,Above 50-day average
2024-06-06,534.97998046875,535.4199829101562,532.6799926757812,534.6599731445312,520.6159057617188,30808500,4.28,-1.8721390661391446e-05,0.9892844997561521,527.5599975585938,517.5141986083985,0.08859009264226682,59.57034613397623,534.6699829101562,-1.8721390661391446e-05,Above 50-day average
2024-06-07,533.6599731445312,536.8900146484375,532.5399780273438,534.010009765625,519.9830932617188,43224500,4.43,-0.0012156574487586225,0.9868662112363233,528.2519989013672,517.7309991455078,0.08778164638249791,57.335928187222244,534.6699829101562,-0.0012343560806220566,Above 50-day average
2024-06-10,533.1799926757812,535.989990234375,532.5700073242188,535.6599731445312,521.589599609375,35686100,4.47,0.003089761144422054,0.9930051532549664,528.9929962158203,517.9827984619141,0.08800338653753267,58.71730653755235,535.6599731445312,0.0,Above 50-day average
2024-06-11,534.0700073242188,537.010009765625,532.0499877929688,536.9500122070312,522.8458862304688,36383400,4.39,0.0024083170801936227,0.9978049416064643,529.7949981689453,518.2785992431641,0.08793347119739989,58.70451577584781,536.9500122070312,0.0,Above 50-day average
2024-06-12,541.6300048828125,544.1199951171875,540.2999877929688,541.3599853515625,527.1399536132812,63251300,4.31,0.008213005017738695,1.0142129236163413,530.697998046875,518.728998413086,0.09050805312352114,66.47612402424664,541.3599853515625,0.0,Above 50-day average
2024-06-13,543.1500244140625,543.3300170898438,539.5900268554688,542.4500122070312,528.2012329101562,44760900,4.24,0.002013497275312748,1.0182685358499426,531.3314971923828,519.1897991943359,0.08131223623047192,75.59765636843223,542.4500122070312,0.0,Above 50-day average
2024-06-14,540.8800048828125,542.8099975585938,539.8499755859375,542.780029296875,528.5226440429688,40089900,4.2,0.0006083824913212244,1.0194964150899382,532.0359985351563,519.7839996337891,0.08044397807164233,72.95256017928291,542.780029296875,0.0,Above 50-day average
2024-06-17,542.0800170898438,548.530029296875,541.6099853515625,547.0999755859375,532.7291259765625,55839500,4.28,0.007958926371441244,1.0355694383650285,532.9184967041016,520.3573992919922,0.0838213459857306,76.18904101990441,547.0999755859375,0.0,Above 50-day average
2024-06-18,547.1599731445312,548.6199951171875,546.72998046875,548.489990234375,534.0825805664062,41376400,4.22,0.0025406958699802917,1.0407412012301407,533.8399963378906,520.9527996826172,0.08385594069698066,86.47777353507391,548.489990234375,0.0,Above 50-day average
2024-06-20,549.4400024414062,550.1199951171875,545.1799926757812,547.0,532.6317138671875,70328200,4.25,-0.002716531314889248,1.0351974638514143,534.6219970703125,521.5063995361328,0.08525571745377906,92.50621202580118,548.489990234375,-0.002716531314889248,Above 50-day average
2024-06-21,544.4000244140625,545.6500244140625,543.02001953125,544.510009765625,531.9176025390625,64338600,4.25,-0.004552084523537503,1.0259330729738734,535.3559967041016,522.1141998291016,0.08658271570395107,82.43767095438753,548.489990234375,-0.007256249958270566,Above 50-day average
2024-06-24,544.3300170898438,546.9500122070312,542.6199951171875,542.739990234375,530.1885986328125,45528700,4.25,-0.003250664817000981,1.0193474436119585,536.1949951171875,522.608999633789,0.0822779227200018,76.90927599770458,548.489990234375,-0.010483327138828824,Above 50-day average
2024-06-25,543.989990234375,545.2000122070312,542.4400024414062,544.8300170898438,532.2302856445312,37936200,4.23,0.0038508805193555595,1.0271237093443744,536.9644958496094,523.2885998535156,0.08060311430031702,78.09301306855517,548.489990234375,-0.006672816659730296,Above 50-day average
2024-06-26,543.6900024414062,546.239990234375,543.030029296875,545.510009765625,532.8946533203125,38550600,4.32,0.0012480822540090752,1.029653726472688,537.7494964599609,524.1097998046876,0.08055915987567823,72.90794412413419,548.489990234375,-0.005433062629778607,Above 50-day average
2024-06-27,545.3699951171875,546.9600219726562,544.6099853515625,546.3699951171875,533.7346801757812,35041500,4.29,0.0015764795075565718,1.0328534339799078,538.7629974365234,524.9665997314453,0.07408279653356202,73.88830368726825,548.489990234375,-0.0038651482341210963,Above 50-day average
2024-06-28,547.1599731445312,550.280029296875,542.9500122070312,544.219970703125,531.6343383789062,76144500,4.36,-0.003935107039692687,1.0248539381211899,539.8434967041015,525.8399993896485,0.07049096240789944,69.62698405248881,548.489990234375,-0.007785045501788268,Above 50-day average
2024-07-01,545.6300048828125,545.8800048828125,542.52001953125,545.3400268554688,532.728515625,40297800,4.48,0.00205809454382333,1.0290212789632762,540.7419982910156,526.7564001464843,0.06536743276888331,68.99531937930274,548.489990234375,-0.005742973317635625,Above 50-day average
2024-07-02,543.7000122070312,549.010009765625,543.6500244140625,549.010009765625,536.3136596679688,40434800,4.43,0.006729714910746587,1.0426760137185376,541.8024993896485,527.8334002685547,0.0676553266616336,71.64389353698799,549.010009765625,0.0,Above 50-day average
2024-07-03,548.6900024414062,551.8300170898438,548.6500244140625,551.4600219726562,538.7069702148438,32789900,4.36,0.004462600250361826,1.051791660208766,542.9559997558594,528.8682006835937,0.06812978229502412,69.49807586715589,551.4600219726562,0.0,Above 50-day average
2024-07-05,551.77001953125,555.0499877929688,551.1199951171875,554.6400146484375,541.8134155273438,41488400,4.28,0.005766497205737409,1.0636233110841151,543.9545013427735,529.8480010986328,0.059438746221106446,71.77559862970983,554.6400146484375,0.0,Above 50-day average
2024-07-08,555.4400024414062,556.25,554.1900024414062,555.280029296875,542.4385986328125,36110500,4.28,0.0011539280101222626,1.0660045838251162,544.9855041503906,530.8454016113282,0.05909667612553041,72.08476754919468,555.280029296875,0.0,Above 50-day average
2024-07-09,556.260009765625,557.1799926757812,555.52001953125,555.8200073242188,542.9661254882812,27289700,4.3,0.000972442729531453,1.0680136549618355,546.0760040283203,531.892001953125,0.05806787298060516,67.78140923041691,555.8200073242188,0.0,Above 50-day average
2024-07-10,557.0700073242188,561.6699829101562,556.77001953125,561.3200073242188,548.3389892578125,38701200,4.28,0.009895289711641775,1.0884772492053143,547.3590057373046,532.9532019042969,0.06442361356562304,72.40654479560838,561.3200073242188,0.0,Above 50-day average
2024-07-11,561.4400024414062,562.3300170898438,555.8300170898438,556.47998046875,543.6109008789062,53054200,4.2,-0.008622580332635743,1.0704691863511595,548.3355041503906,533.8816015625,0.07527649338710987,64.8216855420813,561.3200073242188,-0.008622580332635743,Above 50-day average
2024-07-12,557.6300048828125,563.6699829101562,557.1500244140625,559.989990234375,547.039794921875,53084400,4.18,0.006307522083127459,1.0835287164665042,549.2670043945312,535.0418011474609,0.07340353724793437,73.45442910145485,561.3200073242188,-0.002369445365369871,Above 50-day average
2024-07-15,562.030029296875,564.8400268554688,559.6300048828125,561.530029296875,548.5441284179688,40584300,4.23,0.002750118911688748,1.0892586681927052,550.2210052490234,536.2654016113281,0.0734913418788482,78.66945051834027,561.530029296875,0.0,Above 50-day average
2024-07-16,562.8699951171875,565.1599731445312,562.0999755859375,564.8599853515625,551.7969970703125,36475300,4.17,0.005930147776526118,1.101648280838476,551.3250030517578,537.4620013427734,0.07482017409031815,79.44711344331961,564.8599853515625,0.0,Above 50-day average
2024-07-17,558.7999877929688,560.510009765625,556.6099853515625,556.9400024414062,544.0602416992188,57119000,4.16,-0.014021143496696697,1.0721807687132539,551.8170043945313,538.3750012207031,0.09063491954876675,63.854516077006274,564.8599853515625,-0.014021143496696697,Above 50-day average
2024-07-18,558.510009765625,559.52001953125,550.4299926757812,552.6599731445312,539.879150390625,56270400,4.2,-0.007684901925006371,1.056256262734808,552.025503540039,539.0968005371094,0.0953367934180081,57.040478223740394,564.8599853515625,-0.021598294309054467,Above 50-day average
2024-07-19,552.4199829101562,554.0800170898438,547.9099731445312,548.989990234375,536.2940673828125,65509100,4.25,-0.0066405802636198,1.0426015279795466,552.1250030517579,539.7338000488281,0.09801581406071021,55.16346933975353,564.8599853515625,-0.028095449365757807,Above 50-day average
2024-07-22,553.0,555.27001953125,551.02001953125,554.6500244140625,541.8231811523438,43346700,4.26,0.01030990415193389,1.0636605539536093,552.6320037841797,540.4830004882813,0.1025516597543018,59.1760200490639,564.8599853515625,-0.018075206603890392,Above 50-day average
2024-07-23,554.5399780273438,556.739990234375,553.280029296875,553.780029296875,540.9734497070312,34439600,4.25,-0.0015685478750434578,1.0604236035768944,553.1840057373047,541.1552014160156,0.1018105067726649,54.976021474978545,564.8599853515625,-0.01961540265202444,Above 50-day average
2024-07-24,548.8599853515625,549.1699829101562,540.2899780273438,541.22998046875,528.7135620117188,74515300,4.28,-0.022662516096977336,1.0137292204942407,553.00400390625,541.5630004882812,0.13128821041804437,41.185571618643934,564.8599853515625,-0.04183338437065154,Below 50-day average
2024-07-25,541.3499755859375,547.4600219726562,537.4500122070312,538.4099731445312,525.958740234375,61158300,4.27,-0.005210367913795921,1.0032369503767042,552.6490020751953,541.9130004882812,0.13227683967363288,35.92854867404618,564.8599853515625,-0.046825784960797034,Below 50-day average
2024-07-26,542.280029296875,547.1900024414062,541.489990234375,544.4400024414062,531.8492431640625,53763800,4.2,0.011199698366761712,1.025672599978075,552.5525024414062,542.33580078125,0.13865466308203614,41.40500611221505,564.8599853515625,-0.036150521261383184,Above 50-day average
2024-07-29,546.02001953125,547.0499877929688,542.719970703125,544.760009765625,532.1619262695312,39515800,4.17,0.0005877733502015481,1.0268632363485755,552.5795043945312,542.635400390625,0.1379405894720307,41.19989549065487,564.8599853515625,-0.03558399622417496,Above 50-day average
2024-07-30,546.260009765625,547.3400268554688,538.52001953125,542.0,529.4657592773438,46853600,4.15,-0.005066469116946526,1.016594196357341,552.4125030517578,542.9016003417969,0.13890430683380237,33.92682503267555,564.8599853515625,-0.04047018012319403,Below 50-day average
2024-07-31,548.97998046875,553.5,547.5800170898438,550.8099975585938,538.0719604492188,65663400,4.09,0.01625460804168588,1.0493731445982681,552.5025024414062,543.3288000488282,0.14901751174319017,45.575174450451314,564.8599853515625,-0.02487339899678709,Above 50-day average
2024-08-01,552.5700073242188,554.8699951171875,539.4299926757812,543.010009765625,530.452392578125,76428700,3.99,-0.014160940846283387,1.0203520927256502,552.0800018310547,543.5878002929687,0.15643968071283829,37.58049020903348,564.8599853515625,-0.038682109111231044,Below 50-day average
2024-08-02,535.75,536.989990234375,528.5999755859375,532.9000244140625,520.576171875,82789100,3.8,-0.01861841433811906,0.982736340354398,550.9930023193359,543.6186010742188,0.16663233661175267,31.392184522326644,564.8599853515625,-0.0565803239144449,Below 50-day average
2024-08-05,511.6400146484375,523.5800170898438,510.2699890136719,517.3800048828125,505.41510009765625,146267400,3.78,-0.0291236982927795,0.9249917253837867,549.0980010986328,543.3696008300781,0.19190746683764548,23.36180541097316,564.8599853515625,-0.08405619392423236,Below 50-day average
2024-08-06,519.219970703125,529.75,517.8699951171875,522.1500244140625,510.0748596191406,84826300,3.9,0.00921956682947278,0.9427393152421446,547.414501953125,543.2934008789063,0.1966083248228577,29.766246490147566,564.8599853515625,-0.0756115887920753,Below 50-day average
2024-08-07,528.469970703125,531.5900268554688,518.0499877929688,518.6599731445312,506.6654357910156,70698300,3.96,-0.0066840009697359815,0.9297540437751219,545.2815002441406,543.0778002929687,0.19085778105872125,30.04230462771355,564.8599853515625,-0.08179020182900176,Below 50-day average
2024-08-08,523.9099731445312,531.2899780273438,521.8400268554688,530.6500244140625,518.3782348632812,63276600,3.99,0.023117363765007726,0.9743648699820662,543.9900024414062,543.0946008300781,0.2124223220278368,40.19255725539654,564.8599853515625,-0.06056361191208848,Below 50-day average
2024-08-09,529.8099975585938,534.510009765625,528.5599975585938,532.989990234375,520.6640625,45619600,3.94,0.004409621620005133,0.9830710719985176,542.6400024414063,543.2324011230469,0.21150858267225914,37.99068975412721,564.8599853515625,-0.05642105290455646,Below 50-day average
2024-08-12,534.2100219726562,535.72998046875,530.9500122070312,533.27001953125,520.9376220703125,42542100,3.9,0.000525393163109511,0.9841129639817059,541.227001953125,543.4456018066406,0.21093911468977844,38.55343135451539,564.8599853515625,-0.05592530297689835,Below 50-day average
2024-08-13,536.530029296875,542.280029296875,536.280029296875,542.0399780273438,529.5048828125,52333100,3.85,0.016445624495827982,1.016742940744653,540.0860015869141,543.7390014648438,0.2196325754950106,50.47197088297783,564.8599853515625,-0.04039940501364392,Below 50-day average
2024-08-14,542.8499755859375,544.9600219726562,540.1199951171875,543.75,531.1751708984375,42446900,3.83,0.0031547893918812964,1.0231053399802659,539.4265014648438,544.0580017089844,0.21555583566559022,53.15231309904613,564.8599853515625,-0.03737206723613795,Below 50-day average
2024-08-15,549.5,553.3599853515625,548.8800048828125,553.0700073242188,540.2797241210938,60846800,3.92,0.017140243354885065,1.0577818578400953,539.4470031738281,544.5516015625,0.22338243974610333,54.90396287535637,564.8599853515625,-0.020872390208355407,Above 50-day average
2024-08-16,551.4199829101562,555.02001953125,551.260009765625,554.3099975585938,541.4910278320312,44430700,3.89,0.0022420131591913695,1.0623954318441182,539.713003540039,544.9444018554688,0.2220320181997504,55.370586866368775,564.8599853515625,-0.018677173222674925,Above 50-day average
2024-08-19,554.72998046875,559.6099853515625,553.8599853515625,559.6099853515625,546.66845703125,39121800,3.86,0.009561414761256382,1.0821148499697002,539.9610015869141,545.4434020996093,0.2216122838964478,59.62819641758291,564.8599853515625,-0.009294338661168355,Above 50-day average
2024-08-20,559.1500244140625,560.8400268554688,557.3300170898438,558.7000122070312,545.779541015625,33732300,3.82,-0.0016260845380726696,1.0787291552056728,540.2070007324219,545.9372021484374,0.2216196322869423,54.721729525657395,564.8599853515625,-0.010905309818852404,Above 50-day average
2024-08-21,559.77001953125,562.1099853515625,554.72998046875,560.6199951171875,547.6550903320312,41514600,3.79,0.003436518468241667,1.0858727463380093,541.1765014648438,546.4364025878906,0.2040533680196035,61.33640748546615,564.8599853515625,-0.007506267649205256,Above 50-day average
2024-08-22,562.5599975585938,563.1799926757812,554.97998046875,556.219970703125,543.35693359375,56121500,3.86,-0.007848497114596786,1.0695017801069593,542.0670013427734,546.8218017578125,0.20547230835452962,66.20339034804249,564.8599853515625,-0.015295851843815877,Above 50-day average
2024-08-23,559.530029296875,563.0900268554688,557.2899780273438,562.1300048828125,549.1301879882812,50639400,3.81,0.010625354160183287,1.0914909694557253,542.9515014648438,547.2372021484375,0.20513025760522272,85.88607049720815,564.8599853515625,-0.004833021526654768,Above 50-day average
2024-08-26,563.1799926757812,563.9099731445312,559.0499877929688,560.7899780273438,547.8212280273438,35788600,3.82,-0.002383837980234005,1.0865051938474202,543.7529998779297,547.6040014648438,0.20561067939697067,82.79012624475966,564.8599853515625,-0.007205338366614189,Above 50-day average
2024-08-27,559.489990234375,562.0599975585938,558.3200073242188,561.5599975585938,548.5733642578125,32693900,3.83,0.0013730978823098816,1.0893701697105205,544.7309997558593,547.9796008300781,0.20413543867575135,88.16723176604233,564.8599853515625,-0.005842134119156794,Above 50-day average
2024-08-28,561.2100219726562,561.6500244140625,555.0399780273438,558.2999877929688,545.3887329101562,41066000,3.84,-0.005805274200081922,1.0772408029698792,545.1054992675781,548.2036010742188,0.19843279365873626,79.12359900173449,564.8599853515625,-0.011613493128763364,Above 50-day average
2024-08-29,560.3099975585938,563.6799926757812,557.1799926757812,558.3499755859375,545.4376220703125,38715200,3.87,8.953572284031708e-05,1.0774267902266867,545.8724975585938,548.40080078125,0.1905198239609599,78.06546613890278,564.8599853515625,-0.011524997228425149,Above 50-day average
2024-08-30,560.77001953125,564.2000122070312,557.1400146484375,563.6799926757812,550.6443481445312,62700100,3.91,0.009546014727143781,1.0972579369607538,547.4114959716796,548.7344006347656,0.17689012442509675,80.27070278467355,564.8599853515625,-0.0020890002945541664,Above 50-day average
2024-09-03,560.469970703125,560.8099975585938,549.510009765625,552.0800170898438,539.3126220703125,60600100,3.84,-0.020579008899841544,1.0540984472107753,549.1464965820312,548.88580078125,0.15798173365258647,59.46101392327018,564.8599853515625,-0.022625019638742194,Above 50-day average
2024-09-04,550.2000122070312,554.4299926757812,549.4600219726562,550.9500122070312,538.2088012695312,47224900,3.77,-0.0020468135919301522,1.0498940905898615,550.5864959716797,549.0500012207032,0.15744163180096937,56.85976230267971,564.8599853515625,-0.024625524032958035,Above 50-day average
2024-09-05,550.8900146484375,553.7999877929688,547.0999755859375,549.6099853515625,536.8997192382812,44264300,3.73,-0.0024322113182296823,1.0449083149815568,552.1339965820313,549.1456005859375,0.15476875622364564,46.11234019440699,564.8599853515625,-0.026997840872917456,Above 50-day average
2024-09-06,549.9400024414062,551.5999755859375,539.4400024414062,540.3599853515625,527.8636474609375,68493800,3.72,-0.01683011634892906,1.0104922701175245,552.6194946289063,549.0426000976563,0.15062212360297367,36.71682213117137,564.8599853515625,-0.04337358041878547,Below 50-day average
2024-09-09,544.6500244140625,547.7100219726562,542.6799926757812,546.4099731445312,533.7737426757812,40445800,3.7,0.011196217256969065,1.0330021783672172,553.290493774414,549.0433996582032,0.15456450496609309,37.60796595970952,564.8599853515625,-0.03266298319139771,Below 50-day average
2024-09-10,548.3599853515625,549.1500244140625,543.3800048828125,548.7899780273438,536.0986938476562,36394600,3.65,0.0043557127427886755,1.0418573518616485,554.0664916992188,549.1347998046875,0.15491106240360022,40.94645019839456,564.8599853515625,-0.028449541020713176,Below 50-day average
2024-09-11,548.7000122070312,555.3599853515625,539.9600219726562,554.4199829101562,541.5985717773438,75248600,3.65,0.010258942597767273,1.062804649227226,554.6854919433594,549.3163989257813,0.14840423316023632,44.69541495775904,564.8599853515625,-0.018482460631210285,Above 50-day average
2024-09-12,555.010009765625,559.4000244140625,552.739990234375,559.0900268554688,546.1605834960938,51819600,3.68,0.008423296578884854,1.0801802645719696,555.4524932861328,549.5179992675781,0.1505016393111002,52.444259164347486,564.8599853515625,-0.010214847299729657,Above 50-day average
2024-09-13,559.7100219726562,563.030029296875,559.4500122070312,562.010009765625,549.0130004882812,39310500,3.66,0.005222741901835137,1.0910445092031202,555.8994934082032,549.7289990234375,0.13955417846121057,49.89232329738268,564.8599853515625,-0.005045454908907621,Above 50-day average
2024-09-16,561.739990234375,563.1099853515625,559.9000244140625,562.8400268554688,549.8238525390625,36656100,3.63,0.0014768724318450221,1.094132715192523,556.3259948730469,549.8929992675781,0.13947855824105518,51.85658915585664,564.8599853515625,-0.0035760339703236887,Above 50-day average
2024-09-17,565.0999755859375,566.5800170898438,560.7899780273438,563.0700073242188,550.0484619140625,49321000,3.65,0.00040860716682655784,1.094988392828237,556.4989959716797,550.048798828125,0.1355831900121265,51.38102117416943,564.8599853515625,-0.0031688879966063066,Above 50-day average
2024-09-18,563.739990234375,568.6900024414062,560.8300170898438,561.4000244140625,548.4171142578125,59044900,3.7,-0.0029658530705484187,1.0887749650706038,556.6339965820313,550.1603991699219,0.13592424211099627,52.92015412866823,564.8599853515625,-0.00612534261095965,Above 50-day average
2024-09-19,571.010009765625,572.8800048828125,568.0800170898438,570.97998046875,557.7755737304688,75315500,3.73,0.01706440263283948,1.1244186620839636,557.1519958496094,550.3535986328125,0.14818217868882202,60.08625446236213,570.97998046875,0.0,Above 50-day average
2024-09-20,567.8400268554688,569.3099975585938,565.1699829101562,568.25,556.8113403320312,77503100,3.73,-0.004781219240837187,1.1142613507012142,557.7534973144532,550.5889990234375,0.14615066602128396,53.80770807249367,570.97998046875,-0.004781219240837187,Above 50-day average
2024-09-23,569.3400268554688,570.3300170898438,568.0999755859375,569.6699829101562,558.202880859375,44116900,3.75,0.0024988700574681832,1.119544615084144,558.1304962158204,550.7825988769531,0.14191938398364837,67.64999130343185,570.97998046875,-0.002294296828968201,Above 50-day average
2024-09-24,570.47998046875,571.3599853515625,567.5999755859375,571.2999877929688,559.7999877929688,46805700,3.74,0.0028613143253319873,1.1256092984544646,558.6559967041015,550.977998046875,0.14162649324984597,70.21656403179216,571.2999877929688,0.0,Above 50-day average
2024-09-25,571.1400146484375,571.8900146484375,568.9099731445312,570.0399780273438,558.5653076171875,38428600,3.79,-0.0022055133774685487,1.1209212387114516,559.0799957275391,551.0815979003906,0.14205932579451264,70.32837561262974,571.2999877929688,-0.0022055133774685487,Above 50-day average
2024-09-26,574.3800048828125,574.7100219726562,569.9000244140625,572.2999877929688,560.77978515625,48336000,3.79,0.003964651345061521,1.1293299519532782,559.779995727539,551.3887976074219,0.14026714359486236,86.91636649919367,572.2999877929688,0.0,Above 50-day average
2024-09-27,573.3900146484375,574.219970703125,570.4199829101562,571.469970703125,559.9664916992188,42100900,3.75,-0.0014503182029491635,1.1262417459638754,560.4359954833984,551.7649975585938,0.14054616436100484,82.93902738400666,572.2999877929688,-0.0014503182029491635,Above 50-day average
2024-09-30,570.4199829101562,574.3800048828125,568.0800170898438,573.760009765625,562.2103881835938,63557400,3.81,0.0040072780371684935,1.1347621878141871,560.9399963378906,552.2603979492187,0.13752617247204207,82.89858195836744,573.760009765625,0.0,Above 50-day average
2024-10-01,573.4000244140625,574.0599975585938,566.0,568.6199951171875,557.173828125,72668800,3.74,-0.0089584749040581,1.1156379743285214,561.7669952392578,552.5397973632812,0.11826709549670851,68.95355562978109,573.760009765625,-0.0089584749040581,Above 50-day average
2024-10-02,567.7100219726562,569.9000244140625,565.27001953125,568.8599853515625,557.4091186523438,38097800,3.79,0.00042205732551758857,1.1165308948337298,562.6624938964844,552.841396484375,0.11760698118374471,64.78953660911776,573.760009765625,-0.008540198568499191,Above 50-day average
2024-10-03,567.3599853515625,569.7999877929688,565.489990234375,567.8200073242188,556.3900756835938,40846500,3.85,-0.0018281792604923908,1.1126614969476032,563.5729949951171,553.3731970214844,0.11734974086540613,59.32584974165345,573.760009765625,-0.010352764815088289,Above 50-day average
2024-10-04,572.3499755859375,573.3599853515625,568.0999755859375,572.97998046875,561.446044921875,42939100,3.98,0.009087339434985742,1.1318599690815914,565.2039947509766,554.0645971679687,0.09759470914050253,64.28970777718334,573.760009765625,-0.0013595044680677626,Above 50-day average
2024-10-07,571.2999877929688,571.9600219726562,566.6300048828125,567.7999877929688,556.3704223632812,49964700,4.03,-0.009040442689714157,1.1125870112086136,566.2734954833984,554.531796875,0.10129009645224976,55.84960235747369,573.760009765625,-0.010387656635551967,Above 50-day average
2024-10-08,570.4199829101562,573.780029296875,569.530029296875,573.1699829101562,561.63232421875,37398700,4.04,0.009457547081078044,1.1325669023299931,567.4924957275391,555.0999963378906,0.10447210785418563,63.33556930949829,573.760009765625,-0.0010283513061667415,Above 50-day average
2024-10-09,573.1599731445312,577.7100219726562,572.5499877929688,577.1400146484375,565.5223999023438,37912200,4.06,0.006926447400689373,1.147338014807433,568.6284973144532,555.8027966308593,0.10169372468712076,57.995886625511794,577.1400146484375,0.0,Above 50-day average
2024-10-10,575.77001953125,577.5800170898438,574.489990234375,576.1300048828125,564.53271484375,44138100,4.09,-0.0017500255397128184,1.1435801184391239,569.4804962158203,556.3091967773438,0.0996004707811935,60.70651416743513,577.1400146484375,-0.0017500255397128184,Above 50-day average
2024-10-11,576.0499877929688,580.3300170898438,575.9099731445312,579.5800170898438,567.913330078125,42268000,4.08,0.005988252959907792,1.1564164184281664,570.3589965820313,557.0405969238282,0.10001403733339825,62.76077033348423,579.5800170898438,0.0,Above 50-day average
2024-10-14,581.219970703125,585.27001953125,580.72998046875,584.3200073242188,572.5578002929688,36217200,4.08,0.008178318945803564,1.1740522796780395,571.4329956054687,558.0689965820312,0.1027328302773671,65.52217432685339,584.3200073242188,0.0,Above 50-day average
2024-10-15,584.5900268554688,584.9000244140625,578.5399780273438,579.780029296875,568.1093139648438,54203600,4.03,-0.0077696775233381254,1.1571605945460628,572.2684967041016,559.3169970703125,0.10825466625192329,60.76962011648232,584.3200073242188,-0.0077696775233381254,Above 50-day average
2024-10-16,579.780029296875,582.8300170898438,578.9600219726562,582.2999877929688,570.5785522460938,30725400,4.02,0.00434640444437151,1.1665364869414208,573.3134948730469,560.5199963378906,0.1073750347998957,60.99384816894453,584.3200073242188,-0.0034570432398854933,Above 50-day average
2024-10-17,585.9099731445312,586.1199951171875,582.1599731445312,582.3499755859375,570.6275024414062,34393700,4.09,8.584543021927793e-05,1.1667224741982278,573.8819946289062,561.7937963867188,0.09115813460374349,62.17004112708981,584.3200073242188,-0.0033714945810303654,Above 50-day average
2024-10-18,584.0700073242188,585.3900146484375,582.5800170898438,584.5900268554688,572.8224487304688,37416800,4.08,0.0038465722734466468,1.1750569287917325,574.6989959716797,562.8725964355468,0.08901775575804184,62.127688658934176,584.5900268554688,0.0,Above 50-day average
2024-10-21,583.8499755859375,584.8499755859375,580.5999755859375,583.6300048828125,571.8817749023438,36439000,4.19,-0.0016422140791901851,1.1714850196802304,575.3969970703125,563.8853967285156,0.0895722889585001,68.54462642898079,584.5900268554688,-0.0016422140791901851,Above 50-day average
2024-10-22,581.0499877929688,584.5,580.3800048828125,583.3200073242188,571.5779418945312,34183800,4.2,-0.0005311542518380286,1.1703316261792245,575.997998046875,564.886396484375,0.08956046705792976,67.83427455597428,584.5900268554688,-0.002172496062037621,Above 50-day average
2024-10-23,581.260009765625,581.7100219726562,574.4199829101562,577.989990234375,566.3551635742188,49314600,4.24,-0.009137380893711078,1.1505004794451574,576.3954986572265,565.6053967285156,0.0960539924019668,61.34282738480181,584.5900268554688,-0.011290026031739897,Above 50-day average
2024-10-24,579.97998046875,580.0599975585938,576.5700073242188,579.239990234375,567.5801391601562,34979900,4.21,0.0021626672107126765,1.1551512963186754,576.7424987792969,566.3151965332031,0.09545531926766272,57.64907507674134,584.5900268554688,-0.00915177539013412,Above 50-day average
2024-10-25,581.510009765625,584.4600219726562,578.0800170898438,579.0399780273438,567.3842163085938,47268200,4.25,-0.00034530110213959464,1.154407120200779,577.1209991455078,566.8345959472656,0.095217733999428,65.63713186219732,584.5900268554688,-0.009493916374144984,Above 50-day average
2024-10-28,582.5800170898438,582.7100219726562,580.52001953125,580.8300170898438,569.13818359375,30174700,4.28,0.003091391148152267,1.161067235301684,577.4744995117187,567.3649963378906,0.09484743255155174,61.83561302783164,584.5900268554688,-0.006431874635033141,Above 50-day average
2024-10-29,579.8499755859375,582.9099731445312,578.4299926757812,581.77001953125,570.0592651367188,42899700,4.28,0.0016183778622804734,1.164564658674196,578.1320007324218,567.8081970214844,0.08783817874660413,57.892929679696344,584.5900268554688,-0.0048239059762748004,Above 50-day average
2024-10-30,581.2899780273438,583.3200073242188,579.2899780273438,580.010009765625,568.3345947265625,41435800,4.29,-0.0030252672130528513,1.1580162721817762,578.689501953125,568.2343969726562,0.08906522373170461,56.44945945068502,584.5900268554688,-0.007834579584738766,Above 50-day average
2024-10-31,575.5599975585938,575.6300048828125,568.4400024414062,568.6400146484375,557.1935424804688,60182500,4.28,-0.01960310154264744,1.1157124600675115,578.730502319336,568.3947973632812,0.11506711256923177,35.60528306614434,584.5900268554688,-0.027284099068242695,Above 50-day average
2024-11-01,571.3200073242188,575.5499877929688,570.6199951171875,571.0399780273438,559.5451049804688,45667500,4.37,0.004220532001058652,1.1246418922102648,578.6335021972657,568.6911975097656,0.11125768411090099,31.37967390895055,584.5900268554688,-0.023178720480421466,Above 50-day average
2024-11-04,571.1799926757812,572.5,567.8900146484375,569.8099975585938,558.3399047851562,38217000,4.31,-0.0021539305759273875,1.1200655610757368,578.7340026855469,568.8447973632813,0.10654132465616206,34.59038570024319,584.5900268554688,-0.025282725701595177,Above 50-day average
2024-11-05,570.739990234375,576.739990234375,570.52001953125,576.7000122070312,565.0912475585938,39478300,4.26,0.012091775640930225,1.1457009181843274,578.9105041503906,569.162998046875,0.10993405230942553,42.374780177586594,584.5900268554688,-0.01349666310743991,Above 50-day average
2024-11-06,589.2000122070312,591.9299926757812,585.3900146484375,591.0399780273438,579.142578125,68182000,4.42,0.024865554910313614,1.1990549621865503,579.605502319336,569.75259765625,0.1388500333657586,58.5179282296479,591.0399780273438,0.0,Above 50-day average
2024-11-07,593.0800170898438,596.6500244140625,593.0,595.6099853515625,583.62060546875,47233200,4.31,0.0077321458684938005,1.2160583759270116,580.5795013427735,570.4987976074219,0.1402264053736083,60.329914649231114,595.6099853515625,0.0,Above 50-day average
2024-11-08,596.1699829101562,599.6400146484375,596.1699829101562,598.1900024414062,586.148681640625,46444900,4.3,0.004331722357409529,1.2256577255393393,581.5100006103515,571.2955981445313,0.1396768804923123,63.245989572054434,598.1900024414062,0.0,Above 50-day average
2024-11-11,599.8099975585938,600.1699829101562,597.0,598.760009765625,586.7072143554688,37586800,4.3,0.0009528867448342915,1.2277785252845437,582.2320007324219,571.9971984863281,0.1375139678427181,63.9804360441018,598.760009765625,0.0,Above 50-day average
2024-11-12,598.6799926757812,599.2899780273438,594.3699951171875,596.9000244140625,584.8847045898438,43006100,4.43,-0.003106395419244068,1.2208581642785097,583.0880004882813,572.8935986328125,0.13441543636233164,68.27056442481884,598.760009765625,-0.003106395419244068,Above 50-day average
2024-11-13,597.3699951171875,599.22998046875,594.9600219726562,597.1900024414062,585.1688232421875,47388600,4.44,0.000485806693723001,1.2219370720405256,583.8325012207031,573.8183984375,0.13402533857035945,67.67082100071742,598.760009765625,-0.0026220978332092137,Above 50-day average
2024-11-14,597.3200073242188,597.8099975585938,592.6500244140625,593.3499755859375,581.4061279296875,38904100,4.43,-0.006430159312396544,1.207649662685185,584.3825012207031,574.6931982421875,0.13677395047239826,63.14532379586468,598.760009765625,-0.009035396638805593,Above 50-day average
2024-11-15,589.719970703125,590.2000122070312,583.8599853515625,585.75,573.9590454101562,75988800,4.43,-0.012808588351979733,1.1793727869304633,584.4404998779297,575.6009985351562,0.14467879842691747,54.083655953417065,598.760009765625,-0.02172825431464198,Above 50-day average
2024-11-18,586.219970703125,589.489990234375,585.3400268554688,588.1500244140625,576.310791015625,37001700,4.42,0.004097352819568911,1.1883024461638847,584.6665008544921,576.4357995605469,0.1451754927683635,55.17018633048833,598.760009765625,-0.01771992981915338,Above 50-day average
2024-11-19,584.7100219726562,591.0399780273438,584.030029296875,590.2999877929688,578.4175415039062,49412000,4.39,0.003655467635231613,1.196301714931935,585.0154998779296,577.2659997558594,0.1455697017523054,58.28635352473899,598.760009765625,-0.014129236813874346,Above 50-day average
2024-11-20,590.3800048828125,590.7899780273438,584.6300048828125,590.5,578.6134643554688,50032600,4.41,0.000338831460557909,1.1970458910498314,585.641000366211,577.9876000976562,0.14094531796840506,71.4650617544398,598.760009765625,-0.013795192783262578,Above 50-day average
2024-11-21,593.4000244140625,595.1199951171875,587.4500122070312,593.6699829101562,581.7196655273438,46750300,4.43,0.005368302980789608,1.208840299055686,586.3625,578.67919921875,0.1417204775282463,71.89014367897526,598.760009765625,-0.008500946577011947,Above 50-day average
2024-11-22,593.6599731445312,596.1500244140625,593.1500244140625,595.510009765625,583.5226440429688,38226400,4.41,0.003099410292649374,1.215686401413398,587.186001586914,579.34919921875,0.14172759115878897,74.56980707984637,598.760009765625,-0.005427884205680633,Above 50-day average
2024-11-25,599.52001953125,600.8599853515625,595.2000122070312,597.530029296875,585.5020141601562,42441400,4.27,0.003392083253218603,1.2232021941500166,588.0210021972656,580.0429992675781,0.14177803930331867,71.9586973502528,598.760009765625,-0.0020542127875765592,Above 50-day average
2024-11-26,598.7999877929688,601.3300170898438,598.0700073242188,600.6500244140625,588.5591430664062,45621300,4.3,0.005221486727384761,1.2348106148990636,588.9650024414062,580.794599609375,0.1424082047817826,63.26987096828568,600.6500244140625,0.0,Above 50-day average
2024-11-27,600.4600219726562,600.8499755859375,597.280029296875,598.8300170898438,586.7757568359375,34000200,4.25,-0.0030300628489846604,1.2280389982803412,589.9060028076171,581.5431994628906,0.14241028782697565,54.81175974856305,600.6500244140625,-0.0030300628489846604,Above 50-day average
2024-11-29,599.6599731445312,603.3499755859375,599.3800048828125,602.5499877929688,590.4208374023438,30177400,4.18,0.006212064520751737,1.2418797202924097,591.6015014648438,582.174599609375,0.1188841474233117,56.30056131215095,602.5499877929688,0.0,Above 50-day average
2024-12-02,602.969970703125,604.3200073242188,602.469970703125,603.6300048828125,591.4791259765625,31746000,4.19,0.0017924107737512518,1.2458980896565164,593.2310028076172,582.8821997070313,0.11884611917400736,56.93534199519507,603.6300048828125,0.0,Above 50-day average
2024-12-03,603.3900146484375,604.1599731445312,602.3400268554688,603.9099731445312,591.7535400390625,26906600,4.23,0.000463807728996235,1.2469397545490368,594.936001586914,583.5669995117188,0.11775555579951445,60.4532588217091,603.9099731445312,0.0,Above 50-day average
2024-12-04,605.6300048828125,607.9099731445312,604.9500122070312,607.6599731445312,595.427978515625,42787600,4.19,0.006209534809425099,1.2608922051695903,596.483999633789,584.29419921875,0.1134626484914577,64.15243777679508,607.6599731445312,0.0,Above 50-day average
2024-12-05,607.6599731445312,608.47998046875,606.2999877929688,606.6599731445312,594.4481201171875,28762200,4.17,-0.00164565718361398,1.2571715516707762,597.2649993896484,585.0265991210938,0.07810980330970708,69.48757222799112,607.6599731445312,-0.00164565718361398,Above 50-day average
2024-12-06,607.4400024414062,609.0700073242188,607.02001953125,607.8099975585938,595.5750122070312,31241500,4.15,0.0018956655539701384,1.26145039403068,597.875,585.7367993164063,0.07441169757319828,89.81947263004119,607.8099975585938,0.0,Above 50-day average
2024-12-09,607.6900024414062,607.8599853515625,604.0800170898438,604.6799926757812,592.5079345703125,34742700,4.2,-0.005149643631043976,1.249804730412138,598.1994995117187,586.4009997558594,0.0764073551225362,79.07135511821673,607.8099975585938,-0.005149643631043976,Above 50-day average
2024-12-10,605.3699951171875,605.7999877929688,602.1300048828125,602.7999877929688,590.6658935546875,37234500,4.22,-0.003109090602606557,1.242809883667114,598.401498413086,586.9817993164063,0.07747675493628163,72.19457533367724,607.8099975585938,-0.008242723525030526,Above 50-day average
2024-12-11,605.780029296875,608.4299926757812,605.5,607.4600219726562,595.2319946289062,28677700,4.26,0.007730647435394422,1.2601482561423625,598.9294982910156,587.7585998535156,0.08055738526207194,75.9963102047537,607.8099975585938,-0.0005757976791156416,Above 50-day average
2024-12-12,606.5800170898438,607.1599731445312,604.3300170898438,604.3300170898438,592.1650390625,31543800,4.32,-0.005152610492206833,1.2485025925238205,599.2864990234375,588.4680004882813,0.0833693280290309,66.35974312091601,607.8099975585938,-0.005725441310159618,Above 50-day average
2024-12-13,606.4000244140625,607.1300048828125,602.8099975585938,604.2100219726562,592.0474853515625,35904700,4.4,-0.00019855892276432474,1.2480561322712163,599.8295013427735,589.19580078125,0.07922369207819642,64.09591563474687,607.8099975585938,-0.0059228633954651055,Above 50-day average
2024-12-16,606.0,607.780029296875,605.2100219726562,606.7899780273438,594.5755004882812,43695200,4.39,0.004269965675617771,1.2576552547928763,600.8815002441406,589.8720007324218,0.06109365226258944,64.73576347407169,607.8099975585938,-0.0016781881432472723,Above 50-day average
2024-12-17,604.1900024414062,605.1699829101562,602.8900146484375,604.2899780273438,592.1258544921875,55773500,4.4,-0.004120041679210651,1.2483536210458408,601.6884979248047,590.6018005371094,0.06384838275982965,55.90901794791004,607.8099975585938,-0.005791315617362236,Above 50-day average
2024-12-18,603.97998046875,606.4099731445312,585.8900146484375,586.280029296875,574.4784545898438,108248700,4.5,-0.029803487374158943,1.1813448422883566,601.4875,590.8640014648438,0.12707070642926824,36.646087782169495,607.8099975585938,-0.03542220158963938,Below 50-day average
2024-12-19,591.3599853515625,593.0,585.8499755859375,586.0999755859375,574.302001953125,85919500,4.57,-0.0003071121340316729,1.1806749248187822,601.2674987792968,591.0432006835938,0.1270475953725673,31.070186898164735,607.8099975585938,-0.035718435135748794,Below 50-day average
2024-12-20,581.77001953125,595.75,580.9099731445312,591.1500244140625,581.199951171875,125716700,4.52,0.008616360754965635,1.1994644066603284,601.1415008544922,591.3436010742188,0.12948399117757012,36.841028149254115,607.8099975585938,-0.02740983730351554,Below 50-day average
2024-12-23,590.8900146484375,595.2999877929688,587.6599731445312,594.6900024414062,584.6802978515625,57635800,4.59,0.005988290418921238,1.2126354382934905,601.1005004882812,591.64580078125,0.13085340524500486,40.90374809415879,607.8099975585938,-0.021585684950703232,Above 50-day average
2024-12-24,596.0599975585938,601.3400268554688,595.469970703125,601.2999877929688,591.1790771484375,33160100,4.59,0.011115010046286677,1.2372289034188926,601.2889984130859,591.985400390625,0.13629542653375057,44.060533515731876,607.8099975585938,-0.010710600009499527,Above 50-day average
2024-12-26,599.5,602.47998046875,598.0800170898438,601.3400268554688,591.2184448242188,41219100,4.58,6.658749927290764e-05,1.2373778748968722,601.3234985351562,592.4166003417969,0.13507452196796485,44.941100813491325,607.8099975585938,-0.010644725702296909,Above 50-day average
2024-12-27,597.5399780273438,597.780029296875,590.760009765625,595.010009765625,584.9950561523438,64969300,4.62,-0.010526518786625139,1.213826074663991,601.1324981689453,592.67080078125,0.13990739817736422,38.9196917390243,607.8099975585938,-0.02105919258383837,Above 50-day average
2024-12-30,587.8900146484375,591.739990234375,584.4099731445312,588.219970703125,578.3192749023438,56578800,4.55,-0.01141163837760406,1.188562692069015,600.4159973144531,592.7882006835938,0.14300826536393005,36.600460893146916,607.8099975585938,-0.03223051107115138,Below 50-day average
2024-12-31,589.9099731445312,590.6400146484375,584.4199829101562,586.0800170898438,576.21533203125,57052700,4.58,-0.0036380159121820466,1.1806006661704602,599.5384979248047,592.8180004882812,0.1428183870849494,36.4462093519869,607.8099975585938,-0.035751271871198864,Below 50-day average
2025-01-02,589.3900146484375,591.1300048828125,580.5,584.6400146484375,574.799560546875,50204000,4.57,-0.0024570065510107764,1.175242916048541,598.575,592.8382006835938,0.14267950935903212,30.482382186845186,607.8099975585938,-0.038120437313015176,Below 50-day average
2025-01-03,587.530029296875,592.5999755859375,586.4299926757812,591.9500122070312,581.9865112304688,37888500,4.6,0.012503416419400448,1.2024408840412466,597.789501953125,593.01080078125,0.14885322835467896,40.11813379012252,607.8099975585938,-0.02609365659542906,Below 50-day average
2025-01-06,596.27001953125,599.7000122070312,593.5999755859375,595.3599853515625,585.3390502929688,47679400,4.62,0.005760576187535671,1.2151282125523095,597.2245025634766,593.3582006835937,0.15091046019935347,43.28830759574411,607.8099975585938,-0.02048339490472273,Above 50-day average
2025-01-07,597.4199829101562,597.75,586.780029296875,588.6300048828125,578.7223510742188,60393100,4.67,-0.011304052395755049,1.1900882871743028,596.2655029296875,593.5460009765625,0.154892535611146,37.04340131563477,607.8099975585938,-0.03155590193123181,Below 50-day average
2025-01-08,588.7000122070312,590.5800170898438,585.2000122070312,589.489990234375,579.56787109375,47304700,4.67,0.0014609947580461746,1.1932879946815227,595.5060028076172,593.7550012207031,0.15463576086616693,39.18761888879277,607.8099975585938,-0.030141010180492644,Below 50-day average
2025-01-10,585.8800048828125,585.9500122070312,578.5499877929688,580.489990234375,570.7193603515625,73105000,4.77,-0.015267434815002923,1.1598021131921943,594.3905029296875,593.7482006835937,0.16242599750542058,45.12869440547519,607.8099975585938,-0.044948269087306425,Below 50-day average
2025-01-13,575.77001953125,581.75,575.3499755859375,581.3900146484375,571.604248046875,47910100,4.79,0.0015504563889190415,1.1631507921773938,593.0870025634765,593.7406005859375,0.1590455796148484,46.084822089948425,607.8099975585938,-0.04346750302936453,Below 50-day average
2025-01-14,584.3599853515625,585.0,578.3499755859375,582.1900024414062,572.3907470703125,48420600,4.78,0.0013759916283606621,1.1661272695583116,591.9800018310547,593.7842004394531,0.15909523325107403,41.98566382600056,607.8099975585938,-0.04215132232127805,Below 50-day average
2025-01-15,590.3300170898438,593.9400024414062,589.2000122070312,592.780029296875,582.802490234375,56900200,4.66,0.018189984044830076,1.2055290900306486,591.4085021972656,594.2670007324218,0.17424392678408618,48.48294457970104,607.8099975585938,-0.024728070156940563,Below 50-day average
2025-01-16,594.1699829101562,594.3499755859375,590.9299926757812,591.6400146484375,581.6817626953125,43319700,4.61,-0.0019231664227786771,1.2012874905402402,590.6510040283204,594.6790014648437,0.17319180842473986,41.59710667234402,607.8099975585938,-0.02660368038549321,Below 50-day average
2025-01-17,596.9600219726562,599.3599853515625,595.6099853515625,597.5800170898438,587.5216674804688,58070600,4.61,0.010039892999691435,1.2233881814068237,590.3155059814453,595.2344018554687,0.1772777676152521,47.03375711900217,607.8099975585938,-0.01683088549027001,Above 50-day average
2025-01-21,600.6699829101562,603.0599975585938,598.6699829101562,603.0499877929688,592.8995971679688,42532900,4.57,0.00915353684308795,1.2437400470418174,591.15400390625,595.7614013671875,0.1423603362769962,56.429929114433186,607.8099975585938,-0.007831410777619063,Above 50-day average
2025-01-22,605.9199829101562,607.8200073242188,605.3599853515625,606.4400024414062,596.232666015625,48196000,4.6,0.005621448830210873,1.2563531169045579,592.1710052490234,596.0694018554688,0.14294442429194568,65.40938096531048,607.8099975585938,-0.002253985822362914,Above 50-day average
2025-01-23,605.7999877929688,609.75,605.52001953125,609.75,599.48681640625,41152100,4.65,0.005458079192118603,1.2686684709020066,593.1010040283203,596.3522021484375,0.14136189687943906,69.63011406259017,609.75,0.0,Above 50-day average
2025-01-24,609.8099975585938,610.780029296875,606.7999877929688,607.969970703125,597.7368774414062,34604700,4.63,-0.0029192772396473554,1.2620455986705967,593.7650024414063,596.5478015136719,0.14122027233702977,69.23961254809424,609.75,-0.0029192772396473554,Above 50-day average
2025-01-27,594.8099975585938,599.6900024414062,594.6400146484375,599.3699951171875,589.2815551757812,70361100,4.53,-0.01414539533258774,1.230048069417061,593.6685028076172,596.5600012207032,0.14594794361733776,55.991589920916475,609.75,-0.017023378241594944,Above 50-day average
2025-01-28,600.6199951171875,605.3699951171875,597.25,604.52001953125,594.3449096679688,44433300,4.55,0.008592396109277312,1.2492095257722218,593.8275024414063,596.7124011230469,0.14919456309875817,57.19449360789871,609.75,-0.008577253741287372,Above 50-day average
2025-01-29,603.719970703125,604.1300048828125,599.219970703125,601.8099975585938,591.680419921875,37177400,4.55,-0.0044829317228528565,1.2391264730377944,594.1675018310547,596.8048010253906,0.14485396929649189,61.04961095765922,609.75,-0.013021734221248416,Above 50-day average
2025-01-30,603.9600219726562,606.5999755859375,600.719970703125,605.0399780273438,594.8560791015625,39281300,4.52,0.005367110021191612,1.251144111169951,595.0085021972657,597.0386010742187,0.13849285763622443,62.538276115605434,609.75,-0.007724513280289003,Above 50-day average
2025-01-31,607.5,609.9600219726562,601.0499877929688,601.8200073242188,591.6904296875,66566900,4.58,-0.00532191395620385,1.2391637159072895,595.7955017089844,597.3600012207031,0.13943861374329042,68.9667449279421,609.75,-0.013005318041461655,Above 50-day average
2025-02-03,592.6699829101562,600.2899780273438,590.489990234375,597.77001953125,587.7085571289062,65857200,4.54,-0.006729566554251942,1.2240951146552255,596.452001953125,597.5524011230468,0.14179575892459972,63.7925257122652,609.75,-0.019647364442394455,Above 50-day average
2025-02-04,597.8300170898438,602.2999877929688,597.280029296875,601.780029296875,591.6510620117188,33457800,4.52,0.006708281838506247,1.2390149715199774,596.9435028076172,597.782001953125,0.1370538219294349,65.64947950949559,609.75,-0.013070882661951666,Above 50-day average
2025-02-05,600.6400146484375,604.3699951171875,598.5800170898438,604.219970703125,594.0499267578125,30653100,4.43,0.004054540342757651,1.2480931480500437,597.3865020751953,598.0564013671875,0.13637673703363384,60.5069376552788,609.75,-0.00906933874026239,Above 50-day average
2025-02-06,605.989990234375,606.4500122070312,602.6300048828125,606.3200073242188,596.1146240234375,35771500,4.45,0.003475616038725038,1.2559066566519541,598.2710021972656,598.3094018554688,0.12890212788578115,63.24909962067837,609.75,-0.005625244240723637,Above 50-day average
2025-02-07,606.8900146484375,608.1300048828125,600.0499877929688,600.77001953125,590.6581420898438,50788500,4.49,-0.009153562023232031,1.2352570751516683,598.8350036621093,598.4146020507812,0.13435032343435757,52.899477744504225,609.75,-0.014727315241902406,Above 50-day average
2025-02-10,604.030029296875,605.5,602.739990234375,604.8499755859375,594.6693115234375,26048700,4.51,0.0067912111491030824,1.2504371779215497,600.0530029296875,598.5610009765625,0.12113108533091033,51.67846886030764,609.75,-0.008036120400266467,Above 50-day average
2025-02-11,602.5499877929688,605.8599853515625,602.4299926757812,605.3099975585938,595.12158203125,30056700,4.54,0.000760555495121995,1.252148760283645,601.2490020751953,598.6542004394531,0.1212097552223074,48.885375627329914,609.75,-0.0072816768206744875,Above 50-day average
2025-02-12,599.2000122070312,604.5499877929688,598.510009765625,603.3599853515625,593.2044067382812,45076100,4.62,-0.0032215099947072723,1.2448934405428238,602.3075012207031,598.7447998046875,0.12263685513891225,43.52319041055551,609.75,-0.010479728820725676,Above 50-day average
2025-02-13,604.47998046875,609.9400024414062,603.2000122070312,609.72998046875,599.4671630859375,40921300,4.52,0.010557536581541571,1.2685939851630175,603.1549987792969,598.8883996582031,0.11161839499771121,51.632058898105555,609.75,-3.283235957363129e-05,Above 50-day average
2025-02-14,609.9400024414062,610.989990234375,609.0700073242188,609.7000122070312,599.437744140625,26910400,4.47,-4.9150054415414424e-05,1.2684824836452004,604.0579986572266,599.0097998046875,0.11106764645011172,61.389235450792924,609.75,-8.19808002767708e-05,Above 50-day average
2025-02-18,610.8800048828125,611.489990234375,608.3800048828125,611.489990234375,601.197509765625,26749000,4.55,0.0029358340027980656,1.2751423716554378,604.7534973144532,599.1614001464844,0.10662019406960992,58.29958631436038,611.489990234375,0.0,Above 50-day average
2025-02-19,610.0800170898438,613.22998046875,609.5599975585938,612.9299926757812,602.61328125,31011100,4.53,0.0023549076262954216,1.280500121777357,605.2474975585938,599.2668005371094,0.10252297154721723,63.654268729558694,612.9299926757812,0.0,Above 50-day average
2025-02-20,611.5399780273438,611.6799926757812,607.02001953125,610.3800048828125,600.1062622070312,36554000,4.5,-0.00416032470826988,1.2710125007735145,605.4444976806641,599.341201171875,0.10234261872195441,56.66838919350684,612.9299926757812,-0.00416032470826988,Above 50-day average
2025-02-21,610.1599731445312,610.2999877929688,599.469970703125,599.9400024414062,589.8419799804688,76519800,4.42,-0.017104102948802602,1.2321688691622668,604.9539978027344,599.1838012695313,0.1175887239426997,48.01099306992326,612.9299926757812,-0.02119326903496177,Above 50-day average
2025-02-24,602.02001953125,603.030029296875,596.489990234375,597.2100219726562,587.157958984375,50737200,4.4,-0.004550422471648163,1.2220115577795174,604.4160003662109,599.0344018554688,0.11812282028896785,49.3905104300771,612.9299926757812,-0.02564725317894556,Below 50-day average
2025-02-25,597.1500244140625,597.8900146484375,589.5599975585938,594.239990234375,584.2379150390625,58266500,4.3,-0.004973177992678157,1.2109610988008916,604.1595001220703,598.8632019042968,0.10854537781266459,41.603501712794305,612.9299926757812,-0.0304928828165415,Below 50-day average
2025-02-26,595.9299926757812,599.5800170898438,591.8599853515625,594.5399780273438,584.5328369140625,43321600,4.25,0.0005048259926943022,1.2120772494324021,603.660498046875,598.6048010253907,0.10332224045880645,38.68100528277325,612.9299926757812,-0.03000345042368513,Below 50-day average
2025-02-27,596.8499755859375,598.02001953125,584.6500244140625,585.0499877929688,575.2025756835938,74196700,4.29,-0.01596190430433686,1.1767682840631615,602.8224975585938,598.2192004394532,0.11598958661526747,28.793558374794316,612.9299926757812,-0.04548644252355927,Below 50-day average
2025-02-28,585.5599975585938,594.719970703125,582.4400024414062,594.1799926757812,584.1790161132812,88744100,4.24,0.015605512474676564,1.2107378686745895,602.2794982910157,598.0185998535156,0.1288734663575829,43.867451389338534,612.9299926757812,-0.03059076929511284,Below 50-day average
2025-03-03,596.1799926757812,597.3400268554688,579.9000244140625,583.77001953125,573.9441528320312,74249200,4.16,-0.017519898469909534,1.1720059656718265,601.3769989013672,597.5582006835938,0.141146686428872,32.45090048799722,612.9299926757812,-0.0475747205928555,Below 50-day average
2025-03-04,579.7100219726562,585.3900146484375,572.25,576.8599853515625,567.1505126953125,109648200,4.22,-0.011836911709231068,1.1462961228242459,600.3314971923828,597.0096008300782,0.1447817577697951,28.612213097378273,612.9299926757812,-0.05884849453483754,Below 50-day average
2025-03-05,576.6900024414062,584.8800048828125,573.0800170898438,583.0599975585938,573.2461547851562,71230500,4.28,0.010747863198125485,1.1693642199350278,599.3954956054688,596.9452001953125,0.14856832997882738,35.65573593736387,612.9299926757812,-0.048733126905388224,Below 50-day average
2025-03-06,575.47998046875,580.1699829101562,570.1199951171875,572.7100219726562,563.0703125,80094900,4.29,-0.017751133038238276,1.1308555470585673,597.8199981689453,596.6774011230468,0.15757326419824932,25.23414934109897,612.9299926757812,-0.06561919172455954,Below 50-day average
2025-03-07,570.9000244140625,577.3900146484375,565.6300048828125,575.9199829101562,566.2263793945312,81158800,4.32,0.005604862520902865,1.1427986994517338,596.2999969482422,596.3728002929688,0.15884320444555444,28.323881438776795,612.9299926757812,-0.060382115752005694,Below 50-day average
2025-03-10,567.5900268554688,569.5399780273438,555.5900268554688,560.5800170898438,551.1444702148438,99326600,4.22,-0.02663558528182819,1.0857240019506968,594.2904968261719,595.6906005859375,0.17932583668445612,22.171190870674337,612.9299926757812,-0.08540938804022402,Below 50-day average
2025-03-11,559.4000244140625,564.02001953125,552.02001953125,555.9199829101562,546.56298828125,88102100,4.28,-0.008312879584754462,1.0683856294754484,591.8439971923829,594.7830004882812,0.17592911314088372,19.896480598169404,612.9299926757812,-0.09301226966679266,Below 50-day average
2025-03-12,562.1699829101562,563.1099853515625,553.6900024414062,558.8699951171875,549.4632568359375,69588200,4.32,0.005306541044969082,1.079361602715084,589.5219970703125,593.9335998535156,0.1783357235889989,22.91511816138346,612.9299926757812,-0.08819930204849613,Below 50-day average
2025-03-13,558.489990234375,559.1099853515625,549.6799926757812,551.4199829101562,542.1386108398438,74079400,4.27,-0.01333049237232553,1.0516426887307841,586.9249969482422,593.0617993164062,0.18139224891002817,23.659048646556656,612.9299926757812,-0.10035405429761968,Below 50-day average
2025-03-14,556.1099853515625,563.8300170898438,551.489990234375,562.8099975585938,553.3369750976562,62660300,4.31,0.020655788693630495,1.0940209865840393,584.5789978027344,592.5535998535156,0.19545409862720553,32.92972356092491,612.9299926757812,-0.08177115774411003,Below 50-day average
2025-03-17,562.7899780273438,569.7100219726562,562.3499755859375,567.1500244140625,557.60400390625,49008700,4.31,0.007711353519474162,1.1101687226887869,582.4514984130859,592.175,0.19939585651822878,36.737508799986614,612.9299926757812,-0.07469037052969729,Below 50-day average
2025-03-18,564.7999877929688,565.02001953125,559.0599975585938,561.02001953125,551.5771484375,66041400,4.29,-0.010808436249554187,1.087361098573802,579.9279998779297,591.7026000976563,0.19944816809994495,34.475754133977674,612.9299926757812,-0.08469152067092567,Below 50-day average
2025-03-19,562.8300170898438,570.9500122070312,561.6300048828125,567.1300048828125,557.5842895507812,66556000,4.25,0.010890850841058342,1.1100942369497968,577.6380004882812,591.2061999511719,0.2053946968395495,41.43240582244247,612.9299926757812,-0.07472303254899682,Below 50-day average
2025-03-20,563.3300170898438,570.5700073242188,562.5999755859375,565.489990234375,555.9718017578125,62958200,4.24,-0.0028917790177164227,1.1039923107099812,575.3934997558594,590.6088000488281,0.20541420137008745,35.225051753196496,612.9299926757812,-0.07739872906904777,Below 50-day average
2025-03-21,559.280029296875,564.8900146484375,558.030029296875,563.97998046875,556.1552734375,83763000,4.25,-0.0026702678945725866,1.0983740875922647,573.5954986572266,590.1157995605469,0.19924942603320864,38.77989294805337,612.9299926757812,-0.07986232162230655,Below 50-day average
2025-03-24,570.7999877929688,575.1500244140625,570.2000122070312,574.0800170898438,566.1151733398438,58766800,4.34,0.017908502022889516,1.13595282418469,572.438998413086,589.8076000976563,0.21245837263528033,48.4788978680458,612.9299926757812,-0.06338403414774285,Below 50-day average
2025-03-25,575.2999877929688,576.4099731445312,573.6900024414062,575.4600219726562,567.4760131835938,38355700,4.31,0.0024038545877420603,1.1410873441803067,571.5,589.7070007324219,0.212651121887173,45.609998589761666,612.9299926757812,-0.06113254556127634,Below 50-day average
2025-03-26,575.1900024414062,576.3300170898438,567.1900024414062,568.5900268554688,560.701416015625,51848300,4.35,-0.011938266525687413,1.1155264728107062,570.2025024414063,589.4510009765625,0.21564640632509566,47.52046747537438,612.9299926757812,-0.07234099546465955,Below 50-day average
2025-03-27,567.1799926757812,570.9000244140625,564.9400024414062,567.0800170898438,559.2122802734375,42164200,4.38,-0.0026557092004866334,1.1099082496929897,569.30400390625,589.1488012695313,0.20941828938497778,44.56871956871957,612.9299926757812,-0.07480458801791834,Below 50-day average
2025-03-28,565.530029296875,566.27001953125,555.0700073242188,555.6599731445312,547.9506225585938,71662700,4.27,-0.020138328985595644,1.06741822323125,567.3780029296875,588.4064001464844,0.2091849920281553,46.82414735388951,612.9299926757812,-0.09343647760037721,Below 50-day average
2025-03-31,549.8300170898438,560.7100219726562,546.8699951171875,559.3900146484375,551.6289672851562,95328200,4.23,0.0067128130226792315,1.081296415203481,566.1590026855469,587.7614001464843,0.20492191231736942,52.26709924705173,612.9299926757812,-0.08735088618132703,Below 50-day average
2025-04-01,557.4500122070312,562.9400024414062,553.6799926757812,560.969970703125,553.1869506835938,54609600,4.17,0.0028244266313557365,1.087174884226327,565.364501953125,587.02919921875,0.20222688429043803,51.39700054570969,612.9299926757812,-0.08477317571917431,Below 50-day average
2025-04-02,555.0499877929688,567.4199829101562,554.8099975585938,564.52001953125,556.6878051757812,76014500,4.2,0.006328411525621025,1.1003833858196517,564.4375030517579,586.2585998535156,0.19931701505967683,59.191693211377554,612.9299926757812,-0.07898124373583792,Below 50-day average
2025-04-03,545.1099853515625,547.969970703125,536.7000122070312,536.7000122070312,529.2537841796875,125986000,4.06,-0.04928081620084812,0.9968747782317584,562.6370025634766,584.8638000488281,0.2565389822893846,35.11236737114362,612.9299926757812,-0.12436979978082585,Below 50-day average
2025-04-04,523.6699829101562,525.8699951171875,505.05999755859375,505.2799987792969,498.2696838378906,217965100,4.01,-0.058542971330535654,0.8799717953390669,559.1050033569336,582.774400024414,0.3206579079582797,23.046121438878913,612.9299926757812,-0.17563179348840818,Below 50-day average
2025-04-07,489.1900024414063,523.1699829101562,481.7999877929688,504.3800048828125,497.3821716308594,256611400,4.15,-0.0017811785518102585,0.8766232298992007,556.295002746582,580.7026007080078,0.3117902064575564,24.146461871749466,612.9299926757812,-0.1771001404566409,Below 50-day average
2025-04-08,521.8599853515625,524.97998046875,489.1600036621094,496.4800109863281,489.591796875,165816600,4.26,-0.0156627816725603,0.8472300899676346,553.3230041503906,578.6448010253906,0.31388535416549274,18.270059184768257,612.9299926757812,-0.189989041295049,Below 50-day average
2025-04-09,493.4400024414063,548.6199951171875,493.0499877929688,548.6199951171875,541.0084228515625,241867300,4.34,0.10501930183911301,1.0412249043522377,552.8105041503907,577.5268005371094,0.5022418781763757,44.78774621194263,612.9299926757812,-0.1049222559298244,Below 50-day average
2025-04-10,532.1699829101562,533.5,509.3200073242188,524.5800170898438,517.3019409179688,162331200,4.4,-0.04381899719533322,0.9517804759933826,551.468505859375,575.9822009277344,0.5237999168063381,39.31440105728879,612.9299926757812,-0.14414366508684062,Below 50-day average
2025-04-11,523.010009765625,536.4299926757812,520.0700073242188,533.9400024414062,526.5320434570312,97866300,4.48,0.017842817199724692,0.9866057382405242,550.0250061035156,574.5602014160156,0.5222801177139702,39.06981745634186,612.9299926757812,-0.12887277695375887,Below 50-day average
2025-04-14,544.0499877929688,544.280029296875,533.8599853515625,539.1199951171875,531.6401977539062,68034000,4.38,0.009701450822369617,1.005878696113502,548.6235046386719,573.306201171875,0.522824835574229,40.30519199267917,612.9299926757812,-0.12042157903934825,Below 50-day average
2025-04-15,539.6699829101562,543.22998046875,536.8099975585938,537.6099853515625,530.151123046875,56892900,4.35,-0.0028008788011967267,1.0002604729957856,547.4530029296875,572.1030004882813,0.5218128409860566,41.491807224714975,612.9299926757812,-0.12288517159260703,Below 50-day average
2025-04-16,531.6799926757812,537.8900146484375,520.2899780273438,525.6599731445312,518.3668823242188,83484800,4.29,-0.02222803246337901,0.9557986182668214,545.3795013427734,570.5805993652343,0.5245106827086149,39.2415504383274,612.9299926757812,-0.1423817084725577,Below 50-day average
2025-04-17,527.6400146484375,531.1699829101562,523.9099731445312,526.4099731445312,519.1064453125,79868100,4.34,0.001426777837987947,0.9585891083909319,543.4255004882813,569.0243994140625,0.5247773910894702,41.95677356573438,612.9299926757812,-0.14115807770075317,Below 50-day average
2025-04-21,521.1599731445312,521.7000122070312,508.4599914550781,513.8800048828125,506.7503356933594,69368100,4.42,-0.023802680232045126,0.9119694381379362,540.9205017089844,567.1755993652343,0.5299014369123641,38.0632578368709,612.9299926757812,-0.16160081734711707,Below 50-day average
2025-04-22,520.1400146484375,529.2999877929688,519.1900024414062,527.25,519.9348754882812,75948100,4.41,0.02601773758493775,0.9617145572498298,538.5790008544922,565.7051989746094,0.5351294238460548,41.67079005285473,612.9299926757812,-0.13978756742142817,Below 50-day average
2025-04-23,540.4299926757812,545.4299926757812,533.8800048828125,535.4199829101562,527.991455078125,90590700,4.4,0.015495463082325855,0.9921122327497558,536.5769989013672,564.3165991210938,0.5391189044140031,42.972360826875764,612.9299926757812,-0.12645817742944931,Below 50-day average
2025-04-24,536.719970703125,547.4299926757812,535.4500122070312,546.6900024414062,539.1051635742188,64150400,4.32,0.02104893334386637,1.0340440703504061,535.4819976806641,563.14419921875,0.5446051543455283,52.622183302910265,612.9299926757812,-0.10807105383308213,Below 50-day average
2025-04-25,546.6500244140625,551.0499877929688,543.6900024414062,550.6400146484375,543.0004272460938,61119600,4.29,0.00722532365580375,1.0487406970888564,534.6599975585938,562.0897998046875,0.545435329095442,63.91241439976547,612.9299926757812,-0.10162657851904633,Below 50-day average
2025-04-28,551.3900146484375,553.5499877929688,545.02001953125,550.8499755859375,543.2073974609375,47613800,4.23,0.00038130345037501456,1.0495218889855802,534.4194976806641,560.9121997070313,0.5406890245164349,64.31343582694174,612.9299926757812,-0.10128402563371042,Below 50-day average
2025-04-29,548.9099731445312,555.4500122070312,548.5499877929688,554.3200073242188,546.6293334960938,47775100,4.19,0.006299413437552026,1.0624326747136128,534.1659973144531,559.804599609375,0.5406240070686037,68.31539611504687,612.9299926757812,-0.09562264214824479,Below 50-day average
2025-04-30,547.5700073242188,556.52001953125,541.52001953125,554.5399780273438,546.84619140625,93101500,4.17,0.000396829809890642,1.0632511094798316,533.8444976806641,558.6655993652344,0.5405295026952291,52.792973867972066,612.9299926757812,-0.09526375825325906,Below 50-day average
2025-05-01,560.3699951171875,564.0700073242188,557.8599853515625,558.469970703125,550.7216796875,63186100,4.25,0.007086942026725218,1.0778732504792918,533.5419952392579,557.5763989257813,0.5406546643075022,69.7333059443753,612.9299926757812,-0.08885194495852267,Above 50-day average
2025-05-02,564.72998046875,568.3800048828125,562.3800048828125,566.760009765625,558.8966674804688,60717300,4.33,0.014844198430334021,1.1087176133224896,535.0449951171875,556.7039990234375,0.5101863987540565,69.35142219851832,612.9299926757812,-0.07532668243007412,Above 50-day average
2025-05-05,562.5700073242188,566.6500244140625,561.7000122070312,563.510009765625,555.6918334960938,38659200,4.36,-0.005734349537724115,1.096625489451343,537.9564956665039,555.9753991699218,0.45708566752934493,64.71582966425139,612.9299926757812,-0.08062908244122702,Above 50-day average
2025-05-06,557.9299926757812,563.3499755859375,556.9600219726562,558.7999877929688,551.0471801757812,48264700,4.3,-0.008358364343191038,1.0791011297192874,540.6774948120117,555.2071984863281,0.4591333204698438,62.30974825038949,612.9299926757812,-0.08831351953671718,Above 50-day average
2025-05-07,560.1500244140625,563.8200073242188,556.0399780273438,561.1500244140625,553.3645629882812,55588000,4.26,0.0042055058561747405,1.0878448016959013,543.9109954833984,554.5453991699219,0.45234250741206916,73.20520239287724,612.9299926757812,-0.08447941670413339,Above 50-day average
2025-05-08,565.239990234375,570.3099975585938,561.7000122070312,565.0599975585938,557.2202758789062,65130800,4.37,0.0069677857514378605,1.1023924569563714,544.7329956054688,553.9557995605469,0.2637051593022788,74.26850561603118,612.9299926757812,-0.07810026542869652,Above 50-day average
2025-05-09,566.47998046875,567.5,562.760009765625,564.3400268554688,556.51025390625,37603400,4.37,-0.0012741491279434358,1.0997136954407458,546.72099609375,553.5416003417969,0.20267736968453218,87.20142769332672,612.9299926757812,-0.07927490317155172,Above 50-day average
2025-05-12,581.469970703125,583.0,577.0399780273438,582.989990234375,574.9014892578125,78993600,4.45,0.03304738719814848,1.1691037469392316,549.1734954833985,553.3178002929687,0.22289034416257414,88.12586104686599,612.9299926757812,-0.04884734439360916,Above 50-day average
2025-05-13,583.4099731445312,589.0800170898438,582.8400268554688,586.8400268554688,578.6981201171875,67947200,4.49,0.006603949785734642,1.1834283991640673,551.5594970703125,553.3792004394531,0.22220125623292084,87.38006836502522,612.9299926757812,-0.042565980017416405,Above 50-day average
2025-05-14,587.8099975585938,588.97998046875,585.5399780273438,587.5900268554688,579.437744140625,66283500,4.53,0.0012780314322096142,1.186218889288178,554.0584991455078,553.5938012695312,0.2209301545181833,85.10128523716334,612.9299926757812,-0.041342349245611865,Above 50-day average
2025-05-15,585.5599975585938,590.969970703125,585.0999755859375,590.4600219726562,582.2678833007812,71268100,4.45,0.004884349607746863,1.1968971466625216,557.2985015869141,553.7418017578125,0.19701829779725857,84.81987795102029,612.9299926757812,-0.0366599301251862,Above 50-day average
2025-05-16,591.25,594.5,589.280029296875,594.2000122070312,585.9560546875,76052100,4.43,0.00633402786844095,1.2108123544135805,560.6880035400391,554.1716015625,0.1963086439907002,85.7025374168194,612.9299926757812,-0.030558107275813318,Above 50-day average
2025-05-19,588.0999755859375,595.5399780273438,588.0999755859375,594.8499755859375,586.5969848632812,68168500,4.46,0.0010938461217664397,1.213230642933409,564.7365020751953,554.5502014160156,0.162995755152784,85.00604658665702,612.9299926757812,-0.029497687021179053,Above 50-day average
2025-05-20,593.0900268554688,594.0499877929688,589.5999755859375,592.8499755859375,584.6246948242188,60614500,4.48,-0.0033621922872737464,1.2057893359357803,568.0165008544922,555.1956005859375,0.151420089592973,82.10156572046975,612.9299926757812,-0.032760702412657716,Above 50-day average
2025-05-21,588.4400024414062,592.5800170898438,581.8200073242188,582.8599853515625,574.7733154296875,95197700,4.58,-0.016850789652983478,1.1686200438171324,570.3885009765625,555.7344006347656,0.16702671376527134,68.55318872339635,612.9299926757812,-0.049059448360401436,Above 50-day average
2025-05-22,582.6599731445312,586.6199951171875,581.4099731445312,583.0900268554688,575.000244140625,70860400,4.54,0.00039467712604679406,1.1694759485435138,572.2085021972656,556.2188012695312,0.15524131525801652,64.1581601604462,612.9299926757812,-0.048684133876438995,Above 50-day average
2025-05-23,575.97998046875,581.8099975585938,575.5999755859375,579.1099853515625,571.0753173828125,76029000,4.51,-0.006825775301577575,1.1546675931965789,573.6320007324218,556.7726013183594,0.15847545735782398,63.35613789759057,612.9299926757812,-0.05517760221942403,Above 50-day average
2025-05-27,586.0700073242188,591.3099975585938,578.4299926757812,591.1500244140625,582.9483032226562,72588500,4.43,0.02079059136787431,1.1994644066603302,575.6470031738281,557.3394018554687,0.17081451052759067,74.60825817306934,612.9299926757812,-0.03553418583195289,Above 50-day average
2025-05-28,591.5599975585938,592.77001953125,586.989990234375,587.72998046875,579.5757446289062,68445500,4.47,-0.005785407771406903,1.1867396081891046,577.3175018310546,557.7510009765625,0.17363623936278375,69.89516214507351,612.9299926757812,-0.041114013848497,Above 50-day average
2025-05-29,593.0599975585938,593.2000122070312,586.0700073242188,590.0499877929688,581.8635864257812,69973300,4.43,0.003947403401760141,1.1953715515572338,579.0930023193359,558.3316003417968,0.17339102766200634,69.16113972081669,612.9299926757812,-0.03732890404486244,Above 50-day average
2025-05-30,588.9299926757812,591.1300048828125,583.239990234375,589.3900146484375,581.2127685546875,90601200,4.41,-0.0011185037847383228,1.1929160201679103,580.6390045166015,558.7768005371094,0.17337535318086664,69.22483111130681,612.9299926757812,-0.038405655309146525,Above 50-day average
2025-06-02,587.760009765625,592.7899780273438,585.0599975585938,592.7100219726562,584.4866943359375,61630500,4.46,0.005632954820585345,1.205268617034854,581.9365051269531,559.321201171875,0.16785109219651287,59.755124942879235,612.9299926757812,-0.03298903780977258,Above 50-day average
2025-06-03,592.3400268554688,597.0800170898438,591.8499755859375,596.0900268554688,587.81982421875,63606200,4.46,0.005702628195088044,1.2178444440281,583.5655059814453,559.9634020996094,0.16548901600535057,59.37181529450178,612.9299926757812,-0.027474533831827408,Above 50-day average
2025-06-04,596.9600219726562,597.9500122070312,595.489990234375,595.9299926757812,587.6620483398438,57314200,4.37,-0.0002684731709600152,1.2172490122975157,585.422006225586,560.4004016113281,0.16063211062248822,58.5520337069369,612.9299926757812,-0.027735630827568913,Above 50-day average
2025-06-05,597.6300048828125,599.0,591.0499877929688,593.0499877929688,584.8218994140625,92278700,4.4,-0.004832790626766448,1.206533512053677,587.0170043945312,560.7522009277344,0.16311855571785402,52.65527814279457,612.9299926757812,-0.03243438095764439,Above 50-day average
2025-06-06,598.6599731445312,600.8300170898438,596.8599853515625,599.1400146484375,590.8275756835938,66588700,4.51,0.010268994150278488,1.2291923917813499,588.7210052490234,561.3632006835937,0.16464620206160496,54.83175393079602,612.9299926757812,-0.022498455275687834,Above 50-day average
2025-06-09,599.719970703125,601.25,598.489990234375,599.6799926757812,591.3599243164062,53016400,4.49,0.0009012551559597348,1.2312014629180692,590.488003540039,562.0152001953124,0.16408027591773416,54.7343646612448,612.9299926757812,-0.021617476968546323,Above 50-day average
2025-06-10,600.219970703125,603.469970703125,599.0900268554688,603.0800170898438,594.7127685546875,66247000,4.47,0.005669731282665458,1.2438517756503047,591.4925048828125,562.9636010742188,0.12087969423449452,59.759586998319534,612.9299926757812,-0.016070310971301738,Above 50-day average
2025-06-11,604.1900024414062,605.0599975585938,599.27001953125,601.3599853515625,593.0166015625,73658200,4.41,-0.0028520788113346462,1.237452133545197,592.2185028076171,563.8030004882812,0.12047498977413391,70.95592607239551,612.9299926757812,-0.018876555989223553,Above 50-day average
2025-06-12,600.010009765625,603.75,599.52001953125,603.75,595.3734741210938,64129000,4.36,0.003974349319302073,1.2463445499091232,593.0265014648437,564.6586010742187,0.12086282653468006,72.31087435389404,612.9299926757812,-0.01497722869736795,Above 50-day average
2025-06-13,598.5,601.8499755859375,595.47998046875,597.0,588.7171020507812,89506000,4.41,-0.011180124223602483,1.221230138792127,593.3535003662109,565.3082006835938,0.12793851262952133,68.22900470915437,612.9299926757812,-0.02598990564360859,Above 50-day average
2025-06-16,600.4000244140625,604.4500122070312,600.219970703125,602.6799926757812,594.3184204101562,79984100,4.46,0.00951422558757331,1.242363423414512,593.7774993896485,566.6278002929688,0.13031098938188107,63.497927155336875,612.9299926757812,-0.016722953881328273,Above 50-day average
2025-06-17,600.2100219726562,601.75,596.760009765625,597.530029296875,589.2398071289062,82209400,4.39,-0.008545104270081039,1.2232021941500193,593.9115020751954,568.4728009033203,0.13439242591823625,61.02614179803491,612.9299926757812,-0.025125158766789668,Above 50-day average
2025-06-18,598.4400024414062,601.219970703125,596.469970703125,597.4400024414062,589.1510620117188,76605000,4.38,-0.00015066498929716676,1.2228672354152321,594.1410034179687,570.3340008544922,0.13372662009610606,58.753849935653655,612.9299926757812,-0.025272038274310127,Above 50-day average
2025-06-20,598.3800048828125,599.4600219726562,592.8599853515625,594.280029296875,587.7673950195312,94051400,4.38,-0.005289189092826385,1.2111100702788726,594.7120056152344,572.2900012207032,0.11945934664124674,55.46858149154301,612.9299926757812,-0.030427558777942565,Above 50-day average
2025-06-23,595.0399780273438,600.5399780273438,591.8900146484375,600.1500244140625,593.572998046875,87426000,4.34,0.00987749011881256,1.232950288149659,595.5650054931641,573.3206018066406,0.12349880360082464,57.87134076964106,612.9299926757812,-0.02085061657029874,Above 50-day average
2025-06-24,604.3300170898438,607.8499755859375,603.4099731445312,606.780029296875,600.1304321289062,67735300,4.3,0.011047245877038092,1.2576182390140516,596.9485076904297,574.9646020507812,0.12386743385513961,60.5820505415337,612.9299926757812,-0.010033712581200671,Above 50-day average
2025-06-25,607.9099731445312,608.6099853515625,605.5399780273438,607.1199951171875,600.4666748046875,62114800,4.29,0.0005602785258216336,1.2588831340328746,597.7470062255859,576.4282019042969,0.10301543233786888,61.03768189234261,612.9299926757812,-0.009479055729072483,Above 50-day average
2025-06-26,608.989990234375,612.3099975585938,608.3699951171875,611.8699951171875,605.16455078125,78548400,4.26,0.007823824018649228,1.2765562381522426,598.9540069580078,577.8832019042969,0.10182631572520126,67.90335635312601,612.9299926757812,-0.0017293941743106167,Above 50-day average
2025-06-27,612.8800048828125,616.3900146484375,610.8300170898438,614.9099731445312,608.1713256835938,86258400,4.29,0.004968339764334306,1.287866943035998,600.1970062255859,579.4292016601562,0.10214472673220085,65.92605011766939,614.9099731445312,0.0,Above 50-day average
2025-06-30,617.3800048828125,619.219970703125,615.0399780273438,617.8499755859375,611.0790405273438,92502500,4.24,0.004781191670012452,1.2988056734061386,601.620004272461,581.2730017089843,0.10183679228464632,67.50143740160118,617.8499755859375,0.0,Above 50-day average
2025-07-01,616.3599853515625,618.8300170898438,615.52001953125,617.6500244140625,610.88134765625,70030100,4.26,-0.00032362414789344207,1.2980617243789099,602.8670043945312,583.097802734375,0.10150781413503233,64.9558994715956,617.8499755859375,-0.00032362414789344207,Above 50-day average
2025-07-02,617.239990234375,620.489990234375,616.6099853515625,620.4500122070312,613.650634765625,66510400,4.3,0.004533291803274775,1.3084795087574563,604.0850036621093,585.2292028808594,0.10103846410412502,69.17059859737643,620.4500122070312,0.0,Above 50-day average
2025-07-03,622.4500122070312,626.280029296875,622.4299926757812,625.3400268554688,618.4869995117188,51065800,4.35,0.00788139987465386,1.3266735588684182,605.5555053710938,587.1910034179688,0.10271361939907782,70.64456524149749,625.3400268554688,0.0,Above 50-day average
2025-07-07,623.3599853515625,624.030029296875,617.8699951171875,620.6799926757812,613.8780517578125,74814500,4.4,-0.007452000479036269,1.3093351863931697,606.9370056152344,588.8962036132813,0.10555201740527087,73.58570169306059,625.3400268554688,-0.007452000479036269,Above 50-day average
2025-07-08,621.3499755859375,622.1099853515625,619.52001953125,620.3400268554688,613.5418090820312,59024600,4.42,-0.0005477312372305088,1.3080702913743467,607.9970062255859,590.3692041015624,0.10163192428784673,69.68355773731129,625.3400268554688,-0.00799565002282454,Above 50-day average
2025-07-09,622.77001953125,624.719970703125,620.9099731445312,624.0599975585938,617.2210083007812,66113300,4.34,0.005996663994070728,1.3219110133864156,609.2160064697266,591.8376037597657,0.1026653181926155,80.54345763855218,625.3400268554688,-0.002046933255354877,Above 50-day average
2025-07-10,624.2000122070312,626.8699951171875,623.010009765625,625.8200073242188,618.9617919921875,57529000,4.35,0.002820257303000284,1.3284593998788354,610.3530059814453,593.3370043945313,0.10181443615238936,81.46352224068771,625.8200073242188,0.0,Above 50-day average
2025-07-11,622.739990234375,624.8599853515625,621.530029296875,623.6199951171875,616.7858276367188,63670200,4.43,-0.0035154072757080934,1.3202739167633104,611.4660064697266,594.7230041503906,0.10224893657088939,83.23520301774919,625.8200073242188,-0.0035154072757080934,Above 50-day average
2025-07-14,623.1599731445312,625.1599731445312,621.7999877929688,624.8099975585938,617.9627685546875,51898500,4.43,0.0019082172648787754,1.3247015035105258,612.5190063476563,596.1284045410156,0.10193913323604964,81.2468774699889,625.8200073242188,-0.0016138981716858902,Above 50-day average
2025-07-15,627.52001953125,627.8599853515625,622.0599975585938,622.1400146484375,615.3220825195312,74317300,4.5,-0.004273271747553764,1.3147674222540786,613.7760070800781,597.4018054199219,0.09287821710455106,71.63385657548613,625.8200073242188,-0.005880273293779159,Above 50-day average
2025-07-16,623.739990234375,624.72998046875,618.0499877929688,624.219970703125,617.3792724609375,88987500,4.46,0.0033432282214846953,1.3225062180263318,614.8530059814453,598.5510046386719,0.08882215899714388,72.95923217370496,625.8200073242188,-0.0025567041679203095,Above 50-day average
2025-07-17,624.4000244140625,628.4000244140625,624.1799926757812,628.0399780273438,621.1574096679688,68885700,4.47,0.006119649327969823,1.3367191416426825,616.3785034179688,599.8416040039062,0.08115176912387971,72.26664604698934,628.0399780273438,0.0,Above 50-day average
2025-07-18,629.2999877929688,629.469970703125,626.4600219726562,627.5800170898438,620.7024536132812,65621600,4.44,-0.0007323752525193461,1.3350077863712553,617.8855041503906,601.2172045898437,0.08143008645254111,68.78164413803087,628.0399780273438,-0.0007323752525193461,Above 50-day average
2025-07-21,628.77001953125,631.5399780273438,628.3400268554688,628.77001953125,621.87939453125,63375000,4.38,0.0018961764380651669,1.3394353731184712,619.6100036621094,602.5696044921875,0.0761660303972039,67.07331503670142,628.77001953125,0.0,Above 50-day average
2025-07-22,629.0999755859375,629.72998046875,626.1900024414062,628.8599853515625,621.9683837890625,60046300,4.35,0.00014308223598114012,1.3397701047625903,621.0455017089844,603.8456042480469,0.07195062223285768,67.58708125541025,628.8599853515625,0.0,Above 50-day average
2025-07-23,631.5499877929688,634.2100219726562,629.72998046875,634.2100219726562,627.2598876953125,70511000,4.4,0.008507516372031176,1.359675737235647,622.4170013427735,605.2430041503907,0.06835321274075828,69.98843840435794,634.2100219726562,0.0,Above 50-day average
2025-07-24,634.5999755859375,636.1500244140625,633.989990234375,634.4199829101562,627.4674682617188,71307100,4.43,0.0003310590028946514,1.3604569291323707,623.7820007324219,606.2716040039063,0.06843191631155654,65.26562929700488,634.4199829101562,0.0,Above 50-day average
2025-07-25,635.0900268554688,637.5800170898438,634.8400268554688,637.0999755859375,630.1181640625,56865400,4.4,0.004224319453948855,1.370428253258313,625.0434997558593,607.2768029785157,0.06565216408953155,79.57508184610514,637.0999755859375,0.0,Above 50-day average
2025-07-28,637.47998046875,638.0399780273438,635.5399780273438,636.9400024414062,629.9598388671875,54917100,4.42,-0.0002510958258695739,1.3698330486183967,626.1450012207031,608.2638024902344,0.06516679500993307,80.09440810148097,637.0999755859375,-0.0002510958258695739,Above 50-day average
2025-07-29,638.3499755859375,638.6699829101562,634.3400268554688,635.260009765625,628.29833984375,60556300,4.34,-0.002637599568784843,1.3635823779912686,627.0155029296875,609.1598022460937,0.06593573200364061,71.92653753778872,637.0999755859375,-0.002888033104412324,Above 50-day average
2025-07-30,635.9199829101562,637.6799926757812,631.5399780273438,634.4600219726562,627.5070190429688,80418900,4.38,-0.0012593076546151272,1.3606059006103508,627.8560028076172,609.9650024414062,0.06634227767813551,67.57541294609601,637.0999755859375,-0.00414370383683238,Above 50-day average
2025-07-31,639.4600219726562,639.8499755859375,630.77001953125,632.0800170898438,625.1531372070312,103385200,4.37,-0.003751229077306739,1.3517507271159195,628.4375030517579,610.7096032714844,0.06757899314256614,67.08417043619735,637.0999755859375,-0.00787938893181861,Above 50-day average
2025-08-01,626.2999877929688,626.3400268554688,619.2899780273438,621.719970703125,614.9066162109375,140103600,4.23,-0.01639040328219421,1.3132045842792959,628.2565002441406,611.2870031738281,0.08671284009526026,45.44645057536602,637.0999755859375,-0.02414064585180309,Above 50-day average
2025-08-04,625.6699829101562,631.219970703125,625.5800170898438,631.1699829101562,624.2530517578125,73218000,4.22,0.01519978873502148,1.3483648052612245,628.7809997558594,612.253203125,0.0983483413502639,61.09062940879262,637.0999755859375,-0.009307789833655988,Above 50-day average
2025-08-05,631.7899780273438,632.6099853515625,627.0399780273438,627.969970703125,621.088134765625,68051400,4.22,-0.0050699689365404366,1.3364586686468853,629.1624969482422,613.1508020019531,0.1004914556226131,54.482433587902094,637.0999755859375,-0.014330568564871915,Above 50-day average
2025-08-06,629.0499877929688,633.4400024414062,628.1300048828125,632.780029296875,625.845458984375,64357500,4.22,0.007659695237280717,1.354355229983223,629.5984985351563,614.2242028808594,0.10183371312195355,55.53485574353266,637.0999755859375,-0.00678064111537513,Above 50-day average
2025-08-07,636.239990234375,636.97998046875,629.1099853515625,632.25,625.3212890625,74205800,4.23,-0.0008376201402309214,1.3523831746253312,629.9199981689453,615.0462023925782,0.10165769326153873,55.44412994815793,637.0999755859375,-0.007612581654044215,Above 50-day average
2025-08-08,634.0599975585938,637.6500244140625,633.739990234375,637.1799926757812,630.1972045898438,64051600,4.27,0.007797536853746623,1.3707259691236056,630.597998046875,616.0352026367187,0.10359856464166739,59.017758155570704,637.1799926757812,0.0,Above 50-day average
2025-08-11,637.4600219726562,638.9500122070312,634.6599731445312,635.9199829101562,628.9509887695312,58742300,4.27,-0.0019774785462639555,1.366037909380593,631.1534973144531,616.9526025390625,0.10411160192501863,57.38491771126352,637.1799926757812,-0.0019774785462639555,Above 50-day average
2025-08-12,638.2899780273438,642.8499755859375,636.7899780273438,642.6900024414062,635.6469116210938,64730800,4.29,0.010646024206171889,1.391226806236579,632.1809967041015,618.0186022949218,0.10768302396067395,58.61434831887027,642.6900024414062,0.0,Above 50-day average
2025-08-13,644.9099731445312,646.1900024414062,642.6799926757812,644.8900146484375,637.82275390625,60092800,4.24,0.0034231312120525104,1.399412289352104,633.2144989013672,619.0622021484374,0.10770007928741113,60.222615005238204,644.8900146484375,0.0,Above 50-day average
2025-08-14,642.7899780273438,645.6199951171875,642.3400268554688,644.9500122070312,637.882080078125,59327500,4.29,9.303533506632711e-05,1.399635519478406,634.0600006103516,620.0394018554688,0.10650226075508588,58.07780671045508,644.9500122070312,0.0,Above 50-day average
2025-08-15,645.989990234375,646.0900268554688,642.52001953125,643.4400024414062,636.3886108398438,68592500,4.33,-0.002341281862229483,1.3940172963606896,634.8529998779297,620.9896020507813,0.10707124038472382,56.50778519224659,644.9500122070312,-0.002341281862229483,Above 50-day average
2025-08-18,642.8599853515625,644.0,642.1799926757812,643.2999877929688,636.2501220703125,43804900,4.34,-0.00021760326977848798,1.3934963503690954,635.5794982910156,621.9946020507813,0.1071702057914899,58.305726813360586,644.9500122070312,-0.0025583756614192543,Above 50-day average
2025-08-19,643.1199951171875,644.1099853515625,638.47998046875,639.8099975585938,632.7984008789062,69750700,4.3,-0.005425136484688009,1.3805113059927403,636.1269989013672,622.8080017089844,0.10966766344910493,55.23581287885485,644.9500122070312,-0.007969632608964994,Above 50-day average
2025-08-20,639.4000244140625,639.6599731445312,632.9500122070312,638.1099853515625,631.1170043945312,88890300,4.29,-0.0026570578976855552,1.3741861496266226,636.3219970703125,623.5766015625,0.10649158362463254,55.98089889953155,644.9500122070312,-0.010605514731385268,Above 50-day average
2025-08-21,636.280029296875,637.969970703125,633.8099975585938,635.5499877929688,628.5850830078125,54805800,4.33,-0.004011843753210287,1.3646612857532845,636.3784973144532,624.2260009765625,0.10759992680255329,66.22854073410923,644.9500122070312,-0.014574810816570749,Above 50-day average
2025-08-22,637.760009765625,646.5,637.25,645.3099975585938,638.2380981445312,84083200,4.26,0.015356793254796441,1.4009749002362186,636.7889984130859,625.1050012207031,0.11980828547927341,66.47246033867839,645.3099975585938,0.0,Above 50-day average
2025-08-25,644.0399780273438,645.2899780273438,642.3499755859375,642.469970703125,635.4292602539062,51274300,4.28,-0.0044010272058598865,1.3904081443796925,637.0654968261719,625.8794006347656,0.12112858412755262,67.0347021250355,645.3099975585938,-0.0044010272058598865,Above 50-day average
2025-08-26,642.2000122070312,645.510009765625,641.5700073242188,645.1599731445312,638.0897827148438,51581600,4.26,0.004186969919329098,1.4004167113751294,637.5604949951172,626.8426000976563,0.12123625369103924,65.30651054754887,645.3099975585938,-0.00023248425505584258,Above 50-day average
2025-08-27,644.5700073242188,647.3699951171875,644.4199829101562,646.6300048828125,639.543701171875,48341100,4.24,0.0022785538462906096,1.4058861901055333,638.168994140625,627.7216003417968,0.12108909934184141,67.3754963331819,646.6300048828125,0.0,Above 50-day average
2025-08-28,647.239990234375,649.47998046875,645.3400268554688,648.9199829101562,641.80859375,61519500,4.22,0.003541403909580021,1.4144064048651774,639.0109924316406,628.7493994140625,0.12007417392440102,65.15224083766334,648.9199829101562,0.0,Above 50-day average
2025-08-29,647.469970703125,647.8400268554688,643.1400146484375,645.0499877929688,637.9810180664062,74522200,4.23,-0.0059637477949624484,1.4000074939920197,640.1774932861329,629.7015991210938,0.1043215687829072,61.03988309617996,648.9199829101562,-0.0059637477949624484,Above 50-day average
2025-09-02,637.5,640.489990234375,634.9199829101562,640.27001953125,633.2533569335938,81983500,4.28,-0.007410229210411012,1.3822228883548346,640.6324951171875,630.6213989257812,0.09657120893297107,46.92583834076371,648.9199829101562,-0.013329784267259726,Above 50-day average
2025-09-03,642.6699829101562,644.2100219726562,640.4600219726562,643.739990234375,636.6853637695312,70820900,4.22,0.005419542688669621,1.3951334469921997,641.42099609375,631.4931982421875,0.09538117369785283,48.58475969006222,648.9199829101562,-0.007982482913457156,Above 50-day average
2025-09-04,644.4199829101562,649.1500244140625,643.510009765625,649.1199951171875,642.00634765625,65219200,4.17,0.008357419089116691,1.4151505809830742,642.2379943847657,632.3399975585937,0.09603221009925877,54.53752100365945,649.1199951171875,0.0,Above 50-day average
2025-09-05,651.47998046875,652.2100219726562,643.3300170898438,647.239990234375,640.1469116210938,85178900,4.1,-0.002896236284437803,1.4081557342380502,642.9874938964844,633.1423974609374,0.09691193746450336,54.10188600184212,649.1199951171875,-0.002896236284437803,Above 50-day average
2025-09-08,648.6199951171875,649.8400268554688,647.22998046875,648.8300170898438,641.7196044921875,63133100,4.05,0.002456626412859597,1.4140716732210588,643.5699951171875,633.8815979003906,0.09388936752055722,55.78817985751229,649.1199951171875,-0.0004467248421324843,Above 50-day average
2025-09-09,648.969970703125,650.8599853515625,647.219970703125,650.3300170898438,643.2031860351562,66133900,4.08,0.002311853583358836,1.4196526534692797,644.2904968261719,634.5899987792968,0.09336502566928537,61.489747486867714,650.3300170898438,0.0,Above 50-day average
2025-09-10,653.6199951171875,654.5499877929688,650.6300048828125,652.2100219726562,645.0625,78034500,4.04,0.0028908474672986184,1.4266475002143038,644.7664978027344,635.2771997070313,0.0867106675135063,65.33945809412637,652.2100219726562,0.0,Above 50-day average
2025-09-11,654.1799926757812,658.3300170898438,653.5900268554688,657.6300048828125,650.4231567382812,69934400,4.01,0.008310180352278485,1.4468133785924904,645.4034973144531,636.0767993164062,0.09036732279631085,72.61369702713075,657.6300048828125,0.0,Above 50-day average
2025-09-12,657.5999755859375,659.1099853515625,656.9000244140625,657.4099731445312,650.2054443359375,72780100,4.06,-0.00033458287585352853,1.445994716735604,646.0264953613281,636.8159985351563,0.0904365869783983,65.40219776121722,657.6300048828125,-0.00033458287585352853,Above 50-day average
2025-09-15,659.6400146484375,661.0399780273438,659.3400268554688,660.9099731445312,653.6671142578125,63772400,4.05,0.005323922883704979,1.459017003981454,646.8999938964844,637.5273974609376,0.09080357421523176,73.08462858566239,660.9099731445312,0.0,Above 50-day average
2025-09-16,661.469970703125,661.780029296875,659.2100219726562,660.0,652.7671508789062,61169000,4.04,-0.0013768488621856978,1.4556313092174271,647.734994506836,638.3137976074219,0.09116252279413668,69.44449331667768,660.9099731445312,-0.0013768488621856978,Above 50-day average
2025-09-17,660.010009765625,661.719970703125,654.2999877929688,659.1799926757812,651.9561157226562,101952200,4.06,-0.0012424353397253451,1.4525803460975193,648.7034942626954,639.0905969238281,0.08823329152345771,66.72887889443393,660.9099731445312,-0.0026175735562272706,Above 50-day average
2025-09-18,661.8900146484375,664.8900146484375,660.27001953125,662.260009765625,655.0023803710938,90459200,4.11,0.004672497836806455,1.4640400224592538,649.9109954833984,639.8545971679688,0.08747807280059608,67.41518421308447,662.260009765625,0.0,Above 50-day average
2025-09-19,662.3300170898438,664.5499877929688,660.3699951171875,663.7000122070312,658.2465209960938,97945600,4.14,0.0021743762573189773,1.469397772581173,651.3184967041016,640.612197265625,0.08466899363329947,75.99669215612207,663.7000122070312,0.0,Above 50-day average
2025-09-22,662.2000122070312,667.2899780273438,662.1699829101562,666.8400268554688,661.3607788085938,69452200,4.15,0.004731075170536503,1.4810806790692101,652.3949981689453,641.4765979003906,0.06984421239918803,88.81094815673339,666.8400268554688,0.0,Above 50-day average
2025-09-23,666.719970703125,667.3400268554688,661.97998046875,663.2100219726562,657.7606201171875,81708900,4.12,-0.005443591771073009,1.4675746887012608,653.4320007324219,642.2445983886719,0.07112871942122075,78.30763141874922,666.8400268554688,-0.005443591771073009,Above 50-day average
2025-09-24,664.510009765625,664.6099853515625,659.6699829101562,661.0999755859375,655.6678466796875,68082200,4.16,-0.0031815658943793457,1.4597239372298554,654.2290008544921,643.0237976074219,0.07237157679330228,69.24796811748831,666.8400268554688,-0.008607838519530508,Above 50-day average
2025-09-25,657.9400024414062,659.4099731445312,654.4099731445312,658.0499877929688,652.6429443359375,89622100,4.18,-0.004613504621998388,1.4483759894766055,654.8,643.7003979492188,0.0751307374661634,66.73887279057766,666.8400268554688,-0.013181630838733582,Above 50-day average
2025-09-26,659.510009765625,662.3699951171875,657.8800048828125,661.8200073242188,656.3820190429688,69179200,4.2,0.0057290777314567,1.462402925836149,655.4450012207031,644.3759985351562,0.07654414081585875,68.84240683620241,666.8400268554688,-0.007528071694979488,Above 50-day average
2025-09-29,664.3599853515625,665.280029296875,661.8599853515625,663.6799926757812,658.2266845703125,73499000,4.15,0.0028104096748033935,1.469323286842183,656.3765014648437,645.097998046875,0.07217503069448641,69.16443531654798,666.8400268554688,-0.004738818985700166,Above 50-day average
2025-09-30,662.9299926757812,666.6500244140625,661.6099853515625,666.1799926757812,660.7061157226562,86288000,4.16,0.003766875644270362,1.4786249205892186,657.6720001220704,645.8461975097656,0.06450573721364945,69.70372614985176,666.8400268554688,-0.0009897938832494901,Above 50-day average
2025-10-01,663.1699829101562,669.3699951171875,663.0599975585938,668.4500122070312,662.9574584960938,72545400,4.12,0.0034075168215907947,1.4870708767005403,658.9075012207031,646.637998046875,0.0634754576813132,66.74918037433508,668.4500122070312,0.0,Above 50-day average
2025-10-02,670.4500122070312,670.5700073242188,666.780029296875,669.219970703125,663.7210693359375,56896000,4.1,0.0011518565068935338,1.489935625472973,659.9125,647.3381970214843,0.0587169427599263,67.97562312458777,669.219970703125,0.0,Above 50-day average
2025-10-03,669.989990234375,672.6799926757812,668.1599731445312,669.2100219726562,663.7112426757812,70494400,4.13,-1.4866158967619114e-05,1.4898986096941456,661.0110015869141,648.0339978027343,0.05669035903444032,64.13496759064847,669.219970703125,-1.4866158967619114e-05,Above 50-day average
2025-10-06,671.6199951171875,672.510009765625,669.4600219726562,671.6099853515625,666.0914916992188,54623300,4.18,0.003586263355458641,1.4988280418368989,662.15,648.7241979980469,0.05703728955551223,68.8168469035268,671.6099853515625,0.0,Above 50-day average
2025-10-07,672.5399780273438,672.989990234375,667.6699829101562,669.1199951171875,663.6219482421875,72020100,4.14,-0.003707494362329311,1.4895636509593584,663.0894989013672,649.3677978515625,0.06014441949219924,65.28292608768278,671.6099853515625,-0.003707494362329311,Above 50-day average
2025-10-08,670.25,673.2100219726562,669.4199829101562,673.1099853515625,667.5791625976562,60702200,4.13,0.005963041402874625,1.5044090220851207,664.1344970703125,650.1247973632812,0.06208995075005977,66.2279356454805,673.1099853515625,0.0,Above 50-day average
2025-10-09,673.530029296875,673.9400024414062,669.2100219726562,671.1599731445312,665.6452026367188,66501900,4.14,-0.0028970186885769467,1.4971537023442996,664.8109954833984,650.8587963867187,0.05863974710007354,60.98994374829158,673.1099853515625,-0.0028970186885769467,Above 50-day average
2025-10-10,672.1300048828125,673.9500122070312,652.8400268554688,653.02001953125,647.6542358398438,159422600,4.05,-0.027027764376787222,1.429661220464716,664.5914978027344,651.2775964355469,0.11566895086384181,35.880628212179374,673.1099853515625,-0.02984648312685423,Above 50-day average
2025-10-13,660.6500244140625,665.1300048828125,659.77001953125,663.0399780273438,657.5919189453125,79560500,4.05,0.015344029580113494,1.4669420141011815,664.697998046875,652.1039965820313,0.1270499827322233,49.84633611465333,673.1099853515625,-0.01496041886670163,Above 50-day average
2025-10-14,657.1699829101562,665.8300170898438,653.1699829101562,662.22998046875,656.78857421875,88779600,4.03,-0.0012216421112398734,1.4639282938507687,664.8094970703125,652.7251965332031,0.12702576213731248,51.045724020135005,673.1099853515625,-0.01616378470025215,Above 50-day average
2025-10-15,666.8200073242188,670.22998046875,658.9299926757812,665.1699829101562,659.7044067382812,81702600,4.05,0.00443954899070742,1.4748670242209094,665.1089965820313,653.4691967773438,0.12776941968215802,56.602393872916906,673.1099853515625,-0.011795995623596678,Above 50-day average
2025-10-16,666.8200073242188,668.7100219726562,657.1099853515625,660.6400146484375,655.2116088867188,110563300,3.99,-0.006810241559458086,1.4580125819584278,665.0279968261718,654.026396484375,0.12926877430925773,48.920996614475484,673.1099853515625,-0.018525903603423766,Above 50-day average
2025-10-17,659.5,665.760009765625,658.1400146484375,664.3900146484375,658.9308471679688,96500900,4.02,0.0056763137515907225,1.4719650325789813,665.0624969482421,654.6691967773437,0.13067266751049905,50.62756314742906,673.1099853515625,-0.012954748693217777,Above 50-day average
2025-10-20,667.3200073242188,672.2100219726562,667.27001953125,671.2999877929688,665.7840576171875,60493400,4.0,0.010400477117627371,1.4976746483358938,665.2854949951172,655.3515966796875,0.13483004161675935,54.19811188559211,673.1099853515625,-0.0026890071429387374,Above 50-day average
2025-10-21,671.4400024414062,672.989990234375,669.97998046875,671.2899780273438,665.7741088867188,56249000,3.98,-1.4911017141350236e-05,1.4976374054663988,665.6894927978516,656.0589965820312,0.13309244796081446,52.41823828768148,673.1099853515625,-0.002703878064248544,Above 50-day average
2025-10-22,672.0,672.0,663.2999877929688,667.7999877929688,662.3128051757812,80564000,3.97,-0.005198930936866852,1.4846523610900437,666.0244934082032,656.5611962890625,0.13404979214907914,48.844410403435624,673.1099853515625,-0.007888751725797616,Above 50-day average
2025-10-23,668.1199951171875,672.7100219726562,667.7999877929688,671.760009765625,666.2402954101562,65604500,4.01,0.005929952148911788,1.4993862306979886,666.709994506836,657.0985961914063,0.13389968212225473,51.949835114113355,673.1099853515625,-0.0020055794971343133,Above 50-day average
2025-10-24,676.4600219726562,678.469970703125,675.6500244140625,677.25,671.6851806640625,74356500,4.02,0.008172546972973871,1.519812582071972,667.481494140625,657.7445959472657,0.13530196294959937,54.11800986475621,677.25,0.0,Above 50-day average
2025-10-27,682.72998046875,685.5399780273438,682.1199951171875,685.239990234375,679.6094970703125,63339800,4.01,0.011797696913067535,1.5495405671929912,668.5594940185547,658.580595703125,0.14039647407538314,60.89485399550857,685.239990234375,0.0,Above 50-day average
2025-10-28,687.0499877929688,688.9099731445312,684.8300170898438,687.0599975585938,681.41455078125,61738100,3.99,0.002656014462314449,1.556312183811713,669.6034942626953,659.4557958984375,0.140228250070389,59.71315721700963,687.0599975585938,0.0,Above 50-day average
2025-10-29,688.719970703125,689.7000122070312,682.8699951171875,687.3900146484375,681.7418823242188,85657100,4.08,0.00048033227231458753,1.5575400630517087,670.5504943847657,660.4073962402343,0.1401076295284804,61.56152526411076,687.3900146484375,0.0,Above 50-day average
2025-10-30,683.9000244140625,685.9400024414062,679.8300170898438,679.8300170898438,674.2440185546875,76335800,4.11,-0.010998119550020391,1.5294119316842991,671.0809967041016,661.241796875,0.1469065123272039,72.48786411494815,687.3900146484375,-0.010998119550020391,Above 50-day average
2025-10-31,685.0399780273438,685.0800170898438,679.239990234375,682.0599975585938,676.45556640625,87164100,4.11,0.0032802030105936186,1.5377089163176412,671.7234954833984,662.1719970703125,0.14712129988245065,68.35202551653792,687.3900146484375,-0.007753992604285553,Above 50-day average
2025-11-03,685.6699829101562,685.7999877929688,679.9400024414062,683.3400268554688,677.7251586914062,57315000,4.13,0.0018767107020742912,1.5424714617996438,672.3099975585938,662.93259765625,0.1468464490950155,70.18555675781674,687.3900146484375,-0.00589183390311554,Above 50-day average
2025-11-04,676.1099853515625,679.9600219726562,674.5800170898438,675.239990234375,669.6917114257812,78427000,4.1,-0.011853596017736279,1.5123340322048473,672.6159973144531,663.587998046875,0.15296123246121118,58.76414724502556,687.3900146484375,-0.01767559050196066,Above 50-day average
2025-11-05,674.97998046875,680.8599853515625,674.1699829101562,677.5800170898438,672.012451171875,74402400,4.17,0.0034654743340312155,1.5210404613119666,672.8394989013672,664.2363989257813,0.15203218196783883,65.32752509716904,687.3900146484375,-0.014271370473152745,Above 50-day average
2025-11-06,676.469970703125,677.3800048828125,668.719970703125,670.3099975585938,664.8021850585938,85035300,4.11,-0.010729388925125316,1.493991237706573,672.7970001220704,664.7099987792968,0.15673710895880835,55.03570416166089,687.3900146484375,-0.02484763631397713,Above 50-day average
2025-11-07,667.9099731445312,671.0800170898438,661.2100219726562,670.969970703125,665.4567260742188,100592400,4.11,0.0009845789961884233,1.496446769095897,673.6944976806641,665.1509985351563,0.11992799539742158,49.68587804841208,687.3900146484375,-0.023887521778608423,Above 50-day average
2025-11-10,677.239990234375,682.1799926757812,675.030029296875,681.4400024414062,675.8406982421875,75842900,4.13,0.01560432239211762,1.5354021293156297,674.6144989013671,665.878798828125,0.12033273589854239,58.05683943296222,687.3900146484375,-0.008655947977472933,Above 50-day average
2025-11-11,679.9500122070312,683.5700073242188,678.72998046875,683.0,677.3878784179688,58953400,4.13,0.0022892661907207845,1.5412063396901536,675.6529998779297,666.7333984375,0.11996422528670625,62.446759275456344,687.3900146484375,-0.00638649755580567,Above 50-day average
2025-11-12,684.7899780273438,684.9600219726562,680.9500122070312,683.3800048828125,677.7648315429688,62312500,4.08,0.0005563761095350728,1.5426202061869563,676.5635009765625,667.5261987304688,0.11952438292076711,60.10784132586642,687.3900146484375,-0.005833674740934214,Above 50-day average
2025-11-13,680.5,680.8599853515625,670.52001953125,672.0399780273438,666.5180053710938,103457800,4.11,-0.016594027882646856,1.5004278955905086,677.1334991455078,667.9845983886719,0.13273026612290997,45.88661730279751,687.3900146484375,-0.022330898462271764,Above 50-day average
2025-11-14,665.3800048828125,675.6599731445312,663.27001953125,671.9299926757812,666.4088745117188,96846700,4.14,-0.00016365894166792128,1.5000186782073994,677.510498046875,668.4783984375,0.13155015447848287,37.998227838348036,687.3900146484375,-0.022490902752730912,Above 50-day average
2025-11-17,669.7000122070312,673.7100219726562,662.1699829101562,665.6699829101562,660.2003173828125,90456100,4.13,-0.009316461288915168,1.4767273509703154,677.2289978027344,668.8151977539062,0.13067682175492087,32.1422893481717,687.3900146484375,-0.03159782841679748,Below 50-day average
2025-11-18,662.0999755859375,665.1199951171875,655.8599853515625,660.0800170898438,654.65625,114467500,4.12,-0.008397503213040225,1.4559290250827175,676.6684997558593,669.0101977539063,0.13371115590888438,29.04070472794656,687.3900146484375,-0.039729988764182655,Below 50-day average
2025-11-19,660.780029296875,667.3400268554688,658.75,662.6300048828125,657.185302734375,94703000,4.13,0.003863149507556951,1.4654166460865605,676.4100006103515,669.2185974121094,0.1336333503020334,35.70004110277215,687.3900146484375,-0.036020322143155314,Below 50-day average
2025-11-20,672.9099731445312,675.5599975585938,651.8900146484375,652.530029296875,647.1683349609375,165293500,4.1,-0.015242255122032589,1.4278381365848034,675.4485015869141,669.1165979003906,0.14133763735093122,28.2900032936155,687.3900146484375,-0.05071354632550418,Below 50-day average
2025-11-21,655.0499877929688,664.5499877929688,650.8499755859375,659.030029296875,653.6149291992188,123956200,4.06,0.009961227389035265,1.4520223843270963,674.5375030517578,669.1489990234375,0.1430785312131325,33.4016224357206,687.3900146484375,-0.041257488103121576,Below 50-day average
2025-11-24,662.6900024414062,670.0599975585938,661.5900268554688,668.72998046875,663.235107421875,80437900,4.04,0.014718526835907575,1.4881125415930607,673.7120025634765,669.3053991699219,0.14695445745850444,45.6501312383056,687.3900146484375,-0.02714621071304202,Below 50-day average
2025-11-25,668.6300048828125,676.2100219726562,664.47998046875,675.02001953125,669.4735107421875,81077100,4.01,0.009405947461920139,1.5115155974386298,673.1100036621094,669.6057995605469,0.1511825444598129,48.375223032529625,687.3900146484375,-0.017995599082878844,Above 50-day average
2025-11-26,677.6300048828125,681.7000122070312,676.719970703125,679.6799926757812,674.09521484375,71879600,4.0,0.006903459171132775,1.5288537428232107,672.7245025634766,670.0157995605468,0.1536262701806999,56.15071860816945,687.3900146484375,-0.011216371795274793,Above 50-day average
2025-11-28,680.8599853515625,683.6699829101562,680.5,683.3900146484375,677.7747192382812,49212000,4.02,0.0054584834225450685,1.5426574490564522,672.9025024414062,670.4383996582031,0.1497965422157794,57.83896019846834,687.3900146484375,-0.005819112752235345,Above 50-day average
2025-12-01,678.8099975585938,682.989990234375,678.739990234375,680.27001953125,674.6802978515625,61201200,4.09,-0.004565467815318525,1.5310490283074052,672.8130035400391,670.7697998046875,0.15031666024224255,49.186041475409695,687.3900146484375,-0.01035801359556987,Above 50-day average
2025-12-02,681.9199829101562,683.8200073242188,679.3300170898438,681.530029296875,675.9300537109375,62953800,4.09,0.0018522200441719594,1.5357370880504182,672.7225036621094,671.0635998535156,0.15031243811996242,48.973053090477414,687.3900146484375,-0.008524978871797484,Above 50-day average
2025-12-03,680.5700073242188,684.9099731445312,679.6900024414062,683.8900146484375,678.2706298828125,57238500,4.06,0.00346277529986061,1.5445177758058595,673.1550048828125,671.4771997070312,0.14411894360297786,50.34670990720655,687.3900146484375,-0.005091723658205982,Above 50-day average
2025-12-04,685.2999877929688,685.3699951171875,681.3400268554688,684.3900146484375,678.7664794921875,61970300,4.11,0.0007311117128343536,1.5463781025552663,673.4955047607422,671.9430004882812,0.14374330719452705,59.846959284200814,687.3900146484375,-0.0043643345641765086,Above 50-day average
2025-12-05,685.469970703125,688.3900146484375,684.5800170898438,685.6900024414062,680.0557861328125,79241000,4.14,0.0018994838690575833,1.5512149066855914,674.2645050048828,672.49580078125,0.13746550799506924,60.76684725713892,687.3900146484375,-0.002473140678222796,Above 50-day average
2025-12-08,686.5900268554688,686.6400146484375,681.5700073242188,683.6300048828125,678.0127563476562,55231500,4.17,-0.0030042694967975514,1.5435503695616606,674.8975067138672,672.9320007324219,0.1382639642332527,65.0419221304478,687.3900146484375,-0.0054699801939195325,Above 50-day average
2025-12-09,683.1500244140625,685.3900146484375,682.5900268554688,683.0399780273438,677.4275512695312,58310100,4.18,-0.0008630792259767261,1.5413550840774666,674.977505493164,673.3192004394531,0.12704987751309002,70.98718595319815,687.3900146484375,-0.006328338393624455,Above 50-day average
2025-12-10,682.5599975585938,688.969970703125,681.3099975585938,687.5700073242188,681.92041015625,85671300,4.13,0.006632158354709983,1.5582097534306159,675.206005859375,673.7470007324218,0.12894192202329677,72.00071071292044,687.5700073242188,0.0,Above 50-day average
2025-12-11,685.1400146484375,689.25,682.1699829101562,689.1699829101562,683.5072021484375,86173700,4.14,0.0023270002601829542,1.5641627081924514,675.4955047607422,674.1614001464844,0.12912983564877384,88.02403402159413,689.1699829101562,0.0,Above 50-day average
2025-12-12,688.1699829101562,688.8800048828125,679.1699829101562,681.760009765625,676.1581420898438,113160300,4.19,-0.010752025375860397,1.5365927656861311,675.9815063476562,674.4122009277344,0.12026116584219615,73.15135088090116,689.1699829101562,-0.010752025375860397,Above 50-day average
2025-12-15,685.739990234375,685.760009765625,679.25,680.72998046875,675.1365356445312,90811000,4.18,-0.0015108385386657375,1.532760383578832,676.4215057373046,674.6426000976562,0.12049110577826116,64.84412042727584,689.1699829101562,-0.012246619340219533,Above 50-day average
2025-12-16,679.22998046875,681.0800170898438,674.97998046875,678.8699951171875,673.2918701171875,122030600,4.15,-0.0027323394075896568,1.5258400225727975,677.0815063476563,674.7878002929688,0.11540682593318245,55.34867550791981,689.1699829101562,-0.014945496827176052,Above 50-day average
2025-12-17,679.8900146484375,680.4400024414062,671.2000122070312,671.4000244140625,665.8832397460938,110625200,4.16,-0.011003536401451242,1.4980468499401751,677.6475067138672,674.8334008789062,0.11855147777409777,39.32993445010925,689.1699829101562,-0.025784579910251737,Below 50-day average
2025-12-18,677.5999755859375,680.739990234375,674.9000244140625,676.469970703125,670.9114990234375,108650100,4.12,0.007551304892321253,1.5169103633393761,678.3395050048828,674.9006005859375,0.12049058167233036,41.38438858323961,689.1699829101562,-0.018427982242353202,Above 50-day average
2025-12-19,676.5900268554688,681.0900268554688,676.469970703125,680.5900268554688,676.9923095703125,103599500,4.16,0.0060905233502994705,1.5322396646779053,679.7425048828125,675.0892016601563,0.10500531377692852,50.38873607022904,689.1699829101562,-0.012449694948199808,Above 50-day average
2025-12-22,683.9400024414062,685.3599853515625,680.5900268554688,684.8300170898438,681.2098999023438,69556700,4.17,0.006229874178387496,1.5480151991783706,681.032504272461,675.7254016113282,0.10210892928768578,53.73809612701521,689.1699829101562,-0.0062973808028987666,Above 50-day average
2025-12-23,683.9199829101562,688.2000122070312,683.8699951171875,687.9600219726562,684.3233032226562,64840000,4.18,0.0045704843606495515,1.5596608627969126,681.9940063476563,676.2238024902343,0.09101859048723732,54.53129565577837,689.1699829101562,-0.0017556785227219596,Above 50-day average
2025-12-24,687.9500122070312,690.8300170898438,687.7999877929688,690.3800048828125,686.7305297851562,39445600,4.15,0.003517621421107009,1.5686647806786564,682.7620056152343,676.7868029785157,0.08646443373278344,56.395468562238186,690.3800048828125,0.0,Above 50-day average
2025-12-26,690.6400146484375,691.6599731445312,689.27001953125,690.3099975585938,686.660888671875,41613300,4.14,-0.0001014040437492536,1.5684043076828593,683.293505859375,677.2896032714843,0.08380562407345811,55.06578683192569,690.3800048828125,-0.0001014040437492536,Above 50-day average
2025-12-29,687.5399780273438,689.2000122070312,686.0700073242188,687.8499755859375,684.2138671875,62559500,4.12,-0.003563648189011559,1.5592514183231359,683.51650390625,677.8338024902343,0.08325629007010184,54.58692467730978,690.3800048828125,-0.003664690864423892,Above 50-day average
2025-12-30,687.4500122070312,688.5599975585938,686.5800170898438,687.010009765625,683.3783569335938,47160700,4.14,-0.0012211468345215692,1.5561261965549056,683.8535034179688,678.2862023925782,0.08147085430106282,54.29193186751989,690.3800048828125,-0.004881362573296966,Above 50-day average
2025-12-31,687.1400146484375,687.3599853515625,681.7100219726562,681.9199829101562,678.3152465820312,74144800,4.18,-0.007408955885817803,1.537187970326047,683.8730010986328,678.4986022949219,0.0859498711747819,43.96493048945542,690.3800048828125,-0.012254152659146422,Above 50-day average
2026-01-02,685.7100219726562,686.8699951171875,679.8200073242188,683.1699829101562,679.55859375,89377200,4.19,0.0018330596423725698,1.541838787199565,683.8369995117188,678.7362023925781,0.08528181679536798,43.54282711508145,690.3800048828125,-0.01044355560946486,Above 50-day average
2026-01-05,686.5399780273438,689.4299926757812,686.3800048828125,687.719970703125,684.0845336914062,71927200,4.17,0.006660110816910869,1.5587677152010362,684.0034973144532,679.1346020507813,0.08852697077126662,56.83482141607241,690.3800048828125,-0.003853000030235587,Above 50-day average
2026-01-06,687.9299926757812,692.3200073242188,687.780029296875,691.8099975585938,688.1529541015625,69273800,4.18,0.005947227112347964,1.5739852879310803,684.3094970703125,679.5356018066407,0.09066292732097042,61.87314987893684,691.8099975585938,0.0,Above 50-day average
2026-01-07,692.1900024414062,693.9600219726562,689.3200073242188,689.5800170898438,685.9347534179688,75588300,4.15,-0.0032234001772446508,1.5656883032977382,684.6069976806641,679.7822021484375,0.09077724239179628,61.38638018322239,691.8099975585938,-0.0032234001772446508,Above 50-day average
2026-01-08,688.8200073242188,690.6199951171875,687.489990234375,689.510009765625,685.8651123046875,64019200,4.19,-0.00010152168346500012,1.565427830301941,684.9304992675782,679.8676025390625,0.0906714434088851,72.84883058318368,691.8099975585938,-0.0033245946156971184,Above 50-day average
2026-01-09,690.6300048828125,695.3099975585938,689.1799926757812,694.0700073242188,690.4010009765625,80125500,4.18,0.006613388484590255,1.5823940011729074,685.2554992675781,680.007802734375,0.09065459423474226,72.49490204277136,694.0700073242188,0.0,Above 50-day average
2026-01-12,690.6799926757812,696.0900268554688,690.6300048828125,695.1599731445312,691.4852294921875,63976000,4.19,0.0015703975230316747,1.586449386315841,685.5549987792969,680.1632019042969,0.09049044933601652,70.18559169826382,695.1599731445312,0.0,Above 50-day average
2026-01-13,695.489990234375,696.0900268554688,691.3499755859375,693.77001953125,690.1026000976562,78309700,4.18,-0.001999473023445053,1.5812778505413965,686.1554992675781,680.442001953125,0.08095287882344121,63.44768574539619,695.1599731445312,-0.001999473023445053,Above 50-day average
2026-01-14,691.0,691.719970703125,686.0399780273438,690.3599853515625,686.7106323242188,94676700,4.15,-0.004915222744839132,1.568590294939666,686.6369995117187,680.6080017089844,0.08316152091725401,53.57990207414178,695.1599731445312,-0.0069048679130016,Above 50-day average
2026-01-15,694.5700073242188,695.4500122070312,691.25,692.239990234375,688.5806884765625,77862000,4.17,0.0027232240029890775,1.5755851416846904,687.3054992675782,680.7860009765625,0.08241281949857963,52.81987030484284,695.1599731445312,-0.004200447412050834,Above 50-day average
2026-01-16,693.6599731445312,694.25,690.0999755859375,691.6599731445312,688.0037231445312,79289200,4.24,-0.0008378844014015341,1.5734270990699915,688.3184967041016,681.1144006347656,0.06971540370013207,52.015491160925826,695.1599731445312,-0.005034812324086868,Above 50-day average
2026-01-20,681.489990234375,684.77001953125,676.5700073242188,677.5800170898438,673.9981689453125,111623300,4.3,-0.020356759970762806,1.521040461311967,688.3739990234375,681.1144006347656,0.10095386327638912,38.616741602070675,695.1599731445312,-0.02528907982887052,Below 50-day average
2026-01-21,679.6500244140625,688.739990234375,678.1300048828125,685.4000244140625,681.77685546875,127844500,4.26,0.011541083159159804,1.550135998923575,688.6144989013671,681.416201171875,0.10692029194132469,48.45461085814853,695.1599731445312,-0.014039860043034369,Above 50-day average
2026-01-22,689.8499755859375,691.1300048828125,686.9199829101562,688.97998046875,685.3379516601562,77112200,4.26,0.005223163010167564,1.5634557749440492,688.8219970703125,681.7764013671875,0.10624658742019133,56.9790551718895,695.1599731445312,-0.008890029510511432,Above 50-day average
2026-01-23,688.1500244140625,690.9600219726562,687.1599731445312,689.22998046875,685.5865478515625,63059600,4.24,0.00036285524556167736,1.564385938318753,688.8854949951171,681.9322009277344,0.10505899873031421,56.11134569386089,695.1599731445312,-0.008530400058791021,Above 50-day average
2026-01-26,690.489990234375,694.1300048828125,689.9199829101562,692.72998046875,689.0680541992188,60473800,4.22,0.00507813081145958,1.5774082255646031,689.0029937744141,682.1268005371094,0.10587258289480386,55.161775544135814,695.1599731445312,-0.003495587734704042,Above 50-day average
2026-01-27,694.1799926757812,696.530029296875,693.5700073242188,695.489990234375,691.8134765625,55506100,4.24,0.003984250492172103,1.5876772655558375,689.2619934082031,682.3690002441406,0.10671280516041638,53.89830639978379,695.489990234375,0.0,Above 50-day average
2026-01-28,697.0499877929688,697.8400268554688,693.9400024414062,695.4199829101562,691.7438354492188,61172200,4.26,-0.0001006589961060067,1.5874167925600404,689.640493774414,682.8366003417968,0.10571207182476584,56.4831001146444,695.489990234375,-0.0001006589961060067,Above 50-day average
2026-01-29,696.3900146484375,697.0599975585938,684.8300170898438,694.0399780273438,690.3711547851562,97486200,4.24,-0.001984419367757506,1.5822822725644232,689.9919921875,683.2788000488281,0.10591798348671384,54.886706162916106,695.489990234375,-0.002084878614202035,Above 50-day average
2026-01-30,691.7899780273438,694.2100219726562,687.1199951171875,691.969970703125,688.3120727539062,101835100,4.26,-0.002982547677011782,1.5745804925709974,690.4944915771484,683.8047998046875,0.10263176340504236,47.60597327306809,695.489990234375,-0.0050612080413461324,Above 50-day average
2026-02-02,689.5800170898438,696.9299926757812,689.4199829101562,695.4099731445312,691.7339477539062,79286500,4.29,0.004971317523953855,1.5873795496905454,691.1064910888672,684.5113989257812,0.10366960574017463,50.27050444853018,695.489990234375,-0.0001150513896206462,Above 50-day average
2026-02-03,696.2100219726562,696.9600219726562,684.030029296875,689.530029296875,685.885009765625,107904600,4.28,-0.008455363130712823,1.5655023160409316,691.1969940185547,685.0493994140625,0.10639603495662432,45.81854603764681,695.489990234375,-0.008569441719055604,Above 50-day average
2026-02-04,690.3499755859375,691.4500122070312,681.760009765625,686.1900024414062,682.5626831054688,105204600,4.29,-0.0048439179057576665,1.5530752334349982,690.9159942626953,685.7225988769532,0.10549287185366502,45.881900518491996,695.489990234375,-0.013371849952627968,Above 50-day average
2026-02-05,680.9400024414062,683.6900024414062,675.7899780273438,677.6199951171875,674.0379638671875,113610800,4.21,-0.0124892628772314,1.5211892056992795,690.3179931640625,686.0943981933593,0.11361237795588777,37.24702650325301,695.489990234375,-0.02569410828064611,Below 50-day average
2026-02-06,681.4600219726562,692.3099975585938,680.8499755859375,690.6199951171875,686.96923828125,89127600,4.22,0.019184793975496328,1.5695577011838653,690.3734924316407,686.5321984863281,0.13407979357152458,49.25438838317935,695.489990234375,-0.007002250478898131,Above 50-day average
2026-02-09,689.4199829101562,695.8699951171875,688.3400268554688,693.9500122070312,690.2816772460938,73885200,4.22,0.004821779145387506,1.5819475409203037,690.3674926757812,686.9107983398437,0.13307505431983066,63.8752312486808,695.489990234375,-0.0022142346388404066,Above 50-day average
2026-02-10,694.9500122070312,696.5399780273438,691.6599731445312,692.1199951171875,688.4613037109375,65185700,4.16,-0.0026371021797716443,1.5751386814320867,690.2154937744141,687.1595983886718,0.1332648579727028,56.33959500294811,695.489990234375,-0.0048454976556194795,Above 50-day average
2026-02-11,696.3900146484375,697.1400146484375,689.1799926757812,691.9600219726562,688.3021850585938,76353900,4.18,-0.00023113498477123073,1.57454347679217,690.1249938964844,687.3309985351563,0.13309334548936425,53.00528486961403,695.489990234375,-0.005075512676363858,Above 50-day average
2026-02-12,694.239990234375,695.3499755859375,680.3699951171875,681.27001953125,677.668701171875,118829000,4.09,-0.015448872914552103,1.5347696818062184,689.6704956054688,687.3509985351562,0.14303201737484475,43.36891174006069,695.489990234375,-0.020445974640602604,Below 50-day average
2026-02-13,681.6900024414062,686.280029296875,677.52001953125,681.75,678.1461181640625,96267500,4.04,0.0007045377823615695,1.5365555228166357,689.14599609375,687.3553979492187,0.14258426685173242,40.36843818530702,695.489990234375,-0.019755841819872555,Below 50-day average
2026-02-17,680.1400146484375,684.9400024414062,675.780029296875,682.8499755859375,679.2402954101562,81354700,4.05,0.0016134588719287635,1.540648150829064,688.7054962158203,687.3345971679687,0.14282378768267515,38.57966890557964,695.489990234375,-0.01817425818620033,Below 50-day average
2026-02-18,684.02001953125,689.1500244140625,682.8300170898438,686.2899780273438,682.662109375,73570300,4.09,0.005037713354905549,1.5534472079486115,689.1409942626954,687.3725964355468,0.12335733925903244,42.2244839401853,695.489990234375,-0.013228101534474845,Below 50-day average
2026-02-19,683.8400268554688,686.1799926757812,681.5499877929688,684.47998046875,680.8616333007812,58649400,4.08,-0.002637365569283623,1.5467128341993845,689.0949920654297,687.3483959960937,0.11687776063728132,41.917479660952225,695.489990234375,-0.01583057976422453,Below 50-day average
2026-02-20,682.3200073242188,690.0599975585938,681.72998046875,689.4299926757812,685.7855834960938,100034000,4.08,0.007231785221302411,1.565130114436649,689.1174926757812,687.4643957519531,0.11828673279807515,47.95228980401227,695.489990234375,-0.008713277895705751,Above 50-day average
2026-02-23,687.8300170898438,690.0,680.3699951171875,682.3900146484375,678.7827758789062,90558100,4.03,-0.010211302238274489,1.5389367955576367,688.7754943847656,687.451396484375,0.12375525358345639,40.07926579153711,695.489990234375,-0.01883560621990099,Below 50-day average
2026-02-24,681.9000244140625,688.3499755859375,680.0,687.3499755859375,683.7164916992188,73798700,4.04,0.007268513358970052,1.5573910915737281,688.506494140625,687.4469958496094,0.1252922969565891,48.31525861190667,695.489990234375,-0.011703999716364488,Below 50-day average
2026-02-25,690.1799926757812,693.6799926757812,690.0999755859375,693.1500244140625,689.4859008789062,56369500,4.05,0.008438276037153747,1.578971063539385,688.3894958496094,687.5265966796875,0.12830204054519753,55.181674177919916,695.489990234375,-0.003364485259556238,Above 50-day average
2026-02-26,693.280029296875,693.2999877929688,684.3499755859375,689.2999877929688,685.6561889648438,71671000,4.02,-0.005554405951797015,1.5646464113145497,688.08349609375,687.6773962402344,0.12973377289452998,59.352972628998344,695.489990234375,-0.008900203494402903,Above 50-day average
2026-02-27,683.0900268554688,686.8599853515625,681.6400146484375,685.989990234375,682.3637084960938,83308900,3.97,-0.004801969559279806,1.552331057317101,687.6809967041015,687.7825964355469,0.1305700416814824,45.61136977932464,695.489990234375,-0.013659434547431237,Below 50-day average
2026-03-02,678.7000122070312,688.6199951171875,678.02001953125,686.3800048828125,682.751708984375,87477200,4.05,0.0005685427688300049,1.5537821666833986,687.401498413086,687.9327966308593,0.1303011302713049,42.40111654762299,695.489990234375,-0.013098657751339449,Below 50-day average
2026-03-03,675.0599975585938,682.6099853515625,669.6599731445312,680.3300170898438,676.7337036132812,105003100,4.06,-0.008814341545397508,1.531272258433706,686.6475006103516,688.111396484375,0.1319789254772144,39.08940870533773,695.489990234375,-0.02179754325353045,Below 50-day average
2026-03-04,681.6300048828125,687.0900268554688,679.6199951171875,685.1300048828125,681.5082397460938,79182200,4.09,0.007055381465455479,1.5491313498098807,686.4274993896485,688.2845971679687,0.13193998613877822,44.1792917339836,695.489990234375,-0.014895951770738325,Below 50-day average
2026-03-05,682.0800170898438,685.530029296875,675.6099853515625,681.3099975585938,677.70849609375,106606500,4.13,-0.0055755948462250515,1.53491842619353,686.1834991455078,688.2989965820312,0.1323002057480171,50.03858883857611,695.489990234375,-0.02038849282504085,Below 50-day average
2026-03-06,673.4099731445312,676.1099853515625,669.760009765625,672.3800048828125,668.82568359375,100687000,4.15,-0.013107091790493297,1.5016930176999987,685.921499633789,688.0499963378907,0.1330696433282733,42.22407044216805,695.489990234375,-0.03322835076860642,Below 50-day average
2026-03-09,666.3900146484375,679.9199829101562,662.3900146484375,678.27001953125,674.6845703125,102667700,4.12,0.008759949144329537,1.5236077213097752,685.3040008544922,687.8561962890625,0.1169339558326737,46.47912568880347,695.489990234375,-0.024759480287159796,Below 50-day average
2026-03-10,677.719970703125,683.3599853515625,674.760009765625,677.1799926757812,673.6002807617188,81505300,4.15,-0.001607069196751576,1.5195521090761739,684.4654998779297,687.5921960449218,0.11498979292530925,42.73410741164077,695.489990234375,-0.026326759285814294,Below 50-day average
2026-03-11,677.5800170898438,680.0800170898438,673.3400268554688,676.3300170898438,672.7548217773438,68441700,4.21,-0.0012551693717042234,1.5163896444384486,683.6760009765625,687.3125964355469,0.11486487427792134,43.39870573520469,695.489990234375,-0.027548884115606742,Below 50-day average
2026-03-12,671.1599731445312,671.6500244140625,665.8699951171875,666.0599975585938,662.5390625,108882200,4.27,-0.0151849234423167,1.4781784603366122,682.3809997558594,686.876796875,0.1251224106287194,32.572723267440296,695.489990234375,-0.042315479861706695,Below 50-day average
2026-03-13,669.27001953125,672.3400268554688,661.3599853515625,662.2899780273438,658.7890014648438,97200200,4.28,-0.005660180081477395,1.4641515239770686,681.431997680664,686.3823962402344,0.11549296822661798,34.2427029215109,695.489990234375,-0.0477361467069326,Below 50-day average
2026-03-16,668.3800048828125,672.0700073242188,667.1199951171875,669.030029296875,665.493408203125,82023100,4.23,0.010176888512803295,1.4892289193152375,680.7959991455078,686.1245971679688,0.12245239795939045,36.02814535934861,695.489990234375,-0.03804506363719651,Below 50-day average
2026-03-17,672.3900146484375,674.4400024414062,669.7000122070312,670.7899780273438,667.2440185546875,87128000,4.2,0.0026305975119209624,1.4957770787169897,680.1929992675781,685.8769970703125,0.12278350915550842,31.82703421317632,695.489990234375,-0.03551454737502047,Below 50-day average
2026-03-18,668.3599853515625,669.719970703125,661.1900024414062,661.4299926757812,657.9335327148438,82062600,4.26,-0.013953675007322364,1.4609518164698483,678.95,685.3511975097656,0.12902757645005794,29.210813862431934,695.489990234375,-0.04897266393023969,Below 50-day average
2026-03-19,656.969970703125,662.97998046875,655.1699829101562,659.7999877929688,656.3121948242188,111272500,4.25,-0.002464364937880159,1.4548871330995277,677.7160003662109,684.7109973144532,0.12901435331838518,29.96175381411139,695.489990234375,-0.051316342352215605,Below 50-day average
2026-03-20,656.510009765625,656.6900024414062,644.719970703125,648.5700073242188,646.9034423828125,163617500,4.39,-0.017020279897722146,1.4131042669768572,675.6730010986328,683.8907971191406,0.13506779246129488,25.187034816233634,695.489990234375,-0.06746320373977566,Below 50-day average
2026-03-23,658.0700073242188,662.6199951171875,653.9400024414062,655.3800048828125,653.6959228515625,134802700,4.34,0.01050001924493782,1.4384419082201556,674.3225006103515,683.2081970214844,0.14033856459028396,33.78816877903533,695.489990234375,-0.05767154943243069,Below 50-day average
2026-03-24,651.3200073242188,657.030029296875,649.8800048828125,653.1799926757812,651.5015869140625,96457500,4.39,-0.0033568497522664664,1.4302564251046306,672.6140014648438,682.3903967285156,0.13605406867976488,28.513788520470783,695.489990234375,-0.06083480445827205,Below 50-day average
2026-03-25,658.6699829101562,660.8900146484375,654.239990234375,656.8200073242188,655.1322021484375,90653800,4.33,0.0055727589473859585,1.4437996583420745,670.7975006103516,681.6235974121093,0.13334869578644135,33.49064599959513,695.489990234375,-0.055601063211743296,Below 50-day average
2026-03-26,652.0599975585938,654.8499755859375,644.8200073242188,645.0900268554688,643.432373046875,96494400,4.42,-0.017858744158138706,1.4001564654699967,668.5870025634765,680.6499975585938,0.14365215373682497,32.27233547198149,695.489990234375,-0.07246684220706301,Below 50-day average
2026-03-27,642.5,642.6599731445312,633.1099853515625,634.0900268554688,632.4606323242188,103649400,4.44,-0.017051883523327982,1.3592292769830396,665.9920043945312,679.5245983886718,0.15173849643054543,23.087242033939646,695.489990234375,-0.08828302957777279,Below 50-day average
2026-03-30,640.1099853515625,640.3699951171875,629.280029296875,631.969970703125,630.3460693359375,99275900,4.35,-0.0033434623831846144,1.3513412826421392,663.2715026855469,678.3191979980469,0.1508493621030488,22.801108928341932,695.489990234375,-0.09133132097249053,Below 50-day average
2026-03-31,638.9400024414062,651.5399780273438,637.97998046875,650.3400268554688,648.6688842773438,152534100,4.3,0.02906792569891481,1.419689896338772,661.7720031738281,677.4927990722656,0.18994163440063347,37.086377101321986,695.489990234375,-0.06491820732558784,Below 50-day average
2026-04-01,653.9000244140625,658.52001953125,653.0,655.239990234375,653.5562744140625,97841500,4.33,0.007534463782890022,1.4379209622285614,660.2775024414062,677.0459985351563,0.19025806282080326,44.32080659122814,695.489990234375,-0.057872867424642704,Below 50-day average
2026-04-02,646.4199829101562,658.2000122070312,645.1099853515625,655.8300170898438,654.144775390625,68358700,4.31,0.0009004744280911581,1.4401162477127554,659.0035034179688,676.4545983886719,0.1901046740684065,46.492204899777285,695.489990234375,-0.05702450603374776,Below 50-day average
2026-04-06,655.8599853515625,659.719970703125,655.52001953125,658.9299926757812,657.23681640625,39105800,4.34,0.004726797348638012,1.4516501827228128,658.3310028076172,675.8535986328125,0.18658835884156133,44.28989351974222,695.489990234375,-0.05256725196903744,Below 50-day average
2026-04-07,656.6500244140625,659.6099853515625,651.0599975585938,659.219970703125,657.5260009765625,69980400,4.33,0.0004400741058487867,1.4527290904848287,657.3785003662109,675.2533984375,0.18315484778704139,43.34827923310621,695.489990234375,-0.0521503113495958,Below 50-day average
2026-04-08,676.3900146484375,677.0800170898438,671.4600219726562,676.010009765625,674.27294921875,93606100,4.29,0.025469554638327674,1.5151990080679476,657.3200012207031,674.9189990234376,0.2064124232241542,57.72245968870806,695.489990234375,-0.028009001915592524,Above 50-day average
2026-04-09,674.8400268554688,681.1599731445312,673.77001953125,679.9099731445312,678.162841796875,57134400,4.29,0.00576909117108837,1.5297094204589228,657.4989990234375,674.6073986816406,0.20735263074413182,60.40135316527785,695.489990234375,-0.022401497230166267,Above 50-day average
2026-04-10,681.3200073242188,682.030029296875,678.4500122070312,679.4600219726562,677.7140502929688,42253500,4.31,-0.0006617805145495703,1.5280353080569906,658.1690002441406,674.2881994628906,0.1991733015406388,67.98230840620741,695.489990234375,-0.023048452870352287,Above 50-day average
2026-04-13,677.4099731445312,686.2999877929688,676.5800170898438,686.0999755859375,684.3369750976562,54185800,4.3,0.009772397784351794,1.5527402747002097,659.3595001220704,674.1293994140625,0.1997883619267843,67.91879444844764,695.489990234375,-0.013501293735763364,Above 50-day average
2026-04-14,687.6900024414062,694.5800170898438,687.6599731445312,694.4600219726562,692.675537109375,63480500,4.26,0.01218488075237012,1.5838451105392042,660.6309997558594,674.1792004394531,0.20102268861897987,72.46409833647986,695.489990234375,-0.0014809246375662166,Above 50-day average
2026-04-15,695.260009765625,700.280029296875,694.2000122070312,699.9400024414062,698.1414184570312,58240400,4.29,0.007890994867038925,1.6042342190436925,662.0885009765625,674.2698010253906,0.20212557087513836,73.00469942195026,699.9400024414062,0.0,Above 50-day average
2026-04-16,701.0599975585938,702.780029296875,698.530029296875,701.6599731445312,699.8569946289062,49972400,4.32,0.002457311622604319,1.6106336340581322,664.1,674.5123999023438,0.19290811553253834,83.78925617424375,701.6599731445312,0.0,Above 50-day average
2026-04-17,706.1400146484375,712.3900146484375,705.760009765625,710.1400146484375,708.3152465820312,70661900,4.26,0.012085685130224011,1.6421849301497313,666.6170013427734,674.9914001464844,0.19432388662167246,96.83457661419152,710.1400146484375,0.0,Above 50-day average
2026-04-20,708.780029296875,709.9099731445312,706.1400146484375,708.719970703125,706.8988037109375,43546800,4.26,-0.001999667552905704,1.6369014386761345,669.6244995117188,675.6133996582031,0.17979779121020478,97.67673581305905,710.1400146484375,-0.001999667552905704,Above 50-day average
2026-04-21,710.280029296875,711.280029296875,702.6400146484375,704.0800170898438,702.2708129882812,58941400,4.3,-0.006546949154936255,1.6196377790305436,672.0595001220703,675.8826000976562,0.18242228039831937,90.24871228037455,710.1400146484375,-0.008533524986046315,Above 50-day average
2026-04-22,709.1500244140625,711.4500122070312,708.219970703125,711.2100219726562,709.3825073242188,42518500,4.3,0.010126696838070659,1.6461660566443426,674.9610015869141,676.2278002929687,0.181828390434908,90.56391446399329,711.2100219726562,0.0,Above 50-day average
2026-04-23,709.5,712.3599853515625,702.280029296875,708.4500122070312,706.6295776367188,56174000,4.34,-0.0038807239498251933,1.6358970166531082,677.5425018310547,676.5544006347657,0.18405208006928156,86.9730607847779,711.2100219726562,-0.0038807239498251933,Above 50-day average
2026-04-24,710.75,714.469970703125,709.010009765625,713.9400024414062,712.10546875,45182000,4.31,0.007749297960024215,1.656323368027092,680.9850006103516,676.9940002441406,0.16549501949960482,87.3963729065045,713.9400024414062,0.0,Above 50-day average
2026-04-27,713.1699829101562,715.6300048828125,712.2999877929688,715.1699829101562,713.332275390625,33135900,4.35,0.0017228064887020444,1.6608996991616198,685.0389984130859,677.6719995117187,0.14415476457218232,87.55542044978749,715.1699829101562,0.0,Above 50-day average
2026-04-28,711.8200073242188,712.8800048828125,709.25,711.6900024414062,709.8612060546875,43117400,4.36,-0.004865948728146163,1.6479518976547598,689.025,678.2707995605468,0.14556822169591055,79.15991184900601,715.1699829101562,-0.004865948728146163,Above 50-day average
2026-04-29,711.0,712.2000122070312,708.3699951171875,711.5800170898438,709.7515258789062,41859200,4.42,-0.00015454109399481997,1.6475426802716506,692.0869995117188,678.845400390625,0.11860135215173753,77.59200490068874,715.1699829101562,-0.005019737833101279,Above 50-day average
2026-04-30,714.6300048828125,719.7899780273438,710.4500122070312,718.6599731445312,716.8132934570312,67240900,4.4,0.009949627427204177,1.673884743537975,695.2579986572266,679.4928002929687,0.11971579492638214,80.61544357814171,718.6599731445312,0.0,Above 50-day average
2026-05-01,721.25,724.8699951171875,720.469970703125,720.6500244140625,718.7982177734375,43049800,4.39,0.0027691138283709726,1.6812890347567762,698.4989990234375,680.216201171875,0.11912041895397575,79.09723064649775,720.6500244140625,0.0,Above 50-day average
2026-05-04,720.0700073242188,722.1199951171875,714.989990234375,718.010009765625,716.1649780273438,51950600,4.45,-0.0036633796697419507,1.671466455018146,701.4529998779296,680.7878015136719,0.12280825951436143,71.94781348371617,720.6500244140625,-0.0036633796697419507,Above 50-day average
2026-05-05,721.77001953125,725.0399780273438,721.489990234375,723.77001953125,721.9102172851562,36933200,4.43,0.008022185884992261,1.6928974555058227,704.6805023193359,681.6154016113281,0.12257125760108131,72.09347332300425,723.77001953125,0.0,Above 50-day average
2026-05-06,728.1599731445312,734.5900268554688,727.8200073242188,733.8300170898438,731.9443359375,53288900,4.36,0.013899439445017592,1.7303272206202678,707.5715026855469,682.5450024414063,0.10168099991489554,75.83108547859703,733.8300170898438,0.0,Above 50-day average
2026-05-07,735.0499877929688,736.1300048828125,729.75,731.5800170898438,729.7001342773438,51724600,4.41,-0.0030661051573263043,1.7219557502479357,710.1550048828125,683.3136022949219,0.1045885057383227,69.12920311187932,733.8300170898438,-0.0030661051573263043,Above 50-day average
2026-05-08,734.9299926757812,738.0800170898438,734.5700073242188,737.6199951171875,735.724609375,47227100,4.38,0.008256073001242203,1.7444284156281338,713.0630035400391,684.2800024414063,0.10445795575520346,73.82135368243965,737.6199951171875,0.0,Above 50-day average
2026-05-11,736.4500122070312,740.7899780273438,736.4500122070312,739.2999877929688,737.4002685546875,44024000,4.42,0.002277585595431564,1.7506790862552615,715.7230041503906,685.3462023925781,0.10246246191425717,80.51993111589708,739.2999877929688,0.0,Above 50-day average
2026-05-12,736.8900146484375,738.8400268554688,731.8300170898438,738.1799926757812,736.2831420898438,54185300,4.46,-0.0015149399914519135,1.7465119725038432,717.9090026855469,686.3822021484375,0.09900504674255418,76.08821945759061,739.2999877929688,-0.0015149399914519135,Above 50-day average
2026-05-13,738.469970703125,743.9099731445312,735.469970703125,742.3099975585938,740.4025268554688,44200200,4.46,0.005594848036780231,1.7618782896211997,720.0275024414062,687.6218017578125,0.09785264611024885,81.90729915084421,742.3099975585938,0.0,Above 50-day average
2026-05-14,743.6500244140625,749.530029296875,743.5599975585938,748.1699829101562,746.2474975585938,45307600,4.47,0.007894256268722755,1.783681264622491,722.3530029296875,688.8826013183593,0.09937288059549279,82.03258867986602,748.1699829101562,0.0,Above 50-day average
2026-05-15,741.7899780273438,743.4600219726562,737.9600219726562,739.1699829101562,737.2706298828125,60410800,4.59,-0.012029351892724582,1.7501953831331627,723.8045013427734,690.0398010253906,0.10742089735780364,69.60785878129052,748.1699829101562,-0.012029351892724582,Above 50-day average
2026-05-18,739.8300170898438,741.4199829101562,733.3900146484375,738.6500244140625,736.751953125,47843900,4.61,-0.0007034356211904624,1.7482607977354334,725.3010040283203,691.3652014160157,0.10687359540874947,73.14565139702978,748.1699829101562,-0.012724325639293821,Above 50-day average
2026-05-19,734.780029296875,737.6500244140625,731.530029296875,733.72998046875,731.8446044921875,54255900,4.67,-0.006660859382243145,1.7299550190159865,726.7835021972656,692.4744006347656,0.10699641104719029,67.5653986259585,748.1699829101562,-0.019300430077719755,Above 50-day average
2026-05-20,735.7100219726562,741.8699951171875,733.8900146484375,741.25,739.3452758789062,45768000,4.57,0.010249028568310337,1.7579344059960835,728.2855010986328,693.75580078125,0.10711914978167154,67.79020996499781,748.1699829101562,-0.009249212168656595,Above 50-day average
2026-05-21,738.6400146484375,744.8699951171875,737.030029296875,742.719970703125,740.8114624023438,43332200,4.57,0.0019830970699832307,1.7634036576358203,729.9989990234375,695.0835998535156,0.10477922601348835,67.5241833866434,748.1699829101562,-0.0072844571842247685,Above 50-day average
2026-05-22,746.239990234375,748.9400024414062,744.47998046875,745.6400146484375,743.7239990234375,41762000,4.56,0.00393155436839554,1.7742681293576386,731.5839996337891,696.6752001953125,0.10304917169277429,71.8419010931324,748.1699829101562,-0.003381542055293285,Above 50-day average
2026-05-26,750.010009765625,752.1300048828125,748.3699951171875,750.5900268554688,748.6613159179688,41123600,4.5,0.0066386085909901915,1.7926854095949025,733.3550018310547,698.441201171875,0.10422138626493968,71.47662257811942,750.5900268554688,0.0,Above 50-day average
2026-05-27,750.8800048828125,751.3800048828125,748.219970703125,750.4600219726562,748.5316162109375,42106300,4.48,-0.0001732035840619206,1.7922017064728033,735.2935028076172,700.0698010253906,0.10114384075772877,65.83508073702465,750.5900268554688,-0.0001732035840619206,Above 50-day average
2026-05-28,750.25,755.1500244140625,749.22998046875,754.5999755859375,752.6609497070312,41562600,4.45,0.0055165545026623075,1.8076050393689873,737.4445007324218,701.7460009765625,0.10104283789855437,71.15806433154678,754.5999755859375,0.0,Above 50-day average
2026-05-29,755.9000244140625,758.0800170898438,754.6900024414062,756.47998046875,754.5361328125,55075700,4.45,0.002491392716190699,1.8145998861140114,739.3355010986328,703.6470007324219,0.09760849987708418,68.76989352861996,756.47998046875,0.0,Above 50-day average
2026-06-01,755.3599853515625,760.280029296875,754.6900024414062,758.5399780273438,756.5908203125,43634900,4.47,0.00272313559086812,1.8222644232379417,741.2299987792969,705.6218005371094,0.09760748994455279,69.0043382954044,758.5399780273438,0.0,Above 50-day average
2026-06-02,757.030029296875,760.4000244140625,756.75,759.5700073242188,757.6182250976562,31581900,4.46,0.0013579103629497435,1.8260968053452409,743.3079986572266,707.8418005371094,0.09493614878944676,71.16564639490556,759.5700073242188,0.0,Above 50-day average
2026-06-03,758.1500244140625,758.7999877929688,753.5700073242188,754.239990234375,752.3018798828125,51402500,4.49,-0.007017150543661033,1.8062656586111738,744.8314971923828,709.8190002441406,0.09896034870439262,61.531010152853234,759.5700073242188,-0.007017150543661033,Above 50-day average
2026-06-04,752.0999755859375,758.3099975585938,751.469970703125,757.0900268554688,755.1445922851562,49923000,4.47,0.003778686701839007,1.8168696573371954,745.994497680664,711.8972009277344,0.08894545097842292,59.154379063678384,759.5700073242188,-0.0032649794552662703,Above 50-day average
2026-06-05,752.3099975585938,752.8200073242188,735.530029296875,737.5499877929688,735.65478515625,93989400,4.55,-0.0258093996346227,1.744167942632337,746.2929962158203,713.5118005371094,0.13126130983697648,48.633149246383326,759.5700073242188,-0.028990111930329077,Above 50-day average
2026-06-08,743.3599853515625,745.3400268554688,738.1900024414062,739.219970703125,737.3204345703125,49319100,4.56,0.0022642301373410056,1.7503813703899702,746.3729949951172,715.3943994140625,0.1282165215551188,50.47173052053023,759.5700073242188,-0.026791522078105756,Above 50-day average
2026-06-09,743.6300048828125,746.9000244140625,722.5900268554688,737.0499877929688,735.1560668945312,87683500,4.53,-0.002935503633772485,1.7423076158829303,746.2604949951171,717.4535986328125,0.1283988015895792,52.87894714000061,759.5700073242188,-0.029648379101463673,Above 50-day average
2026-06-10,733.3900146484375,738.3800048828125,725.3300170898438,725.4299926757812,723.56591796875,60341300,4.55,-0.015765545498457323,1.6990736403939617,745.6229949951172,719.3227990722656,0.13989988801129943,37.19236626586038,759.5700073242188,-0.044946501730241395,Above 50-day average
2026-06-11,728.760009765625,740.0,724.4099731445312,737.760009765625,735.8642578125,86330500,4.45,0.016996839411566045,1.744949361619729,745.3954956054688,721.0711987304687,0.15216548937852512,46.58499522612051,759.5700073242188,-0.02871361079069601,Above 50-day average
2026-06-12,740.7100219726562,744.4400024414062,735.030029296875,741.75,739.843994140625,57079500,4.48,0.005408249541260179,1.7597947327454913,745.074496459961,722.8013989257812,0.1506461080258991,47.36055686145884,759.5700073242188,-0.023460651621822648,Above 50-day average
2026-06-15,751.8499755859375,756.6799926757812,751.760009765625,754.8300170898438,752.890380859375,60176400,4.47,0.017633996750716197,1.8084609440953687,745.8574981689453,724.7813989257812,0.15691039637819537,52.591045399615076,759.5700073242188,-0.006240359925575256,Above 50-day average
2026-06-16,754.5499877929688,755.4400024414062,749.8800048828125,750.3300170898438,748.4019775390625,67093100,4.43,-0.005961607114339795,1.7917180033507045,746.4414978027344,726.6093994140625,0.15880851572114035,49.92458244165938,759.5700073242188,-0.012164764465786737,Above 50-day average
2026-06-17,751.2899780273438,752.1500244140625,739.219970703125,740.9600219726562,739.0560302734375,85945200,4.49,-0.012487831892330603,1.756855498234068,746.8029998779297,728.2442004394532,0.16372597432491467,42.53995955474163,759.5700073242188,-0.024500684824458774,Above 50-day average
2026-06-18,747.760009765625,748.22998046875,743.8599853515625,746.739990234375,746.739990234375,80875700,4.46,0.007800647930141791,1.7783607573700677,747.0774993896484,729.6588000488281,0.162022323924873,44.89090261787614,759.5700073242188,-0.016891158110679982,Above 50-day average
2026-06-22,747.7000122070312,750.1799926757812,743.1300048828125,744.3900146484375,744.3900146484375,46628100,4.51,-0.003146979693962715,1.769617312484121,747.161001586914,730.9484008789062,0.16238828306805925,42.60016916963246,759.5700073242188,-0.019984981673060953,Above 50-day average
2026-06-23,733.8099975585938,739.6300048828125,732.2999877929688,733.5800170898438,733.5800170898438,66846800,4.5,-0.014521954010491611,1.7293970572455653,746.5580017089844,732.03080078125,0.16975146284759038,37.66961446913494,759.5700073242188,-0.034216714698795725,Above 50-day average
2026-06-24,735.1699829101562,739.9500122070312,730.8400268554688,733.239990234375,733.239990234375,57439500,4.41,-0.0004635170636431152,1.7281319351360747,745.6904998779297,732.9736010742188,0.16750275731604697,39.54183521241324,759.5700073242188,-0.0346643717313142,Above 50-day average
2026-06-25,738.9099731445312,739.3699951171875,729.5999755859375,734.2999877929688,734.2999877929688,53934400,4.4,0.0014456352254532678,1.7320758187611913,744.8824981689453,733.770400390625,0.1677219721604307,38.4443553149058,759.5700073242188,-0.033268848542703955,Above 50-day average
2026-06-26,728.9500122070312,736.530029296875,716.5800170898438,728.989990234375,728.989990234375,71034000,4.38,-0.007231373616869652,1.7123191577661139,743.6019989013672,734.3514001464844,0.16722131707688873,44.92770605888978,759.5700073242188,-0.040259642685958275,Below 50-day average
2026-06-29,736.530029296875,741.5599975585938,732.0900268554688,741.0,741.0,58035200,4.38,0.016474862380159383,1.7570042426213806,742.8279998779296,735.1382006835937,0.17880455801976944,50.93962724210189,759.5700073242188,-0.024448052378524543,Above 50-day average
2026-06-30,741.2899780273438,748.02001953125,740.8900146484375,746.77001953125,746.77001953125,55626000,4.44,0.007786800986842035,1.7784724859785523,742.239501953125,735.87080078125,0.1810817132425842,54.943058896562434,759.5700073242188,-0.016851623510069857,Above 50-day average
2026-07-01,745.0,749.4400024414062,742.3800048828125,745.760009765625,745.760009765625,47100900,4.48,-0.001352504438058455,1.7747145896102432,741.5490020751953,736.6116015625,0.18092479053143393,61.589335307760884,759.5700073242188,-0.018181336052542463,Above 50-day average
2026-07-02,747.4000244140625,751.3099975585938,740.030029296875,744.780029296875,744.780029296875,57447800,4.49,-0.001314069480687241,1.7710684218504187,741.0760040283203,737.4256018066407,0.17947535088923416,54.59666113012576,759.5700073242188,-0.019471513994404943,Above 50-day average
2026-07-06,748.739990234375,752.4099731445312,747.4099731445312,751.280029296875,751.280029296875,50673300,4.48,0.008727409093039817,1.7952526695927116,740.7855041503906,738.227001953125,0.18190886183508778,56.04160636926311,759.5700073242188,-0.010914040769655076,Above 50-day average
2026-07-07,750.219970703125,750.9600219726562,745.2100219726562,747.7100219726562,747.7100219726562,43721500,4.55,-0.004751899671231685,1.7819699093510644,741.293505859375,739.0122021484375,0.15633787459059978,44.867361144110234,759.5700073242188,-0.015614078014141608,Above 50-day average
2026-07-08,743.1599731445312,746.1500244140625,739.510009765625,745.4000244140625,745.4000244140625,43767400,4.56,-0.0030894297130047432,1.7733752088524302,741.6025085449219,739.6414025878906,0.15679550211401183,46.33021145593009,759.5700073242188,-0.018655269130588348,Above 50-day average
2026-07-09,747.3499755859375,751.969970703125,745.5900268554688,751.7100219726562,751.7100219726562,41441700,4.54,0.00846525000257925,1.7968525233463213,742.3355102539062,740.3722033691406,0.15872896432067815,58.38402936847497,759.5700073242188,-0.010347940645064835,Above 50-day average
2026-07-10,752.0499877929688,755.4199829101562,748.0999755859375,754.9500122070312,754.9500122070312,42191300,4.56,0.0043101596888019955,1.808907404347973,743.8115112304688,741.2374035644531,0.14603935679646204,56.667225106392685,759.5700073242188,-0.0060823822328933685,Above 50-day average
2026-07-13,752.469970703125,753.9099731445312,748.0,749.1699829101562,749.1699829101562,44013600,4.62,-0.007656174850540931,1.7874019181213057,744.3820098876953,741.9892028808594,0.1385712751314843,53.67689521024713,759.5700073242188,-0.013691989301551355,Above 50-day average
2026-07-14,750.9099731445312,753.3400268554688,748.6599731445312,751.8300170898438,751.8300170898438,35143100,4.58,0.00355064169730146,1.797298983598925,744.8860107421875,742.6526037597656,0.1379079035725813,66.0509838614091,759.5700073242188,-0.010189962952382947,Above 50-day average
2026-07-15,754.239990234375,755.5800170898438,750.2000122070312,754.8099975585938,754.8099975585938,43844800,4.55,0.003963635929681075,1.8083864583563782,744.885009765625,743.3358032226563,0.12343636896955708,68.1290878591545,759.5700073242188,-0.00626671632598208,Above 50-day average
2026-07-16,752.760009765625,754.5700073242188,747.8800048828125,750.719970703125,750.719970703125,46409800,4.57,-0.005418617756386079,1.7931688856263341,744.904507446289,743.9900024414062,0.12310154200598812,63.131767234941115,759.5700073242188,-0.011651377142009922,Above 50-day average
2026-07-17,742.0800170898438,747.2899780273438,740.7999877929688,743.2899780273438,743.2899780273438,62651000,4.55,-0.009897156017872222,1.7655244573810238,745.0210052490235,744.3804016113281,0.11990258869801107,61.061239982890534,759.5700073242188,-0.021433217662484627,Below 50-day average
2026-07-20,747.0599975585938,748.72998046875,741.510009765625,742.0900268554688,742.0900268554688,50422300,4.6,-0.0016143782471810253,1.761059854854981,744.7885070800781,744.5456018066407,0.11658181271997901,51.01247121438719,759.5700073242188,-0.02301299458930417,Below 50-day average
2026-07-21,746.2899780273438,749.0399780273438,744.1799926757812,748.280029296875,748.280029296875,34324300,4.63,0.008341309298597777,1.7840907090962679,744.9830078125,744.8796020507813,0.11992758000416903,51.39171406970046,759.5700073242188,-0.014863643796462656,Above 50-day average
2026-07-22,746.6199951171875,750.02001953125,746.3699951171875,747.4099731445312,747.4099731445312,32836200,4.67,-0.0011627413779321527,1.7808535316288854,745.6745056152344,745.0754016113282,0.10669212633350456,51.52463681800801,759.5700073242188,-0.016009102600725855,Above 50-day average
2026-07-23,739.3699951171875,742.5599975585938,735.2100219726562,738.1799926757812,738.1799926757812,55437300,4.71,-0.012349287272575782,1.7465119725038432,745.9215057373046,745.0530017089844,0.11666485113469949,44.708120821331356,759.5700073242188,-0.02816068886630918,Below 50-day average
2026-07-24,738.510009765625,743.719970703125,737.2899780273438,738.9299926757812,738.9299926757812,44782000,4.69,0.0010160123647910968,1.7493024626279539,746.1530059814453,745.0680017089844,0.11662185431463322,39.09200980270599,759.5700073242188,-0.027173288109607285,Below 50-day average
2026-07-27,744.9099731445312,745.530029296875,735.8699951171875,739.0900268554688,739.0900268554688,41461200,4.65,0.0002165755636849287,1.7498978943585377,746.6580078125,745.0036022949218,0.11315373533872651,41.89851198329566,759.5700073242188,-0.02696259761611175,Below 50-day average
2026-07-28,739.1900024414062,742.7899780273438,735.97998046875,740.8599853515625,740.8599853515625,47322200,4.61,0.002394780651586048,1.7564832966297845,746.6510070800781,744.85740234375,0.09702838246430202,45.68929347158379,759.5700073242188,-0.024632386471613255,Below 50-day average
2026-07-29,739.969970703125,742.6799926757812,729.0999755859375,729.4600219726562,729.4600219726562,70697200,4.67,-0.015387473482586067,1.7140679829977024,745.7855072021484,744.663203125,0.10676912280782137,30.735930735930737,759.5700073242188,-0.0396408297605545,Below 50-day average
2026-07-30,736.0499877929688,742.4500122070312,734.5900268554688,741.6900024414062,741.6900024414062,66811300,4.68,0.01676579949601198,1.7595715026191874,745.5820068359375,744.7240026855469,0.12425276576365894,40.06591871001255,759.5700073242188,-0.023539640468163592,Below 50-day average
2026-07-31,744.6799926757812,748.9000244140625,737.6799926757812,747.030029296875,747.030029296875,62445900,4.75,0.007199809675054292,1.779439892222749,745.6945068359375,744.9900036621094,0.1269272141387144,48.38615836554634,759.5700073242188,-0.016509311724299147,Above 50-day average
2026-08-03,749.4400024414062,758.5800170898438,748.7999877929688,757.6699829101562,757.6699829101562,59927500,4.7,0.01424300656734756,1.8190274728612255,746.0140045166015,745.3184033203125,0.1332074088898134,53.93105352333028,759.5700073242188,-0.002501447392263212,Above 50-day average
2026-08-04,760.6300048828125,773.4099731445312,760.52001953125,771.3300170898438,771.3300170898438,69154800,4.63,0.018029002715958642,1.8698517268258024,747.1950042724609,745.8906042480469,0.145380642685364,59.722238186645825,771.3300170898438,0.0,Above 50-day average
2026-08-05,775.8499755859375,776.8499755859375,769.510009765625,769.7899780273438,769.7899780273438,44689100,4.63,-0.0019966020100066206,1.8641217750996009,748.414501953125,746.373603515625,0.14496466316517725,61.570206005754684,771.3300170898438,-0.0019966020100066206,Above 50-day average
2026-08-06,770.2100219726562,771.8200073242188,767.4600219726562,768.5599975585938,768.5599975585938,38416900,4.69,-0.001597813044932006,1.859545443965073,749.2570007324218,746.7330029296875,0.1430791422748544,66.5792103948026,771.3300170898438,-0.003591224858201403,Above 50-day average
2026-08-07,771.02001953125,773.9199829101562,769.6099853515625,773.260009765625,773.260009765625,43586300,4.65,0.006115348472417681,1.8770325608276335,750.1725006103516,747.1890026855468,0.14375028162764802,69.55211034871425,773.260009765625,0.0,Above 50-day average
2026-08-10,772.5999755859375,775.0499877929688,771.6199951171875,773.030029296875,773.030029296875,39249500,4.72,-0.00029741673673222557,1.8761768831919197,751.3655029296875,747.5576037597656,0.14003693357586772,66.77966101694915,773.260009765625,-0.00029741673673222557,Above 50-day average
2026-08-11,774.530029296875,774.6099853515625,769.2000122070312,770.5599975585938,770.5599975585938,36740600,4.7,-0.0031952597501651026,1.8669867509627012,752.302001953125,747.8392041015625,0.14083927627777426,65.3616668313712,773.260009765625,-0.003491726163169395,Above 50-day average
2026-08-12,774.7100219726562,774.9000244140625,771.280029296875,772.489990234375,772.489990234375,33179100,4.68,0.0025046624297864195,1.8741675849645327,753.186001586914,748.1182043457031,0.14056391550266006,75.20940757768867,773.260009765625,-0.0009958093287190106,Above 50-day average
2026-08-13,774.8699951171875,779.3699951171875,774.1099853515625,777.8800048828125,777.8800048828125,35634500,4.63,0.006977455651952402,1.8942219618249019,754.5440032958984,748.484404296875,0.13971221238915327,76.79186332290192,777.8800048828125,0.0,Above 50-day average
2026-08-14,778.5399780273438,778.7999877929688,775.4299926757812,776.3400268554688,776.3400268554688,31332500,4.63,-0.0019797115463531245,1.8884922371893684,756.1965057373047,748.9264050292969,0.13360198870214346,75.1451512160071,777.8800048828125,-0.0019797115463531245,Above 50-day average
