date,open,high,low,close,adj_close,volume,dgs10
2018-01-02,267.8399963378906,268.8099975585937,267.3999938964844,268.7699890136719,235.3697662353516,86655700,2.46
2018-01-03,268.9599914550781,270.6400146484375,268.9599914550781,270.4700012207031,236.85855102539065,90070400,2.44
2018-01-04,271.20001220703125,272.1600036621094,270.5400085449219,271.6099853515625,237.8568572998047,80636400,2.46
2018-01-05,272.510009765625,273.5599975585937,271.95001220703125,273.4200134277344,239.4419403076172,83524000,2.47
2018-01-08,273.3099975585937,274.1000061035156,272.9800109863281,273.9200134277344,239.8798675537109,57319200,2.49
2018-01-09,274.3999938964844,275.25,274.0799865722656,274.5400085449219,240.42279052734372,57254000,2.55
2018-01-10,273.67999267578125,274.4200134277344,272.9200134277344,274.1199951171875,240.05503845214844,69574300,2.55
2018-01-11,274.75,276.1199951171875,274.5599975585937,276.1199951171875,241.8064117431641,62361500,2.54
2018-01-12,276.4200134277344,278.1099853515625,276.0799865722656,277.9200134277344,243.38275146484372,90816100,2.55
2018-01-16,279.3500061035156,280.0899963378906,276.17999267578125,276.9700012207031,242.55079650878903,106555100,2.54
2018-01-17,278.0299987792969,280.04998779296875,276.9700012207031,279.6099853515625,244.8627471923828,113258800,2.57
2018-01-18,279.4800109863281,279.9599914550781,278.5799865722656,279.1400146484375,244.4511566162109,100728000,2.62
2018-01-19,279.79998779296875,280.4100036621094,279.1400146484375,280.4100036621094,245.56336975097656,140920100,2.64
2018-01-22,280.1700134277344,282.69000244140625,280.1099853515625,282.69000244140625,247.55992126464844,91322400,2.66
2018-01-23,282.739990234375,283.6199951171875,282.3699951171875,283.2900085449219,248.0853576660156,97084700,2.63
2018-01-24,284.0199890136719,284.70001220703125,281.8399963378906,283.17999267578125,247.98904418945312,134816100,2.65
2018-01-25,284.1600036621094,284.2699890136719,282.3999938964844,283.29998779296875,248.09410095214844,84587300,2.63
2018-01-26,284.25,286.6300048828125,283.9599914550781,286.5799865722656,250.9665679931641,107743100,2.66
2018-01-29,285.92999267578125,286.42999267578125,284.5,284.67999267578125,249.30262756347656,90118300,2.7
2018-01-30,282.6000061035156,284.739990234375,281.2200012207031,281.760009765625,246.7455596923828,131796400,2.73
2018-01-31,282.7300109863281,283.29998779296875,280.67999267578125,281.8999938964844,246.86810302734372,108364800,2.72
2018-02-01,281.07000732421875,283.0599975585937,280.67999267578125,281.5799865722656,246.58782958984372,90102500,2.78
2018-02-02,280.0799865722656,280.2300109863281,275.4100036621094,275.45001220703125,241.2196807861328,173174800,2.84
2018-02-05,273.45001220703125,275.8500061035156,263.3099975585937,263.92999267578125,231.1312713623047,294681800,2.77
2018-02-06,259.94000244140625,269.70001220703125,258.70001220703125,269.1300048828125,235.68508911132807,355026800,2.79
2018-02-07,268.5,272.3599853515625,267.5799865722656,267.6700134277344,234.40652465820312,167376100,2.84
2018-02-08,268.010009765625,268.1700134277344,257.5899963378906,257.6300048828125,225.6142425537109,246449500,2.85
2018-02-09,260.79998779296875,263.6099853515625,252.9199981689453,261.5,229.00326538085935,283565300,2.83
2018-02-12,263.8299865722656,267.010009765625,261.6600036621094,265.3399963378906,232.36605834960935,143736000,2.86
2018-02-13,263.9700012207031,266.6199951171875,263.3099975585937,266.0,232.9439849853516,81223600,2.83
2018-02-14,264.3099975585937,270.0,264.29998779296875,269.5899963378906,236.0879821777344,120735700,2.91
2018-02-15,271.57000732421875,273.0400085449219,268.7699890136719,273.0299987792969,239.10040283203125,111200300,2.9
2018-02-16,272.32000732421875,275.32000732421875,272.2699890136719,273.1099853515625,239.1704559326172,160420100,2.87
2018-02-20,272.0299987792969,273.6700134277344,270.5,271.3999938964844,237.6729736328125,86369700,2.88
2018-02-21,271.8999938964844,274.7200012207031,269.94000244140625,270.04998779296875,236.4907684326172,98883700,2.94
2018-02-22,271.1000061035156,273.04998779296875,269.6400146484375,270.3999938964844,236.7972869873047,110511300,2.92
2018-02-23,271.7900085449219,274.7099914550781,271.25,274.7099914550781,240.5717010498047,92766400,2.88
2018-02-26,275.92999267578125,278.010009765625,275.260009765625,277.8999938964844,243.365234375,86491400,2.86
2018-02-27,278.1099853515625,278.9200134277344,274.3599853515625,274.42999267578125,240.32647705078125,99099200,2.9
2018-02-28,275.67999267578125,276.19000244140625,271.2900085449219,271.6499938964844,237.8919219970703,121907800,2.87
2018-03-01,271.4100036621094,273.1700134277344,266.0,267.70001220703125,234.43284606933597,176855100,2.81
2018-03-02,265.79998779296875,269.7200012207031,264.82000732421875,269.0799865722656,235.6412811279297,139083200,2.86
2018-03-05,267.7300109863281,272.8900146484375,267.6099853515625,272.19000244140625,238.36480712890625,97307400,2.88
2018-03-06,273.29998779296875,273.3900146484375,271.17999267578125,272.8800048828125,238.9690704345703,79213200,2.88
2018-03-07,270.4200134277344,273.17999267578125,270.20001220703125,272.7799987792969,238.8815155029297,87063500,2.89
2018-03-08,273.54998779296875,274.239990234375,272.4200134277344,274.1000061035156,240.03753662109372,66901200,2.86
2018-03-09,275.70001220703125,278.8699951171875,275.3399963378906,278.8699951171875,244.21469116210935,113625300,2.9
2018-03-12,279.20001220703125,279.9100036621094,278.0799865722656,278.5199890136719,243.90817260742188,71924800,2.87
2018-03-13,279.8399963378906,280.4100036621094,276.0299987792969,276.7200012207031,242.33189392089844,91968900,2.84
2018-03-14,277.8099975585937,278.0199890136719,274.6700134277344,275.29998779296875,241.0882873535156,105895100,2.81
2018-03-15,275.8800048828125,276.6099853515625,274.42999267578125,275.0,240.8256378173828,83433000,2.82
2018-03-16,274.5,275.3900146484375,274.1400146484375,274.20001220703125,241.0867462158203,100343700,2.85
2018-03-19,273.3500061035156,274.3999938964844,268.6199951171875,270.489990234375,237.8247528076172,109208400,2.85
2018-03-20,270.94000244140625,271.6700134277344,270.17999267578125,270.95001220703125,238.2292633056641,59757300,2.89
2018-03-21,270.8999938964844,273.2699890136719,270.19000244140625,270.42999267578125,237.7720489501953,78709600,2.89
2018-03-22,267.9100036621094,268.8699951171875,263.3599853515625,263.6700134277344,231.82839965820312,148785900,2.83
2018-03-23,264.1700134277344,264.5400085449219,257.8299865722656,258.04998779296875,226.88705444335935,183534800,2.82
2018-03-26,262.1300048828125,265.42999267578125,259.4100036621094,265.1099853515625,233.09446716308597,141956100,2.85
2018-03-27,266.1700134277344,266.7699890136719,258.8399963378906,260.6000061035156,229.12913513183597,129941400,2.78
2018-03-28,260.75,262.6400146484375,258.5799865722656,259.8299865722656,228.45211791992188,146452300,2.77
2018-03-29,261.1199951171875,265.260009765625,259.8399963378906,263.1499938964844,231.37120056152344,111601600,2.74
2018-04-02,262.54998779296875,263.1300048828125,254.6699981689453,257.4700012207031,226.3770904541016,186286300,2.73
2018-04-03,258.8699951171875,261.3099975585937,256.8399963378906,260.7699890136719,229.27865600585935,119956900,2.79
2018-04-04,256.75,264.3599853515625,256.6000061035156,263.5599975585937,231.73165893554688,123715300,2.79
2018-04-05,265.54998779296875,266.6400146484375,264.32000732421875,265.6400146484375,233.560546875,82652600,2.83
2018-04-06,263.4200134277344,265.1099853515625,258.0,259.7200012207031,228.35543823242188,179521200,2.77
2018-04-09,261.3699951171875,264.8399963378906,259.94000244140625,261.0,229.4808349609375,105442900,2.78
2018-04-10,264.2699890136719,266.0400085449219,262.9800109863281,265.1499938964844,233.1296539306641,103529000,2.8
2018-04-11,263.4700012207031,265.6400146484375,263.3900146484375,263.760009765625,231.9075469970703,91140200,2.79
2018-04-12,265.260009765625,267.0,265.0599975585937,265.92999267578125,233.8155059814453,68890500,2.83
2018-04-13,267.4100036621094,267.5400085449219,264.010009765625,265.1499938964844,233.1296539306641,85079200,2.82
2018-04-16,267.0,268.20001220703125,266.07000732421875,267.3299865722656,235.0463714599609,63405300,2.83
2018-04-17,269.3299865722656,270.8699951171875,268.75,270.19000244140625,237.56106567382807,64682000,2.82
2018-04-18,270.69000244140625,271.29998779296875,269.8699951171875,270.3900146484375,237.73692321777344,57303900,2.87
2018-04-19,269.6499938964844,269.8800048828125,267.7200012207031,268.8900146484375,236.41798400878903,77655900,2.92
2018-04-20,268.8099975585937,269.0599975585937,265.6099853515625,266.6099853515625,234.4133453369141,99953100,2.96
2018-04-23,267.260009765625,267.8900146484375,265.3500061035156,266.57000732421875,234.3781890869141,65558000,2.98
2018-04-24,267.7300109863281,267.9800109863281,261.2799987792969,262.9800109863281,231.2217254638672,112885500,3.0
2018-04-25,262.9100036621094,264.1300048828125,260.8500061035156,263.6300048828125,231.7932891845703,103840900,3.03
2018-04-26,264.7900085449219,267.25,264.2900085449219,266.3099975585937,234.1495819091797,67731900,3.0
2018-04-27,267.0,267.3399963378906,265.5,266.5599975585937,234.36932373046875,57053600,2.96
2018-04-30,267.260009765625,267.8900146484375,264.42999267578125,264.510009765625,232.56700134277344,82182300,2.95
2018-05-01,263.8699951171875,265.1000061035156,262.1099853515625,264.9800109863281,232.9802398681641,74203400,2.97
2018-05-02,264.760009765625,265.67999267578125,262.760009765625,263.20001220703125,231.41514587402344,86368900,2.97
2018-05-03,262.260009765625,263.3599853515625,259.04998779296875,262.6199951171875,230.90512084960935,136311500,2.94
2018-05-04,261.5199890136719,266.7900085449219,261.1499938964844,266.0199890136719,233.89459228515625,91222100,2.95
2018-05-07,266.8900146484375,268.0199890136719,266.1099853515625,266.9200134277344,234.68589782714844,55304900,2.95
2018-05-08,266.5,267.3299865722656,265.1499938964844,266.9200134277344,234.68589782714844,67499200,2.97
2018-05-09,267.67999267578125,269.8699951171875,267.0899963378906,269.5,236.95437622070312,59666100,3.0
2018-05-10,270.3399963378906,272.3900146484375,270.2200012207031,272.0199890136719,239.1700592041016,72063900,2.97
2018-05-11,272.1600036621094,273.1499938964844,271.5799865722656,272.8500061035156,239.89971923828125,59871500,2.97
2018-05-14,273.3399963378906,274.0799865722656,272.3599853515625,272.9800109863281,240.0140838623047,54790600,3.0
2018-05-15,271.5899963378906,271.6099853515625,270.0299987792969,271.1000061035156,238.36105346679688,87036100,3.08
2018-05-16,271.1400146484375,272.760009765625,271.1099853515625,272.239990234375,239.3634490966797,53942600,3.09
2018-05-17,271.94000244140625,273.2300109863281,271.1300048828125,272.010009765625,239.16116333007807,56536400,3.11
2018-05-18,271.6199951171875,272.0299987792969,270.92999267578125,271.3299865722656,238.5632781982422,64368000,3.06
2018-05-21,273.010009765625,273.9800109863281,272.57000732421875,273.3699951171875,240.35699462890625,58025900,3.06
2018-05-22,273.9599914550781,274.25,272.239990234375,272.6099853515625,239.688720703125,52966400,3.06
2018-05-23,271.1700134277344,273.3900146484375,270.989990234375,273.3599853515625,240.3481292724609,64694200,3.01
2018-05-24,272.9100036621094,273.2200012207031,270.7799987792969,272.79998779296875,239.8558654785156,76043800,2.98
2018-05-25,272.1499938964844,272.8599853515625,271.5799865722656,272.1499938964844,239.2842559814453,56374800,2.93
2018-05-29,270.3099975585937,271.1700134277344,267.760009765625,269.0199890136719,236.53233337402344,115908600,2.77
2018-05-30,270.5,273.1099853515625,270.4200134277344,272.6099853515625,239.688720703125,69678400,2.84
2018-05-31,272.1499938964844,272.489990234375,270.260009765625,270.94000244140625,238.22039794921875,93519900,2.83
2018-06-01,272.4100036621094,273.94000244140625,272.3299865722656,273.6000061035156,240.5592193603516,71258400,2.89
2018-06-04,274.5299987792969,275.19000244140625,274.260009765625,274.8999938964844,241.70230102539065,45385200,2.94
2018-06-05,275.04998779296875,275.5299987792969,274.17999267578125,275.1000061035156,241.8780670166016,51135000,2.92
2018-06-06,275.7900085449219,277.5199890136719,275.0899963378906,277.3999938964844,243.9002990722656,62732200,2.97
2018-06-07,277.95001220703125,278.2799987792969,276.3399963378906,277.3699951171875,243.87396240234372,72969400,2.93
2018-06-08,276.8500061035156,278.25,276.6600036621094,278.19000244140625,244.59490966796875,72139700,2.93
2018-06-11,278.44000244140625,279.3699951171875,278.3099975585937,278.5599975585937,244.92022705078125,58892500,2.96
2018-06-12,279.0299987792969,279.3299865722656,278.19000244140625,278.9200134277344,245.2367706298828,72329000,2.96
2018-06-13,279.19000244140625,279.4800109863281,277.79998779296875,278.0299987792969,244.4542388916016,79070600,2.98
2018-06-14,279.010009765625,279.3299865722656,278.0599975585937,278.7300109863281,245.06976318359372,77097600,2.94
2018-06-15,276.6000061035156,277.510009765625,275.3500061035156,277.1300048828125,244.7570037841797,120041600,2.93
2018-06-18,275.489990234375,276.70001220703125,274.95001220703125,276.5599975585937,244.25363159179688,52917600,2.92
2018-06-19,274.0,275.75,273.5299987792969,275.5,243.31756591796875,97531500,2.89
2018-06-20,276.2699890136719,276.7200012207031,275.5899963378906,275.9700012207031,243.73252868652344,53785500,2.93
2018-06-21,275.9599914550781,275.9800109863281,273.67999267578125,274.239990234375,242.2047119140625,71061400,2.9
2018-06-22,275.6600036621094,275.7900085449219,274.489990234375,274.739990234375,242.6462860107422,54898500,2.9
2018-06-25,273.44000244140625,273.6199951171875,269.1000061035156,271.0,239.3431396484375,137854200,2.87
2018-06-26,271.6400146484375,272.5599975585937,270.7900085449219,271.6000061035156,239.8730010986328,68547400,2.88
2018-06-27,272.260009765625,273.8699951171875,269.17999267578125,269.3500061035156,237.8858642578125,105110700,2.83
2018-06-28,269.2900085449219,271.75,268.489990234375,270.8900146484375,239.2460479736328,76650500,2.84
2018-06-29,272.1199951171875,273.6600036621094,271.1499938964844,271.2799987792969,239.59043884277344,97592500,2.85
2018-07-02,269.510009765625,272.0400085449219,269.239990234375,271.8599853515625,240.1026611328125,63554800,2.87
2018-07-03,272.8699951171875,272.9800109863281,270.4200134277344,270.8999938964844,239.25485229492188,42187100,2.83
2018-07-05,272.1700134277344,273.17999267578125,270.9599914550781,273.1099853515625,241.20660400390625,56925900,2.84
2018-07-06,273.1400146484375,275.8399963378906,272.7099914550781,275.4200134277344,243.24679565429688,66493700,2.82
2018-07-09,276.54998779296875,277.9599914550781,276.5,277.8999938964844,245.43716430664065,50550400,2.86
2018-07-10,278.4100036621094,279.010009765625,278.0799865722656,278.8999938964844,246.3202667236328,51966800,2.87
2018-07-11,277.1499938964844,278.0400085449219,276.5199890136719,276.8599853515625,244.51866149902344,77054700,2.85
2018-07-12,278.2799987792969,279.42999267578125,277.6000061035156,279.3699951171875,246.7354431152344,60124700,2.85
2018-07-13,279.1700134277344,279.92999267578125,278.6600036621094,279.5899963378906,246.9297332763672,48216000,2.83
2018-07-16,279.6400146484375,279.79998779296875,278.8399963378906,279.3399963378906,246.7089385986328,48201000,2.85
2018-07-17,278.4700012207031,280.9100036621094,278.4100036621094,280.4700012207031,247.70684814453125,52315500,2.86
2018-07-18,280.5599975585937,281.17999267578125,280.0599975585937,281.0599975585937,248.22804260253903,44593500,2.88
2018-07-19,280.3099975585937,280.739990234375,279.4599914550781,280.0,247.29183959960935,61412100,2.84
2018-07-20,279.7699890136719,280.4800109863281,279.5,279.67999267578125,247.0091857910156,82337700,2.89
2018-07-23,279.45001220703125,280.42999267578125,279.0599975585937,280.20001220703125,247.468505859375,47047600,2.96
2018-07-24,281.7900085449219,282.5599975585937,280.6300048828125,281.6099853515625,248.7136688232422,68026900,2.95
2018-07-25,281.3299865722656,284.3699951171875,281.2799987792969,284.010009765625,250.83349609375,78882900,2.94
2018-07-26,283.20001220703125,284.1099853515625,283.0899963378906,283.3399963378906,250.24166870117188,57919500,2.98
2018-07-27,283.7099914550781,283.82000732421875,280.3800048828125,281.4200134277344,248.5459899902344,76768700,2.96
2018-07-30,281.510009765625,281.69000244140625,279.3599853515625,279.95001220703125,247.24771118164065,63742500,2.98
2018-07-31,280.8099975585937,282.0199890136719,280.3800048828125,281.3299865722656,248.4664306640625,68570500,2.96
2018-08-01,281.5599975585937,282.1300048828125,280.1300048828125,280.8599853515625,248.05130004882807,53853300,3.0
2018-08-02,279.3900146484375,282.5799865722656,279.1600036621094,282.3900146484375,249.40261840820312,63426400,2.98
2018-08-03,282.5299987792969,283.6600036621094,282.3299865722656,283.6000061035156,250.47125244140625,53935400,2.95
2018-08-06,283.6400146484375,284.989990234375,283.20001220703125,284.6400146484375,251.38983154296875,39400900,2.94
2018-08-07,285.3900146484375,286.010009765625,285.239990234375,285.5799865722656,252.2200164794922,43196600,2.98
2018-08-08,285.3900146484375,285.9100036621094,284.94000244140625,285.4599914550781,252.11399841308597,42114600,2.96
2018-08-09,285.5299987792969,285.9700012207031,284.9200134277344,285.07000732421875,251.76953125,35717000,2.93
2018-08-10,283.45001220703125,284.0599975585937,282.3599853515625,283.1600036621094,250.08262634277344,77076000,2.87
2018-08-13,283.4700012207031,284.1600036621094,281.7699890136719,282.1000061035156,249.14649963378903,65732900,2.88
2018-08-14,282.9200134277344,284.1700134277344,282.4800109863281,283.8999938964844,250.73622131347656,43842000,2.89
2018-08-15,282.3800048828125,282.5400085449219,280.1600036621094,281.7799987792969,248.86383056640625,102925400,2.86
2018-08-16,283.3999938964844,285.0400085449219,283.3599853515625,284.0599975585937,250.8775329589844,69967900,2.87
2018-08-17,283.8299865722656,285.5599975585937,283.3699951171875,285.0599975585937,251.7607269287109,65618500,2.87
2018-08-20,285.57000732421875,285.9700012207031,285.0599975585937,285.6700134277344,252.29953002929688,39807500,2.82
2018-08-21,286.25,287.3099975585937,285.7099914550781,286.3399963378906,252.89111328125,67272000,2.85
2018-08-22,285.8800048828125,286.760009765625,285.5799865722656,286.1700134277344,252.74099731445312,44993300,2.82
2018-08-23,285.9700012207031,286.94000244140625,285.42999267578125,285.7900085449219,252.4054718017578,49204900,2.82
2018-08-24,286.44000244140625,287.6700134277344,286.3800048828125,287.510009765625,253.92459106445312,57487400,2.82
2018-08-27,288.8599853515625,289.8999938964844,288.67999267578125,289.7799987792969,255.9293365478516,57072400,2.85
2018-08-28,290.29998779296875,290.4200134277344,289.3999938964844,289.9200134277344,256.0530700683594,46943500,2.88
2018-08-29,290.1600036621094,291.739990234375,289.8900146484375,291.4800109863281,257.4307556152344,61485500,2.89
2018-08-30,290.94000244140625,291.3599853515625,289.6300048828125,290.29998779296875,256.3886108398437,61229500,2.86
2018-08-31,289.8399963378906,290.8099975585937,289.2900085449219,290.3099975585937,256.3973999023437,66140800,2.86
2018-09-04,289.8399963378906,290.2099914550781,288.67999267578125,289.8099975585937,255.95590209960935,57594400,2.9
2018-09-05,289.4100036621094,289.6400146484375,287.8900146484375,289.0299987792969,255.2669677734375,72452400,2.9
2018-09-06,289.1499938964844,289.489990234375,287.0,288.1600036621094,254.49855041503903,65909900,2.88
2018-09-07,286.9800109863281,288.70001220703125,286.7099914550781,287.6000061035156,254.00390625,73524800,2.94
2018-09-10,288.739990234375,289.0400085449219,287.8800048828125,288.1000061035156,254.44566345214844,50210900,2.94
2018-09-11,287.3699951171875,289.54998779296875,286.9800109863281,289.04998779296875,255.28463745117188,50530500,2.98
2018-09-12,289.0599975585937,289.79998779296875,288.2300109863281,289.1199951171875,255.34646606445312,59810800,2.97
2018-09-13,290.32000732421875,291.0400085449219,290.0,290.8299865722656,256.8566589355469,51034200,2.97
2018-09-14,291.0599975585937,291.2699890136719,290.0,290.8800048828125,256.9009094238281,55079900,2.99
2018-09-17,290.82000732421875,290.8599853515625,289.0299987792969,289.3399963378906,255.540771484375,68244000,2.99
2018-09-18,289.5799865722656,291.5799865722656,289.54998779296875,290.9100036621094,256.92724609375,61930400,3.05
2018-09-19,290.9700012207031,291.69000244140625,290.8299865722656,291.2200012207031,257.2010803222656,49080600,3.08
2018-09-20,292.6400146484375,293.94000244140625,291.239990234375,293.5799865722656,259.285400390625,100360600,3.07
2018-09-21,293.0899963378906,293.2200012207031,291.8099975585937,291.989990234375,259.048583984375,105479700,3.07
2018-09-24,291.3399963378906,291.5,290.3699951171875,291.0199890136719,258.1878967285156,53409600,3.08
2018-09-25,291.5299987792969,291.6499938964844,290.4800109863281,290.75,257.9484558105469,44370000,3.1
2018-09-26,290.9100036621094,292.239990234375,289.4100036621094,289.8800048828125,257.17657470703125,79739700,3.06
2018-09-27,290.4100036621094,291.9100036621094,290.1000061035156,290.69000244140625,257.895263671875,59249500,3.06
2018-09-28,289.989990234375,291.2799987792969,289.95001220703125,290.7200012207031,257.921875,70091400,3.05
2018-10-01,292.1099853515625,292.92999267578125,290.9800109863281,291.7300109863281,258.8179016113281,62078900,3.09
2018-10-02,291.5599975585937,292.3599853515625,291.1400146484375,291.5599975585937,258.66717529296875,47258200,3.05
2018-10-03,292.739990234375,293.2099914550781,291.32000732421875,291.7200012207031,258.8089904785156,64694600,3.15
2018-10-04,291.17999267578125,291.239990234375,287.6600036621094,289.44000244140625,256.7862854003906,111545900,3.19
2018-10-05,289.69000244140625,290.2699890136719,286.2200012207031,287.82000732421875,255.3489532470703,105951700,3.23
2018-10-08,287.04998779296875,288.2200012207031,285.5,287.82000732421875,255.3489532470703,87742200,3.23
2018-10-09,287.3900146484375,288.8599853515625,286.7699890136719,287.3999938964844,254.9763641357422,74339000,3.21
2018-10-10,286.8299865722656,286.9100036621094,277.8800048828125,278.29998779296875,246.9029998779297,214731000,3.22
2018-10-11,277.0799865722656,278.8999938964844,270.3599853515625,272.1700134277344,241.4646148681641,274840500,3.14
2018-10-12,276.7699890136719,277.0899963378906,272.3699951171875,275.95001220703125,244.8181304931641,183186500,3.15
2018-10-15,275.54998779296875,277.0400085449219,274.29998779296875,274.3999938964844,243.4430694580078,102263700,3.16
2018-10-16,276.6000061035156,280.82000732421875,276.07000732421875,280.3999938964844,248.7660980224609,118255800,3.16
2018-10-17,280.44000244140625,281.1499938964844,277.5599975585937,280.45001220703125,248.8105316162109,110626000,3.19
2018-10-18,279.3999938964844,280.07000732421875,274.9700012207031,276.3999938964844,245.21743774414065,134557500,3.17
2018-10-19,277.1300048828125,279.29998779296875,275.4700012207031,276.25,245.0842742919922,139901600,3.2
2018-10-22,277.0,277.3599853515625,274.4100036621094,275.010009765625,243.9841766357422,82415800,3.2
2018-10-23,270.95001220703125,274.8699951171875,268.6099853515625,273.6099853515625,242.74208068847656,146352700,3.17
2018-10-24,273.3299865722656,273.760009765625,264.70001220703125,265.32000732421875,235.3873443603516,177806700,3.1
2018-10-25,267.3800048828125,271.8099975585937,266.2300109863281,270.0799865722656,239.61041259765625,138061500,3.14
2018-10-26,265.9200134277344,271.0,262.2900085449219,265.3299865722656,235.3962860107422,201574600,3.08
2018-10-29,268.79998779296875,270.25,259.8500061035156,263.8599853515625,234.09210205078125,160749100,3.08
2018-10-30,263.6700134277344,268.1199951171875,263.1199951171875,267.7699890136719,237.56100463867188,157116000,3.12
2018-10-31,270.6499938964844,273.2300109863281,270.1199951171875,270.6300048828125,240.09829711914065,128296300,3.15
2018-11-01,271.6000061035156,273.7300109863281,270.3800048828125,273.510009765625,242.6533660888672,99495000,3.14
2018-11-02,274.75,275.2300109863281,269.5899963378906,271.8900146484375,241.21617126464844,122634100,3.22
2018-11-05,272.44000244140625,274.010009765625,271.3500061035156,273.3900146484375,242.5470123291016,65622500,3.2
2018-11-06,273.32000732421875,275.29998779296875,273.25,275.1199951171875,244.0818328857422,60085900,3.22
2018-11-07,277.5599975585937,281.1000061035156,277.0799865722656,281.010009765625,249.3073272705078,102752100,3.22
2018-11-08,280.1099853515625,281.2200012207031,279.2200012207031,280.5,248.8548583984375,65584900,3.24
2018-11-09,279.0299987792969,279.239990234375,276.17999267578125,277.760009765625,246.4238739013672,98812600,3.19
2018-11-12,277.19000244140625,277.4599914550781,271.989990234375,272.57000732421875,241.81948852539065,99673600,3.19
2018-11-13,273.0899963378906,275.3299865722656,271.25,272.0599975585937,241.3670196533203,98176600,3.14
2018-11-14,274.1600036621094,274.6099853515625,268.45001220703125,270.20001220703125,239.7168731689453,125335900,3.12
2018-11-15,268.7799987792969,273.5400085449219,267.010009765625,273.0199890136719,242.2186737060547,135101400,3.11
2018-11-16,271.7900085449219,274.75,271.2099914550781,273.7300109863281,242.84857177734372,126668000,3.08
2018-11-19,273.04998779296875,273.3800048828125,268.07000732421875,269.1000061035156,238.74099731445312,103061700,3.06
2018-11-20,265.3599853515625,267.0,263.1499938964844,264.1199951171875,234.32281494140625,136021300,3.06
2018-11-21,265.8599853515625,267.1499938964844,265.010009765625,265.0199890136719,235.12127685546875,75563700,3.06
2018-11-23,263.17999267578125,264.82000732421875,263.07000732421875,263.25,233.5509490966797,42807900,3.05
2018-11-26,265.7799987792969,267.75,265.3399963378906,267.5,237.3214874267578,79981400,3.07
2018-11-27,266.3399963378906,268.3999938964844,265.6600036621094,268.3999938964844,238.1199188232422,75502400,3.06
2018-11-28,269.6000061035156,274.5799865722656,268.3299865722656,274.5799865722656,243.60269165039065,127629600,3.06
2018-11-29,273.7099914550781,275.54998779296875,272.42999267578125,273.9800109863281,243.0704345703125,82346400,3.03
2018-11-30,273.8099975585937,276.2799987792969,273.45001220703125,275.6499938964844,244.5520477294922,98204200,3.01
2018-12-03,280.2799987792969,280.3999938964844,277.510009765625,279.29998779296875,247.7902069091797,103176300,2.98
2018-12-04,278.3699951171875,278.8500061035156,269.8999938964844,270.25,239.7611389160156,177986000,2.91
2018-12-06,265.9200134277344,269.9700012207031,262.44000244140625,269.8399963378906,239.3975067138672,204185400,2.87
2018-12-07,269.4599914550781,271.2200012207031,262.6300048828125,263.57000732421875,233.83480834960935,161018900,2.85
2018-12-10,263.3699951171875,265.1600036621094,258.6199951171875,264.07000732421875,234.2784118652344,151445900,2.85
2018-12-11,267.6600036621094,267.8699951171875,262.4800109863281,264.1300048828125,234.3316802978516,121504400,2.89
2018-12-12,267.4700012207031,269.0,265.3699951171875,265.4599914550781,235.5116271972656,97976700,2.91
2018-12-13,266.5199890136719,267.489990234375,264.1199951171875,265.3699951171875,235.43174743652344,96662700,2.91
2018-12-14,262.9599914550781,264.0299987792969,259.8500061035156,260.4700012207031,231.0845489501953,116961100,2.89
2018-12-17,259.3999938964844,260.6499938964844,253.52999877929688,255.3600006103516,226.5510711669922,165492300,2.86
2018-12-18,257.20001220703125,257.95001220703125,253.27999877929688,255.0800018310547,226.30262756347656,134515100,2.82
2018-12-19,255.1699981689453,259.3999938964844,249.3500061035156,251.25999450683597,222.9136199951172,214992800,2.77
2018-12-20,249.8600006103516,251.6199951171875,244.6499938964844,247.1699981689453,219.2849884033203,252053400,2.79
2018-12-21,246.7400054931641,249.7100067138672,239.97999572753903,240.6999969482422,214.79196166992188,255345600,2.79
2018-12-24,239.0399932861328,240.83999633789065,234.2700042724609,234.33999633789065,209.11648559570312,147311600,2.74
2018-12-26,235.97000122070312,246.17999267578125,233.75999450683597,246.17999267578125,219.68212890625,218485400,2.81
2018-12-27,242.57000732421875,248.2899932861328,238.9600067138672,248.07000732421875,221.36866760253903,186267300,2.77
2018-12-28,249.5800018310547,251.3999938964844,246.4499969482422,247.75,221.0831298828125,153100200,2.72
2018-12-31,249.55999755859372,250.19000244140625,247.47000122070312,249.9199981689453,223.01953125,144299400,2.69
2019-01-02,245.97999572753903,251.2100067138672,245.9499969482422,250.17999267578125,223.25157165527344,126925200,2.66
2019-01-03,248.22999572753903,248.57000732421875,243.6699981689453,244.2100067138672,217.9241943359375,144140700,2.56
2019-01-04,247.58999633789065,253.1100006103516,247.1699981689453,252.38999938964844,225.2236785888672,142628800,2.67
2019-01-07,252.69000244140625,255.9499969482422,251.69000244140625,254.3800048828125,226.99952697753903,103139100,2.7
2019-01-08,256.82000732421875,257.3099975585937,254.0,256.7699890136719,229.1322326660156,102512600,2.73
2019-01-09,257.5599975585937,258.9100036621094,256.19000244140625,257.9700012207031,230.2030487060547,95006600,2.74
2019-01-10,256.260009765625,259.1600036621094,255.5,258.8800048828125,231.01513671875,96823900,2.74
2019-01-11,257.67999267578125,259.010009765625,257.0299987792969,258.9800109863281,231.1044158935547,73858100,2.71
2019-01-14,256.8599853515625,258.29998779296875,256.4100036621094,257.3999938964844,229.69439697265625,70908200,2.71
2019-01-15,257.82000732421875,260.70001220703125,257.8099975585937,260.3500061035156,232.32696533203125,85208300,2.72
2019-01-16,260.8299865722656,261.9700012207031,260.6000061035156,260.9800109863281,232.88909912109372,77636700,2.73
2019-01-17,260.010009765625,263.9200134277344,259.9599914550781,262.9599914550781,234.65597534179688,96118400,2.75
2019-01-18,264.9800109863281,266.9800109863281,263.0,266.4599914550781,237.77926635742188,127900300,2.79
2019-01-22,264.82000732421875,265.0599975585937,261.0599975585937,262.8599853515625,234.5667724609375,115531200,2.74
2019-01-23,264.010009765625,264.7900085449219,260.6600036621094,263.4100036621094,235.0575408935547,86030300,2.76
2019-01-24,263.2099914550781,264.20001220703125,262.0799865722656,263.54998779296875,235.1824951171875,59204100,2.72
2019-01-25,265.6099853515625,266.70001220703125,263.6600036621094,265.7799987792969,237.1725006103516,96883400,2.76
2019-01-28,263.3900146484375,263.8299865722656,261.7900085449219,263.760009765625,235.369873046875,85613700,2.75
2019-01-29,263.9200134277344,264.54998779296875,262.4800109863281,263.4100036621094,235.0575408935547,66136300,2.72
2019-01-30,265.1000061035156,268.5199890136719,264.25,267.5799865722656,238.77874755859372,92473700,2.7
2019-01-31,267.510009765625,270.4700012207031,267.2699890136719,269.92999267578125,240.87570190429688,104012100,2.63
2019-02-01,270.1499938964844,271.20001220703125,269.17999267578125,270.0599975585937,240.9917755126953,85782500,2.7
2019-02-04,270.1099853515625,272.0299987792969,269.3599853515625,271.9599914550781,242.68728637695312,60744800,2.73
2019-02-05,272.44000244140625,273.44000244140625,271.8800048828125,273.1000061035156,243.70462036132807,79552800,2.71
2019-02-06,272.7900085449219,273.3399963378906,271.9200134277344,272.739990234375,243.38330078125,58347800,2.7
2019-02-07,270.94000244140625,271.54998779296875,268.2900085449219,270.1400146484375,241.0631256103516,95482000,2.65
2019-02-08,268.75,270.5799865722656,267.8299865722656,270.4700012207031,241.357666015625,75788900,2.63
2019-02-11,271.20001220703125,271.489990234375,270.0299987792969,270.6199951171875,241.4915313720703,68021400,2.65
2019-02-12,272.4200134277344,274.5199890136719,272.3399963378906,274.1000061035156,244.5968780517578,72270200,2.68
2019-02-13,275.0299987792969,275.92999267578125,274.5599975585937,274.989990234375,245.3910980224609,65277200,2.71
2019-02-14,273.7799987792969,275.6400146484375,272.8699951171875,274.3800048828125,244.8468475341797,83234400,2.66
2019-02-15,276.3599853515625,277.4100036621094,276.1300048828125,277.3699951171875,247.5149383544922,97088700,2.66
2019-02-19,276.4800109863281,278.5799865722656,276.4700012207031,277.8500061035156,247.94329833984372,59120800,2.65
2019-02-20,277.8099975585937,278.9200134277344,277.25,278.4100036621094,248.4429626464844,76610800,2.65
2019-02-21,277.70001220703125,278.1000061035156,276.3500061035156,277.4200134277344,247.5595550537109,64214700,2.69
2019-02-22,278.1099853515625,279.3599853515625,277.3999938964844,279.1400146484375,249.094482421875,78114600,2.65
2019-02-25,280.7300109863281,281.3099975585937,279.42999267578125,279.5199890136719,249.43356323242188,69030700,2.67
2019-02-26,279.1300048828125,280.29998779296875,278.8999938964844,279.32000732421875,249.2550506591797,56844100,2.64
2019-02-27,278.5199890136719,279.5899963378906,277.4800109863281,279.20001220703125,249.14794921875,56921600,2.69
2019-02-28,278.9599914550781,279.45001220703125,278.32000732421875,278.67999267578125,248.68394470214844,69268300,2.73
2019-03-01,280.44000244140625,280.8800048828125,278.82000732421875,280.4200134277344,250.23670959472656,78880500,2.76
2019-03-04,281.6000061035156,281.8699951171875,276.8399963378906,279.3999938964844,249.3264312744141,106494600,2.72
2019-03-05,279.5400085449219,279.760009765625,278.4100036621094,279.0199890136719,248.9873504638672,59114600,2.72
2019-03-06,279.1499938964844,279.1600036621094,276.9700012207031,277.3299865722656,247.4792633056641,75039800,2.69
2019-03-07,276.8299865722656,276.989990234375,274.07000732421875,275.010009765625,245.4090118408203,94885100,2.64
2019-03-08,272.94000244140625,274.6499938964844,272.4200134277344,274.4599914550781,244.91812133789065,85795800,2.62
2019-03-11,275.260009765625,278.6199951171875,275.2300109863281,278.44000244140625,248.4697723388672,65098900,2.64
2019-03-12,279.0599975585937,280.07000732421875,278.8500061035156,279.489990234375,249.40670776367188,79667500,2.61
2019-03-13,280.4800109863281,282.3800048828125,280.29998779296875,281.3399963378906,251.05767822265625,80639200,2.61
2019-03-14,281.3699951171875,281.8399963378906,280.6700134277344,281.1600036621094,250.89700317382807,67518400,2.63
2019-03-15,280.5400085449219,282.2099914550781,280.3299865722656,281.3099975585937,252.1365509033203,81309000,2.59
2019-03-18,281.54998779296875,282.6600036621094,281.29998779296875,282.3299865722656,253.05081176757807,62199800,2.6
2019-03-19,283.510009765625,284.3599853515625,281.4100036621094,282.3999938964844,253.113525390625,90268100,2.61
2019-03-20,282.1600036621094,283.5,280.32000732421875,281.54998779296875,252.35162353515625,84609200,2.54
2019-03-21,280.6400146484375,285.17999267578125,280.5899963378906,284.7300109863281,255.2019805908203,79550400,2.54
2019-03-22,283.2200012207031,283.79998779296875,279.17999267578125,279.25,250.2901763916016,122659300,2.44
2019-03-25,278.8699951171875,280.19000244140625,277.6400146484375,279.0400085449219,250.1020355224609,85575200,2.43
2019-03-26,280.989990234375,282.17999267578125,279.5599975585937,281.1199951171875,251.96624755859372,68125900,2.41
2019-03-27,281.1099853515625,281.760009765625,277.92999267578125,279.6499938964844,250.6487274169922,72224700,2.39
2019-03-28,280.3500061035156,281.2099914550781,279.07000732421875,280.7099914550781,251.598876953125,56238500,2.39
2019-03-29,282.3900146484375,282.8399963378906,281.1400146484375,282.4800109863281,253.18521118164065,82186800,2.41
2019-04-01,284.70001220703125,286.1600036621094,284.3999938964844,285.8299865722656,256.1878356933594,77617900,2.49
2019-04-02,286.0400085449219,286.2300109863281,285.0899963378906,285.9700012207031,256.3133850097656,40070400,2.48
2019-04-03,287.32000732421875,287.760009765625,285.75,286.4200134277344,256.7166442871094,68243200,2.52
2019-04-04,286.7799987792969,287.4599914550781,286.010009765625,287.17999267578125,257.3978271484375,48997500,2.51
2019-04-05,287.9200134277344,288.6300048828125,287.6000061035156,288.57000732421875,258.6436767578125,58621700,2.5
2019-04-08,288.1000061035156,288.9100036621094,287.3699951171875,288.7900085449219,258.8409423828125,53566300,2.52
2019-04-09,287.7200012207031,288.0799865722656,286.70001220703125,287.3099975585937,257.5143127441406,66142300,2.51
2019-04-10,287.7699890136719,288.3900146484375,287.3099975585937,288.2900085449219,258.3927307128906,52601500,2.48
2019-04-11,288.8299865722656,288.8399963378906,287.5799865722656,288.2099914550781,258.321044921875,55093100,2.51
2019-04-12,290.0,290.4700012207031,288.260009765625,290.1600036621094,260.06884765625,69727800,2.56
2019-04-15,290.239990234375,290.3500061035156,289.0799865722656,289.9700012207031,259.89849853515625,49596700,2.55
2019-04-16,290.95001220703125,291.010009765625,289.5,290.1600036621094,260.06884765625,52153200,2.6
2019-04-17,291.3999938964844,291.42999267578125,288.989990234375,289.45001220703125,259.43243408203125,58268300,2.59
2019-04-18,290.1000061035156,290.32000732421875,288.6600036621094,290.0199890136719,259.9432678222656,68708500,2.57
2019-04-22,289.1700134277344,290.44000244140625,289.07000732421875,290.2699890136719,260.1672668457031,40160100,2.59
2019-04-23,290.67999267578125,293.1400146484375,290.4200134277344,292.8800048828125,262.5067443847656,52246600,2.57
2019-04-24,292.7900085449219,293.1600036621094,292.07000732421875,292.2300109863281,261.924072265625,50392900,2.53
2019-04-25,292.1199951171875,292.7799987792969,290.7300109863281,292.04998779296875,261.7627868652344,57770900,2.54
2019-04-26,292.1000061035156,293.489990234375,291.239990234375,293.4100036621094,262.9817199707031,50916400,2.51
2019-04-29,293.510009765625,294.45001220703125,293.4100036621094,293.8699951171875,263.39404296875,57197700,2.54
2019-04-30,293.489990234375,294.3399963378906,291.9200134277344,294.0199890136719,263.5285339355469,81111700,2.51
2019-05-01,294.7200012207031,294.95001220703125,291.79998779296875,291.8099975585937,261.5476989746094,71671900,2.52
2019-05-02,291.67999267578125,292.70001220703125,289.5199890136719,291.17999267578125,260.9830627441406,65030200,2.55
2019-05-03,292.82000732421875,294.3399963378906,291.29998779296875,294.0299987792969,263.5374450683594,56543700,2.54
2019-05-06,289.25,293.3099975585937,288.8999938964844,292.82000732421875,262.4529113769531,107198100,2.51
2019-05-07,290.1499938964844,290.8099975585937,285.8099975585937,287.92999267578125,258.0700988769531,144729900,2.45
2019-05-08,287.5299987792969,289.42999267578125,286.8699951171875,287.5299987792969,257.7115478515625,91568300,2.49
2019-05-09,285.2300109863281,287.3299865722656,283.29998779296875,286.6600036621094,256.9317626953125,103471100,2.45
2019-05-10,285.6199951171875,288.94000244140625,282.29998779296875,288.1000061035156,258.2224426269531,112429300,2.47
2019-05-13,282.4200134277344,283.489990234375,279.92999267578125,280.8599853515625,251.73324584960935,127290500,2.4
2019-05-14,281.989990234375,285.1000061035156,281.8500061035156,283.3999938964844,254.0099029541016,77003200,2.42
2019-05-15,281.5899963378906,285.7699890136719,281.3599853515625,285.0599975585937,255.49766540527344,73956400,2.37
2019-05-16,285.8399963378906,289.2099914550781,285.760009765625,287.70001220703125,257.8639831542969,76749600,2.4
2019-05-17,285.1400146484375,288.6000061035156,285.1199951171875,285.8399963378906,256.1967468261719,100353000,2.39
2019-05-20,284.0599975585937,285.9599914550781,283.1199951171875,283.95001220703125,254.5027313232422,62877600,2.41
2019-05-21,285.8299865722656,286.92999267578125,285.54998779296875,286.510009765625,256.7972717285156,46847100,2.43
2019-05-22,285.45001220703125,286.69000244140625,285.1000061035156,285.6300048828125,256.008544921875,49482500,2.39
2019-05-23,283.1600036621094,283.2099914550781,280.57000732421875,282.1400146484375,252.88047790527344,98733800,2.31
2019-05-24,283.739990234375,284.20001220703125,282.0899963378906,282.7799987792969,253.4541473388672,55268100,2.32
2019-05-28,283.0899963378906,284.1499938964844,280.1300048828125,280.1499938964844,251.09683227539065,70029400,2.26
2019-05-29,278.9100036621094,279.3599853515625,276.7099914550781,278.2699890136719,249.41177368164065,104972900,2.25
2019-05-30,279.1099853515625,280.0400085449219,277.8099975585937,279.0299987792969,250.09304809570312,62523800,2.22
2019-05-31,276.20001220703125,277.1199951171875,275.239990234375,275.2699890136719,246.72296142578125,86862800,2.14
2019-06-03,275.3099975585937,276.54998779296875,273.0899963378906,274.57000732421875,246.09555053710935,96428000,2.07
2019-06-04,277.1199951171875,280.67999267578125,276.6199951171875,280.5299987792969,251.4375457763672,77231900,2.12
2019-06-05,282.3299865722656,282.989990234375,280.32000732421875,282.9599914550781,253.6154022216797,71169700,2.12
2019-06-06,283.2900085449219,285.54998779296875,282.57000732421875,284.79998779296875,255.2646484375,69430400,2.12
2019-06-07,285.92999267578125,288.8500061035156,285.739990234375,287.6499938964844,257.8190002441406,74272200,2.09
2019-06-10,289.3699951171875,290.82000732421875,288.8699951171875,288.9700012207031,259.0022277832031,60799100,2.15
2019-06-11,290.989990234375,291.3999938964844,288.17999267578125,288.8999938964844,258.9394226074219,58641300,2.15
2019-06-12,288.6400146484375,289.260009765625,287.82000732421875,288.3900146484375,258.482421875,47096300,2.13
2019-06-13,289.3999938964844,289.9800109863281,288.6199951171875,289.5799865722656,259.5489501953125,48945200,2.1
2019-06-14,289.260009765625,289.92999267578125,288.4100036621094,289.260009765625,259.2621154785156,52324700,2.09
2019-06-17,289.5199890136719,290.2200012207031,289.17999267578125,289.3699951171875,259.3607177734375,39205700,2.09
2019-06-18,291.3900146484375,293.57000732421875,290.989990234375,292.3999938964844,262.0765380859375,85434800,2.06
2019-06-19,292.54998779296875,293.6499938964844,291.4700012207031,293.0599975585937,262.66796875,78674400,2.03
2019-06-20,296.0400085449219,296.3099975585937,293.1300048828125,295.8599853515625,265.1776428222656,116570000,2.01
2019-06-21,294.1300048828125,295.5199890136719,293.760009765625,294.0,264.7920837402344,83309500,2.07
2019-06-24,294.2300109863281,294.5799865722656,293.4700012207031,293.6400146484375,264.46795654296875,47582700,2.02
2019-06-25,293.70001220703125,293.7300109863281,290.6400146484375,290.760009765625,261.8740539550781,82028700,2.0
2019-06-26,291.75,292.3099975585937,290.3500061035156,290.4700012207031,261.6129150390625,51584900,2.05
2019-06-27,291.3099975585937,292.0599975585937,290.8900146484375,291.5,262.5406188964844,40355200,2.01
2019-06-28,292.5799865722656,293.54998779296875,292.010009765625,293.0,263.8915710449219,59350900,2.0
2019-07-01,296.67999267578125,296.9200134277344,294.3299865722656,295.6600036621094,266.28729248046875,78705600,2.03
2019-07-02,295.6099853515625,296.489990234375,294.67999267578125,296.42999267578125,266.9807434082031,61504500,1.98
2019-07-03,297.17999267578125,298.82000732421875,297.0199890136719,298.79998779296875,269.11529541015625,40898900,1.96
2019-07-05,297.44000244140625,298.6400146484375,296.010009765625,298.4599914550781,268.8091125488281,51677300,2.04
2019-07-08,297.010009765625,298.260009765625,296.2200012207031,296.82000732421875,267.3320617675781,45841800,2.05
2019-07-09,295.5400085449219,297.5199890136719,295.4800109863281,297.19000244140625,267.6652526855469,41101300,2.07
2019-07-10,298.3699951171875,299.6600036621094,297.7799987792969,298.6099853515625,268.9441833496094,58448500,2.07
2019-07-11,299.32000732421875,299.5799865722656,298.20001220703125,299.3099975585937,269.57470703125,50826100,2.13
2019-07-12,299.8500061035156,300.7300109863281,299.510009765625,300.6499938964844,270.7816162109375,40326000,2.12
2019-07-15,301.1300048828125,301.1300048828125,300.19000244140625,300.75,270.87164306640625,33900000,2.09
2019-07-16,300.6499938964844,300.8800048828125,299.44000244140625,299.7799987792969,269.9979858398437,36650100,2.13
2019-07-17,299.75,299.92999267578125,297.739990234375,297.739990234375,268.1606140136719,36036300,2.06
2019-07-18,297.19000244140625,299.25,296.70001220703125,298.8299865722656,269.1423034667969,51392600,2.04
2019-07-19,300.0400085449219,300.07000732421875,296.9800109863281,297.1700134277344,267.6473388671875,58678600,2.05
2019-07-22,297.6099853515625,298.5,297.0400085449219,297.8999938964844,268.3048095703125,43638100,2.05
2019-07-23,299.1400146484375,300.0299987792969,298.2200012207031,300.0299987792969,270.2231750488281,44564500,2.08
2019-07-24,299.19000244140625,301.44000244140625,299.0899963378906,301.44000244140625,271.4930725097656,47213200,2.05
2019-07-25,300.94000244140625,301.0,299.1099853515625,300.0,270.1961364746094,55394100,2.08
2019-07-26,300.760009765625,302.2300109863281,300.6199951171875,302.010009765625,272.0064697265625,45084100,2.08
2019-07-29,301.8800048828125,302.010009765625,300.8500061035156,301.4599914550781,271.5111389160156,38126500,2.06
2019-07-30,299.9100036621094,301.1700134277344,299.489990234375,300.7200012207031,270.8446044921875,45849000,2.06
2019-07-31,300.989990234375,301.20001220703125,295.20001220703125,297.42999267578125,267.88140869140625,104245200,2.02
2019-08-01,297.6000061035156,300.8699951171875,293.9599914550781,294.8399963378906,265.5486755371094,142646600,1.9
2019-08-02,293.8500061035156,294.1199951171875,290.8999938964844,292.6199951171875,263.54931640625,116749700,1.86
2019-08-05,288.0899963378906,288.2099914550781,281.7200012207031,283.82000732421875,255.6235809326172,178745400,1.75
2019-08-06,285.9100036621094,288.0400085449219,284.2799987792969,287.79998779296875,259.2081604003906,120711700,1.73
2019-08-07,284.3999938964844,288.82000732421875,282.0400085449219,287.9700012207031,259.361328125,140572300,1.71
2019-08-08,289.6199951171875,293.6199951171875,289.010009765625,293.6199951171875,264.4499206542969,87713900,1.72
2019-08-09,292.5799865722656,293.239990234375,289.6499938964844,291.6199951171875,262.64862060546875,93730000,1.74
2019-08-12,289.9599914550781,291.6099853515625,287.0199890136719,288.07000732421875,259.4513854980469,65527600,1.65
2019-08-13,287.739990234375,294.1499938964844,287.3599853515625,292.54998779296875,263.4862060546875,94299800,1.68
2019-08-14,288.07000732421875,288.739990234375,283.760009765625,283.8999938964844,255.6956024169922,135622100,1.59
2019-08-15,284.8800048828125,285.6400146484375,282.3900146484375,284.6499938964844,256.3710327148437,99556600,1.52
2019-08-16,286.4800109863281,289.3299865722656,284.7099914550781,288.8500061035156,260.1538391113281,83018300,1.55
2019-08-19,292.19000244140625,293.0799865722656,291.44000244140625,292.3299865722656,263.2880859375,53571800,1.6
2019-08-20,291.7699890136719,292.3599853515625,289.95001220703125,290.0899963378906,261.2707214355469,51596400,1.55
2019-08-21,292.4800109863281,292.8599853515625,291.7200012207031,292.45001220703125,263.3962097167969,49524700,1.59
2019-08-22,293.2300109863281,293.92999267578125,290.3999938964844,292.3599853515625,263.31512451171875,51666400,1.62
2019-08-23,290.9200134277344,292.760009765625,283.4700012207031,284.8500061035156,256.5512084960937,149161500,1.52
2019-08-26,287.2699890136719,288.0,285.5799865722656,288.0,259.3882141113281,72423800,1.54
2019-08-27,289.5400085449219,289.95001220703125,286.0299987792969,286.8699951171875,258.3705444335937,66668900,1.49
2019-08-28,286.1400146484375,289.07000732421875,285.25,288.8900146484375,260.1898803710937,59696700,1.47
2019-08-29,291.7200012207031,293.1600036621094,290.6099853515625,292.5799865722656,263.5133056640625,57899400,1.5
2019-08-30,294.2200012207031,294.239990234375,291.4200134277344,292.45001220703125,263.3962097167969,62901200,1.5
2019-09-03,290.57000732421875,291.5799865722656,289.2699890136719,290.739990234375,261.8560485839844,69101400,1.47
2019-09-04,293.1400146484375,294.0599975585937,292.3099975585937,294.0400085449219,264.8282165527344,46887300,1.47
2019-09-05,296.7900085449219,298.8299865722656,294.0,297.82000732421875,268.2326354980469,83258100,1.57
2019-09-06,298.1700134277344,298.760009765625,297.4200134277344,298.04998779296875,268.4398498535156,49584300,1.55
2019-09-09,299.1400146484375,299.239990234375,297.1600036621094,298.20001220703125,268.5749816894531,51260300,1.63
2019-09-10,297.3599853515625,298.20001220703125,295.9700012207031,298.1300048828125,268.5118713378906,57947100,1.72
2019-09-11,298.4700012207031,300.3399963378906,297.75,300.25,270.4213256835937,68821100,1.75
2019-09-12,301.25,302.4599914550781,300.4100036621094,301.2900085449219,271.35797119140625,72908700,1.79
2019-09-13,301.7799987792969,302.1700134277344,300.67999267578125,301.0899963378906,271.1777648925781,62104800,1.9
2019-09-16,299.8399963378906,301.1400146484375,299.45001220703125,300.1600036621094,270.3402404785156,58191200,1.84
2019-09-17,299.94000244140625,301.0199890136719,299.75,300.9200134277344,271.0246887207031,41475500,1.81
2019-09-18,300.489990234375,301.2200012207031,298.239990234375,301.1000061035156,271.1868591308594,73375800,1.8
2019-09-19,301.5299987792969,302.6300048828125,300.7099914550781,301.0799865722656,271.1688842773437,76560500,1.79
2019-09-20,300.3599853515625,300.6700134277344,297.4100036621094,298.2799987792969,269.8876037597656,89565000,1.74
2019-09-23,297.54998779296875,299.0,297.2699890136719,298.2099914550781,269.8243103027344,43476800,1.72
2019-09-24,299.4100036621094,299.8399963378906,294.8099975585937,295.8699951171875,267.7069396972656,94869400,1.64
2019-09-25,295.9599914550781,298.1099853515625,294.3299865722656,297.6199951171875,269.2904052734375,71854000,1.73
2019-09-26,297.6300048828125,297.8599853515625,295.45001220703125,297.0,268.7294006347656,56179700,1.7
2019-09-27,297.8299865722656,297.95001220703125,293.69000244140625,295.3999938964844,267.2818298339844,84746600,1.69
2019-09-30,295.9700012207031,297.54998779296875,295.9200134277344,296.7699890136719,268.5213623046875,51662400,1.68
2019-10-01,297.739990234375,298.4599914550781,293.0,293.239990234375,265.3272705078125,88242400,1.65
2019-10-02,291.5,291.510009765625,286.6400146484375,288.0599975585937,260.64031982421875,122539500,1.6
2019-10-03,287.8099975585937,290.45001220703125,284.82000732421875,290.4200134277344,262.7757263183594,85278800,1.54
2019-10-04,291.1400146484375,294.6300048828125,291.0799865722656,294.3500061035156,266.3316650390625,65091200,1.52
2019-10-07,293.4700012207031,295.260009765625,292.7699890136719,293.0799865722656,265.1824951171875,59610500,1.56
2019-10-08,291.0400085449219,291.8500061035156,288.489990234375,288.5299987792969,261.0656433105469,95708100,1.54
2019-10-09,290.75,292.29998779296875,290.0599975585937,291.2699890136719,263.5447692871094,62359400,1.59
2019-10-10,291.17999267578125,294.2099914550781,291.0,293.239990234375,265.3272705078125,55296300,1.67
2019-10-11,296.2699890136719,298.739990234375,296.1400146484375,296.2799987792969,268.0780029296875,98720400,1.76
2019-10-14,295.92999267578125,296.6700134277344,295.57000732421875,295.95001220703125,267.7794494628906,40394800,1.76
2019-10-15,297.1000061035156,299.70001220703125,296.9700012207031,298.8800048828125,270.4305419921875,46754500,1.77
2019-10-16,298.3699951171875,299.1600036621094,297.9200134277344,298.3999938964844,269.9961853027344,48928200,1.75
2019-10-17,299.67999267578125,300.239990234375,298.5199890136719,299.2799987792969,270.7923889160156,45736600,1.76
2019-10-18,298.69000244140625,299.3999938964844,297.0299987792969,297.9700012207031,269.6070861816406,64304000,1.76
2019-10-21,299.4200134277344,300.2099914550781,298.94000244140625,299.989990234375,271.43487548828125,39048600,1.8
2019-10-22,300.5799865722656,300.8999938964844,298.9100036621094,299.010009765625,270.54815673828125,48594700,1.78
2019-10-23,298.7300109863281,299.94000244140625,298.5,299.8800048828125,271.3353576660156,34352200,1.77
2019-10-24,300.9100036621094,301.07000732421875,299.4599914550781,300.3699951171875,271.77862548828125,35453100,1.77
2019-10-25,299.739990234375,302.20001220703125,299.67999267578125,301.6000061035156,272.8915405273437,45205400,1.8
2019-10-28,302.94000244140625,303.8500061035156,302.9100036621094,303.29998779296875,274.4297790527344,42147000,1.85
2019-10-29,303.0,304.2300109863281,302.8599853515625,303.2099914550781,274.3483581542969,44284900,1.84
2019-10-30,303.42999267578125,304.54998779296875,301.989990234375,304.1400146484375,275.1897888183594,49643900,1.78
2019-10-31,304.1300048828125,304.1300048828125,301.7300109863281,303.3299865722656,274.4568176269531,69053800,1.69
2019-11-01,304.9200134277344,306.19000244140625,304.739990234375,306.1400146484375,276.9994812011719,71141500,1.73
2019-11-04,307.8500061035156,308.0,306.9599914550781,307.3699951171875,278.11236572265625,60606900,1.79
2019-11-05,307.5899963378906,307.9200134277344,306.7099914550781,307.0299987792969,277.8047790527344,42933200,1.86
2019-11-06,307.0299987792969,307.3999938964844,306.0599975585937,307.1000061035156,277.8681030273437,46487100,1.81
2019-11-07,308.57000732421875,309.6499938964844,307.6600036621094,308.17999267578125,278.84527587890625,54272300,1.92
2019-11-08,307.79998779296875,309.0,307.0299987792969,308.94000244140625,279.5328674316406,49032100,1.94
2019-11-11,307.4200134277344,308.5400085449219,307.2699890136719,308.3500061035156,278.9990539550781,35797300,1.94
2019-11-12,308.75,309.989990234375,308.1499938964844,309.0,279.5872802734375,46484600,1.92
2019-11-13,307.9100036621094,309.5400085449219,307.6600036621094,309.1000061035156,279.6776733398437,53917700,1.88
2019-11-14,308.7900085449219,309.6400146484375,308.0899963378906,309.54998779296875,280.0848693847656,51219900,1.82
2019-11-15,311.0199890136719,311.8399963378906,310.260009765625,311.7900085449219,282.1116638183594,62023600,1.84
2019-11-18,311.5299987792969,312.2799987792969,311.0299987792969,312.0199890136719,282.3197937011719,49228000,1.81
2019-11-19,312.67999267578125,312.69000244140625,311.2200012207031,311.92999267578125,282.23828125,67804700,1.79
2019-11-20,311.2799987792969,311.8500061035156,309.0599975585937,310.7699890136719,281.188720703125,79406200,1.73
2019-11-21,310.8900146484375,311.010009765625,309.3900146484375,310.2699890136719,280.7363586425781,54664700,1.77
2019-11-22,311.0899963378906,311.239990234375,309.8500061035156,310.9599914550781,281.360595703125,44850200,1.77
2019-11-25,311.9800109863281,313.3699951171875,311.9800109863281,313.3699951171875,283.5412292480469,48647200,1.76
2019-11-26,313.4100036621094,314.2799987792969,313.0599975585937,314.0799865722656,284.1837158203125,37569000,1.74
2019-11-27,314.6099853515625,315.4800109863281,314.3699951171875,315.4800109863281,285.450439453125,44444600,1.77
2019-11-29,314.8599853515625,315.1300048828125,314.0599975585937,314.3099975585937,284.3918151855469,36592700,1.78
2019-12-02,314.5899963378906,314.6600036621094,311.1700134277344,311.6400146484375,281.97589111328125,75767800,1.83
2019-12-03,308.6499938964844,309.6400146484375,307.1300048828125,309.54998779296875,280.0848693847656,73941700,1.72
2019-12-04,310.70001220703125,312.1199951171875,310.32000732421875,311.4599914550781,281.8130187988281,49080000,1.77
2019-12-05,312.2300109863281,312.25,310.5799865722656,312.0199890136719,282.3197937011719,40709000,1.8
2019-12-06,314.1199951171875,315.3099975585937,314.1099853515625,314.8699951171875,284.8984069824219,48927000,1.84
2019-12-09,314.44000244140625,315.17999267578125,313.79998779296875,313.8800048828125,284.0026550292969,34838500,1.83
2019-12-10,313.82000732421875,314.54998779296875,312.8099975585937,313.5299987792969,283.68603515625,52649800,1.85
2019-12-11,314.0299987792969,314.70001220703125,313.44000244140625,314.4200134277344,284.4913635253906,53429100,1.79
2019-12-12,314.42999267578125,317.989990234375,314.1700134277344,317.1300048828125,286.9433288574219,96389600,1.9
2019-12-13,316.8699951171875,318.6700134277344,316.0199890136719,317.32000732421875,287.1152038574219,81503900,1.82
2019-12-16,319.2200012207031,320.1499938964844,317.25,319.5,289.0877685546875,82749700,1.89
2019-12-17,319.9200134277344,320.25,319.4800109863281,319.57000732421875,289.1510925292969,61097700,1.89
2019-12-18,320.0,320.25,319.5299987792969,319.5899963378906,289.16925048828125,48133000,1.92
2019-12-19,319.79998779296875,320.9800109863281,319.5199890136719,320.8999938964844,290.3544311523437,85310500,1.92
2019-12-20,320.4599914550781,321.9700012207031,319.3900146484375,320.7300109863281,291.6273803710937,147142100,1.92
2019-12-23,321.5899963378906,321.6499938964844,321.0599975585937,321.2200012207031,292.0729675292969,52990000,1.93
2019-12-24,321.4700012207031,321.5199890136719,320.8999938964844,321.2300109863281,292.08209228515625,20270000,1.9
2019-12-26,321.6499938964844,322.95001220703125,321.6400146484375,322.94000244140625,293.6369323730469,30911200,1.9
2019-12-27,323.739990234375,323.79998779296875,322.2799987792969,322.8599853515625,293.56414794921875,42528800,1.88
2019-12-30,322.95001220703125,323.1000061035156,320.54998779296875,321.0799865722656,291.94561767578125,49729100,1.9
2019-12-31,320.5299987792969,322.1300048828125,320.1499938964844,321.8599853515625,292.65484619140625,57077300,1.92
2020-01-02,323.5400085449219,324.8900146484375,322.5299987792969,324.8699951171875,295.3917541503906,59151200,1.88
2020-01-03,321.1600036621094,323.6400146484375,321.1000061035156,322.4100036621094,293.15496826171875,77709700,1.8
2020-01-06,320.489990234375,323.7300109863281,320.3599853515625,323.6400146484375,294.2734375,55653900,1.81
2020-01-07,323.0199890136719,323.5400085449219,322.239990234375,322.7300109863281,293.4459228515625,40496400,1.83
2020-01-08,322.94000244140625,325.7799987792969,322.6700134277344,324.45001220703125,295.00994873046875,68296000,1.87
2020-01-09,326.1600036621094,326.7300109863281,325.5199890136719,326.6499938964844,297.0102233886719,48473300,1.85
2020-01-10,327.2900085449219,327.4599914550781,325.20001220703125,325.7099914550781,296.15557861328125,53029300,1.83
2020-01-13,326.3900146484375,327.9599914550781,325.9200134277344,327.95001220703125,298.1923828125,47086800,1.85
2020-01-14,327.4700012207031,328.6199951171875,326.8399963378906,327.45001220703125,297.7377014160156,62832800,1.82
2020-01-15,327.3500061035156,329.0199890136719,327.260009765625,328.19000244140625,298.4104919433594,72056600,1.79
2020-01-16,329.70001220703125,330.9200134277344,329.45001220703125,330.9200134277344,300.892822265625,54050300,1.81
2020-01-17,331.70001220703125,332.17999267578125,330.8500061035156,331.95001220703125,301.829345703125,95846000,1.84
2020-01-21,330.8999938964844,332.17999267578125,330.82000732421875,331.29998779296875,301.23828125,77742400,1.78
2020-01-22,332.239990234375,332.95001220703125,331.1700134277344,331.3399963378906,301.274658203125,48914900,1.77
2020-01-23,330.6300048828125,332.1700134277344,329.4100036621094,331.7200012207031,301.62017822265625,51963000,1.74
2020-01-24,332.44000244140625,332.5299987792969,327.3599853515625,328.7699890136719,298.9378662109375,87578400,1.7
2020-01-27,323.0299987792969,325.1199951171875,322.6600036621094,323.5,294.1461486816406,84062500,1.61
2020-01-28,325.0599975585937,327.8500061035156,323.6000061035156,326.8900146484375,297.2284851074219,63834000,1.65
2020-01-29,328.3800048828125,328.6300048828125,326.3999938964844,326.6199951171875,296.9830017089844,53888900,1.6
2020-01-30,324.3599853515625,327.9100036621094,323.5400085449219,327.67999267578125,297.9468078613281,75491800,1.57
2020-01-31,327.0,327.1700134277344,320.7300109863281,321.7300109863281,292.5365905761719,113845600,1.51
2020-02-03,323.3500061035156,326.1600036621094,323.2200012207031,324.1199951171875,294.70977783203125,69083000,1.54
2020-02-04,328.07000732421875,330.010009765625,327.7200012207031,329.0599975585937,299.2015686035156,62573200,1.61
2020-02-05,332.2699890136719,333.0899963378906,330.6700134277344,332.8599853515625,302.6568298339844,65951100,1.66
2020-02-06,333.9100036621094,334.19000244140625,332.79998779296875,333.9800109863281,303.6751708984375,50359700,1.65
2020-02-07,332.82000732421875,333.989990234375,331.6000061035156,332.20001220703125,302.056640625,64139400,1.59
2020-02-10,331.2300109863281,334.75,331.19000244140625,334.67999267578125,304.3116760253906,42070000,1.56
2020-02-11,336.1600036621094,337.0199890136719,334.67999267578125,335.260009765625,304.8389587402344,54864500,1.59
2020-02-12,336.8299865722656,337.6499938964844,336.42999267578125,337.4200134277344,306.80303955078125,43992700,1.62
2020-02-13,335.8599853515625,338.1199951171875,335.5599975585937,337.0599975585937,306.47564697265625,54501900,1.61
2020-02-14,337.510009765625,337.7300109863281,336.20001220703125,337.6000061035156,306.9666442871094,64582200,1.59
2020-02-18,336.510009765625,337.6700134277344,335.2099914550781,336.7300109863281,306.175537109375,57226200,1.55
2020-02-19,337.7900085449219,339.0799865722656,337.4800109863281,338.3399963378906,307.6394958496094,48814700,1.56
2020-02-20,337.739990234375,338.6400146484375,333.67999267578125,336.95001220703125,306.37567138671875,74163400,1.52
2020-02-21,335.4700012207031,335.8099975585937,332.5799865722656,333.4800109863281,303.2205810546875,113788200,1.46
2020-02-24,323.1400146484375,333.5599975585937,321.239990234375,322.4200134277344,293.1640319824219,161088400,1.38
2020-02-25,323.94000244140625,324.6099853515625,311.69000244140625,312.6499938964844,284.2805480957031,218913200,1.33
2020-02-26,314.17999267578125,318.1099853515625,310.70001220703125,311.5,283.2349548339844,194773800,1.33
2020-02-27,305.4599914550781,311.5599975585937,297.510009765625,297.510009765625,270.5143737792969,284353500,1.3
2020-02-28,288.70001220703125,297.8900146484375,285.5400085449219,296.260009765625,269.3778076171875,384975800,1.13
2020-03-02,298.2099914550781,309.1600036621094,294.4599914550781,309.0899963378906,281.04364013671875,238703600,1.1
2020-03-03,309.5,313.8399963378906,297.57000732421875,300.239990234375,272.99664306640625,300139100,1.02
2020-03-04,306.1199951171875,313.1000061035156,303.3299865722656,312.8599853515625,284.47149658203125,176613400,1.02
2020-03-05,304.9800109863281,308.4700012207031,300.010009765625,302.4599914550781,275.0151672363281,186366800,0.92
2020-03-06,293.1499938964844,298.7799987792969,290.2300109863281,297.4599914550781,270.4689025878906,228667200,0.74
2020-03-09,275.29998779296875,284.19000244140625,273.45001220703125,274.2300109863281,249.3467712402344,309417300,0.54
2020-03-10,284.6400146484375,288.5199890136719,273.5,288.4200134277344,262.249267578125,276444100,0.76
2020-03-11,280.70001220703125,281.94000244140625,270.8800048828125,274.3599853515625,249.4650115966797,255316300,0.82
2020-03-12,256.0,266.6600036621094,247.67999267578125,248.1100006103516,225.5968475341797,392220700,0.88
2020-03-13,263.0899963378906,271.4800109863281,248.5200042724609,269.32000732421875,244.8822784423828,329566100,0.94
2020-03-16,241.17999267578125,256.8999938964844,237.3600006103516,239.8500061035156,218.08639526367188,297240000,0.73
2020-03-17,245.0399932861328,256.1700134277344,237.07000732421875,252.8000030517578,229.8613128662109,262070500,1.02
2020-03-18,236.25,248.3699951171875,228.0200042724609,240.0,218.2227325439453,327597100,1.18
2020-03-19,239.25,247.3800048828125,232.22000122070312,240.50999450683597,218.6864471435547,289322000,1.12
2020-03-20,242.52999877929688,244.47000122070312,228.5,228.8000030517578,209.2623443603516,347158800,0.92
2020-03-23,228.19000244140625,229.67999267578125,218.25999450683597,222.9499969482422,203.9118804931641,326025200,0.76
2020-03-24,234.4199981689453,244.1000061035156,233.8000030517578,243.1499938964844,222.38699340820312,235494500,0.84
2020-03-25,244.8699951171875,256.3500061035156,239.75,246.7899932861328,225.7161865234375,299430300,0.88
2020-03-26,249.5200042724609,262.79998779296875,249.0500030517578,261.20001220703125,238.8956756591797,257632800,0.83
2020-03-27,253.2700042724609,260.8099975585937,251.0500030517578,253.4199981689453,231.7799835205078,224341200,0.72
2020-03-30,255.6999969482422,262.42999267578125,253.52999877929688,261.6499938964844,239.3072204589844,171369500,0.7
2020-03-31,260.5599975585937,263.3299865722656,256.2200012207031,257.75,235.74026489257807,194881100,0.7
2020-04-01,247.97999572753903,257.6600036621094,243.8999938964844,246.1499938964844,225.13079833984372,189554600,0.62
2020-04-02,245.19000244140625,252.67999267578125,244.58999633789065,251.8300018310547,230.3257751464844,177660400,0.63
2020-04-03,250.75999450683597,253.32000732421875,245.22000122070312,248.19000244140625,226.99658203125,135561200,0.62
2020-04-06,257.8399963378906,267.0,248.1699981689453,264.8599853515625,242.2430877685547,188061200,0.67
2020-04-07,274.2099914550781,275.0299987792969,264.8900146484375,265.1300048828125,242.4901123046875,201427200,0.75
2020-04-08,267.9599914550781,276.0,265.25,274.0299987792969,250.63009643554688,153774500,0.77
2020-04-09,277.5799865722656,281.20001220703125,275.4700012207031,278.20001220703125,254.4439697265625,189999200,0.73
2020-04-13,277.1400146484375,277.510009765625,271.4100036621094,275.6600036621094,252.1208953857422,114839100,0.76
2020-04-14,280.9800109863281,284.8999938964844,275.510009765625,283.7900085449219,259.5566101074219,134143400,0.76
2020-04-15,277.57000732421875,283.94000244140625,275.4599914550781,277.760009765625,254.04150390625,121775000,0.63
2020-04-16,279.1499938964844,280.0299987792969,275.760009765625,279.1000061035156,255.26715087890625,131798300,0.61
2020-04-17,285.3800048828125,287.29998779296875,282.3999938964844,286.6400146484375,262.163330078125,146684800,0.65
2020-04-20,282.6099853515625,286.7900085449219,281.3500061035156,281.5899963378906,257.5445251464844,100109300,0.63
2020-04-21,276.7300109863281,278.0400085449219,272.0199890136719,273.0400085449219,249.7245635986328,126385700,0.58
2020-04-22,278.3500061035156,281.0,276.9100036621094,279.1000061035156,255.26715087890625,92951600,0.63
2020-04-23,280.489990234375,283.94000244140625,278.75,279.0799865722656,255.2489471435547,104709700,0.61
2020-04-24,280.7300109863281,283.70001220703125,278.5,282.9700012207031,258.8066711425781,85063200,0.6
2020-04-27,285.1199951171875,288.2699890136719,284.6199951171875,287.04998779296875,262.538330078125,77896600,0.67
2020-04-28,291.0199890136719,291.3999938964844,285.3999938964844,285.7300109863281,261.3310241699219,105270000,0.62
2020-04-29,291.5299987792969,294.8800048828125,290.4100036621094,293.2099914550781,268.1722412109375,118745600,0.63
2020-04-30,291.7099914550781,293.32000732421875,288.5899963378906,290.4800109863281,265.6754455566406,122901700,0.64
2020-05-01,285.3099975585937,290.6600036621094,281.5199890136719,282.7900085449219,258.6419677734375,125180000,0.64
2020-05-04,280.739990234375,283.8999938964844,279.1300048828125,283.57000732421875,259.3554992675781,80873200,0.64
2020-05-05,286.6400146484375,289.25,283.7099914550781,286.19000244140625,261.751708984375,79569900,0.66
2020-05-06,288.0400085449219,288.4599914550781,283.7799987792969,284.25,259.9774169921875,73632600,0.72
2020-05-07,287.75,289.7799987792969,287.1300048828125,287.67999267578125,263.11444091796875,75250400,0.63
2020-05-08,291.0899963378906,292.95001220703125,289.8599853515625,292.44000244140625,267.468017578125,76452400,0.69
2020-05-11,290.3399963378906,294.0,289.8800048828125,292.5,267.5228881835937,79514200,0.73
2020-05-12,293.7900085449219,294.239990234375,286.5199890136719,286.6700134277344,262.1907043457031,95870800,0.69
2020-05-13,286.0599975585937,287.19000244140625,278.9599914550781,281.6000061035156,257.5536804199219,144721100,0.64
2020-05-14,278.95001220703125,285.1099853515625,272.989990234375,284.9700012207031,260.6358947753906,121977900,0.63
2020-05-15,282.3699951171875,286.3299865722656,281.3399963378906,286.2799987792969,261.83404541015625,111146300,0.64
2020-05-18,293.04998779296875,296.75,292.70001220703125,295.0,269.8094177246094,119703800,0.73
2020-05-19,294.3500061035156,296.2099914550781,291.95001220703125,291.9700012207031,267.03814697265625,95189300,0.7
2020-05-20,295.82000732421875,297.8699951171875,295.57000732421875,296.92999267578125,271.5746459960937,85861700,0.68
2020-05-21,296.7900085449219,297.6700134277344,293.69000244140625,294.8800048828125,269.6996765136719,78293900,0.68
2020-05-22,294.57000732421875,295.6300048828125,293.2200012207031,295.44000244140625,270.2119140625,63958200,0.66
2020-05-26,301.92999267578125,302.19000244140625,295.4599914550781,299.0799865722656,273.5409545898437,88951400,0.69
2020-05-27,302.1199951171875,303.57000732421875,296.8699951171875,303.5299987792969,277.611083984375,104817400,0.68
2020-05-28,304.6499938964844,306.8399963378906,302.239990234375,302.9700012207031,277.098876953125,90405200,0.7
2020-05-29,302.4599914550781,304.9599914550781,299.4700012207031,304.32000732421875,278.3335266113281,119090800,0.65
2020-06-01,303.6199951171875,306.2099914550781,303.0599975585937,305.54998779296875,279.45849609375,55758300,0.66
2020-06-02,306.54998779296875,308.1300048828125,305.1000061035156,308.0799865722656,281.7724609375,74267200,0.68
2020-06-03,310.239990234375,313.2200012207031,309.94000244140625,312.17999267578125,285.5223693847656,92567600,0.77
2020-06-04,311.1099853515625,313.0,309.0799865722656,311.3599853515625,284.7723693847656,75794400,0.82
2020-06-05,317.2300109863281,321.2699890136719,317.1600036621094,319.3399963378906,292.0709533691406,150524700,0.91
2020-06-08,320.2200012207031,323.4100036621094,319.6300048828125,323.20001220703125,295.60137939453125,73641200,0.88
2020-06-09,320.29998779296875,323.2799987792969,319.3599853515625,320.7900085449219,293.3971252441406,77479200,0.84
2020-06-10,321.4200134277344,322.3900146484375,318.2200012207031,319.0,291.7599792480469,95000800,0.75
2020-06-11,311.4599914550781,312.1499938964844,300.010009765625,300.6099853515625,274.9403991699219,209243600,0.66
2020-06-12,308.239990234375,309.0799865722656,298.6000061035156,304.2099914550781,278.23297119140625,194678900,0.71
2020-06-15,298.0199890136719,308.2799987792969,296.739990234375,307.04998779296875,280.8304443359375,135782700,0.71
2020-06-16,315.4800109863281,315.6400146484375,307.6700134277344,312.9599914550781,286.2357482910156,137627500,0.75
2020-06-17,314.07000732421875,314.3900146484375,310.8599853515625,311.6600036621094,285.0467224121094,83398900,0.74
2020-06-18,310.010009765625,312.29998779296875,309.510009765625,311.7799987792969,285.1565856933594,80828700,0.71
2020-06-19,314.1700134277344,314.3800048828125,306.5299987792969,308.6400146484375,283.5269470214844,135549600,0.7
2020-06-22,307.989990234375,311.04998779296875,306.75,310.6199951171875,285.3457946777344,74649400,0.71
2020-06-23,313.489990234375,314.5,311.6099853515625,312.04998779296875,286.6594543457031,68471200,0.72
2020-06-24,309.8399963378906,310.510009765625,302.1000061035156,304.0899963378906,279.34716796875,132813500,0.69
2020-06-25,303.4700012207031,307.6400146484375,301.2799987792969,307.3500061035156,282.341796875,89468000,0.68
2020-06-26,306.1600036621094,306.3900146484375,299.4200134277344,300.04998779296875,275.63580322265625,127961000,0.64
2020-06-29,301.4100036621094,304.6099853515625,298.92999267578125,304.4599914550781,279.6870422363281,79773300,0.64
2020-06-30,303.989990234375,310.20001220703125,303.82000732421875,308.3599853515625,283.2697448730469,113394800,0.66
2020-07-01,309.57000732421875,311.8900146484375,309.07000732421875,310.5199890136719,285.2539978027344,72396500,0.69
2020-07-02,314.239990234375,315.70001220703125,311.510009765625,312.2300109863281,286.82476806640625,69344200,0.68
2020-07-06,316.3699951171875,317.67999267578125,315.5599975585937,317.04998779296875,291.2525939941406,61713800,0.69
2020-07-07,315.3800048828125,317.5199890136719,313.3699951171875,313.7799987792969,288.2486572265625,82910000,0.65
2020-07-08,314.6099853515625,316.29998779296875,312.70001220703125,316.17999267578125,290.453369140625,54638600,0.67
2020-07-09,316.8399963378906,317.1000061035156,310.67999267578125,314.3800048828125,288.7999267578125,83354200,0.62
2020-07-10,314.3099975585937,317.8800048828125,312.760009765625,317.5899963378906,291.7486877441406,57550400,0.65
2020-07-13,320.1300048828125,322.7099914550781,314.1300048828125,314.8399963378906,289.222412109375,102997500,0.64
2020-07-14,313.29998779296875,319.760009765625,312.0,318.9200134277344,292.9704895019531,93657000,0.63
2020-07-15,322.4100036621094,323.0400085449219,319.2699890136719,321.8500061035156,295.6620483398437,87196500,0.64
2020-07-16,319.7900085449219,321.2799987792969,319.0899963378906,320.7900085449219,294.688232421875,54622500,0.62
2020-07-17,321.8800048828125,322.57000732421875,319.739990234375,321.7200012207031,295.5426025390625,62774900,0.64
2020-07-20,321.42999267578125,325.1300048828125,320.6199951171875,324.32000732421875,297.9309997558594,56308800,0.62
2020-07-21,326.45001220703125,326.92999267578125,323.94000244140625,325.010009765625,298.5649719238281,57292200,0.61
2020-07-22,324.6199951171875,327.20001220703125,324.5,326.8599853515625,300.2643737792969,57792900,0.6
2020-07-23,326.4700012207031,327.2300109863281,321.4800109863281,322.9599914550781,296.6817321777344,75738000,0.59
2020-07-24,320.95001220703125,321.989990234375,319.25,320.8800048828125,294.7709655761719,73766600,0.59
2020-07-27,321.6300048828125,323.4100036621094,320.7699890136719,323.2200012207031,296.9205322265625,48293000,0.62
2020-07-28,322.42999267578125,323.6400146484375,320.8500061035156,321.1700134277344,295.0373840332031,57495000,0.59
2020-07-29,322.1199951171875,325.7300109863281,322.0799865722656,325.1199951171875,298.6659851074219,48454200,0.58
2020-07-30,321.8999938964844,324.4100036621094,319.6400146484375,323.9599914550781,297.60028076171875,61861700,0.55
2020-07-31,325.8999938964844,326.6300048828125,321.3299865722656,326.5199890136719,299.9520263671875,84986800,0.55
2020-08-03,328.32000732421875,329.6199951171875,327.7300109863281,328.7900085449219,302.0373229980469,53077900,0.56
2020-08-04,327.8599853515625,330.0599975585937,327.8599853515625,330.0599975585937,303.2039794921875,41917900,0.52
2020-08-05,331.4700012207031,332.3900146484375,331.17999267578125,332.1099853515625,305.087158203125,42697700,0.55
2020-08-06,331.4800109863281,334.4599914550781,331.1300048828125,334.3299865722656,307.1266784667969,43679400,0.55
2020-08-07,333.2799987792969,334.8800048828125,332.29998779296875,334.57000732421875,307.3470458984375,57308300,0.57
2020-08-10,335.0599975585937,335.7699890136719,332.9599914550781,335.57000732421875,308.265625,44282100,0.59
2020-08-11,336.8500061035156,337.5400085449219,332.010009765625,332.79998779296875,305.7210998535156,69601100,0.64
2020-08-12,335.44000244140625,338.2799987792969,335.4100036621094,337.44000244140625,309.9835205078125,53774400,0.69
2020-08-13,336.6099853515625,338.25,335.8299865722656,336.8299865722656,309.4230651855469,41816100,0.71
2020-08-14,336.4100036621094,337.4200134277344,335.6199951171875,336.8399963378906,309.4323425292969,47260400,0.71
2020-08-17,337.94000244140625,338.3399963378906,336.8500061035156,337.9100036621094,310.415283203125,35481000,0.69
2020-08-18,338.3399963378906,339.1000061035156,336.6099853515625,338.6400146484375,311.0859069824219,38733900,0.67
2020-08-19,339.04998779296875,339.6099853515625,336.6199951171875,337.2300109863281,309.7906188964844,68054200,0.68
2020-08-20,335.3599853515625,338.79998779296875,335.2200012207031,338.2799987792969,310.75518798828125,42207800,0.65
2020-08-21,337.9200134277344,339.7200012207031,337.54998779296875,339.4800109863281,311.8575439453125,55106600,0.64
2020-08-24,342.1199951171875,343.0,339.45001220703125,342.9200134277344,315.01763916015625,48588700,0.65
2020-08-25,343.5299987792969,344.2099914550781,342.2699890136719,344.1199951171875,316.1199951171875,38463400,0.69
2020-08-26,344.760009765625,347.8599853515625,344.1700134277344,347.57000732421875,319.289306640625,50790200,0.69
2020-08-27,348.510009765625,349.8999938964844,346.5299987792969,348.3299865722656,319.9874572753906,58034100,0.74
2020-08-28,349.44000244140625,350.7200012207031,348.1499938964844,350.5799865722656,322.0542907714844,48588900,0.74
2020-08-31,350.3500061035156,351.29998779296875,349.0599975585937,349.3099975585937,320.88775634765625,66099200,0.72
2020-09-01,350.2099914550781,352.7099914550781,349.239990234375,352.6000061035156,323.9100036621094,54908700,0.68
2020-09-02,354.6700134277344,358.75,353.42999267578125,357.70001220703125,328.594970703125,69540000,0.66
2020-09-03,355.8699951171875,356.3800048828125,342.5899963378906,345.3900146484375,317.2867431640625,148011100,0.63
2020-09-04,346.1300048828125,347.8299865722656,334.8699951171875,342.57000732421875,314.69610595703125,139156300,0.72
2020-09-08,336.7099914550781,342.6400146484375,332.8800048828125,333.2099914550781,306.09771728515625,114465300,0.69
2020-09-09,337.54998779296875,342.4599914550781,336.6099853515625,339.7900085449219,312.14239501953125,91462300,0.71
2020-09-10,341.82000732421875,342.5299987792969,332.8500061035156,333.8900146484375,306.7223815917969,90569500,0.68
2020-09-11,335.82000732421875,336.9700012207031,331.0,334.0599975585937,306.8785705566406,84680200,0.67
2020-09-14,337.489990234375,340.3800048828125,334.2200012207031,338.4599914550781,310.9205322265625,65605700,0.68
2020-09-15,341.1199951171875,342.0199890136719,338.4700012207031,340.1700134277344,312.4914245605469,52920900,0.68
2020-09-16,341.510009765625,343.0599975585937,338.5199890136719,338.82000732421875,311.251220703125,82096000,0.69
2020-09-17,333.5599975585937,337.70001220703125,332.989990234375,335.8399963378906,308.5137023925781,91523300,0.69
2020-09-18,335.3699951171875,335.489990234375,327.9700012207031,330.6499938964844,304.9618225097656,105877900,0.7
2020-09-21,325.70001220703125,327.1300048828125,321.7300109863281,326.9700012207031,301.5678100585937,99450800,0.68
2020-09-22,328.57000732421875,330.8999938964844,325.8599853515625,330.29998779296875,304.6390380859375,63612100,0.68
2020-09-23,330.8999938964844,331.20001220703125,322.1000061035156,322.6400146484375,297.57421875,93112200,0.68
2020-09-24,321.2200012207031,326.79998779296875,319.79998779296875,323.5,298.3674621582031,76681300,0.67
2020-09-25,322.5799865722656,329.5799865722656,321.6400146484375,328.7300109863281,303.1910400390625,71069400,0.66
2020-09-28,333.2200012207031,334.9599914550781,332.1499938964844,334.19000244140625,308.2269287109375,64584600,0.67
2020-09-29,333.9700012207031,334.7699890136719,331.6199951171875,332.3699951171875,306.5482788085937,51304000,0.66
2020-09-30,333.0899963378906,338.2900085449219,332.8800048828125,334.8900146484375,308.8725280761719,104081100,0.69
2020-10-01,337.69000244140625,338.739990234375,335.010009765625,337.0400085449219,310.8554382324219,88698700,0.68
2020-10-02,331.70001220703125,337.010009765625,331.19000244140625,333.8399963378906,307.9040222167969,89431100,0.7
2020-10-05,336.0599975585937,339.9599914550781,336.010009765625,339.760009765625,313.3641357421875,45713100,0.78
2020-10-06,339.9100036621094,342.1700134277344,334.3800048828125,334.92999267578125,308.909423828125,90128900,0.76
2020-10-07,338.1199951171875,341.6300048828125,338.0899963378906,340.760009765625,314.2864685058594,56999600,0.81
2020-10-08,342.8500061035156,343.8500061035156,341.8599853515625,343.7799987792969,317.0718078613281,45242500,0.78
2020-10-09,345.5599975585937,347.3500061035156,344.8900146484375,346.8500061035156,319.9032897949219,59528600,0.79
2020-10-12,349.5899963378906,354.0199890136719,349.0599975585937,352.42999267578125,325.0497741699219,80388500,0.79
2020-10-13,352.2799987792969,352.4700012207031,349.0899963378906,350.1300048828125,322.9285888671875,73255500,0.74
2020-10-14,350.75,351.92999267578125,347.1400146484375,347.92999267578125,320.8994140625,57727900,0.73
2020-10-15,343.7099914550781,348.0199890136719,343.1300048828125,347.5,320.50274658203125,60357700,0.74
2020-10-16,348.9599914550781,350.75,347.1000061035156,347.2900085449219,320.3091735839844,89501900,0.76
2020-10-19,348.6499938964844,349.3299865722656,341.0400085449219,342.010009765625,315.4393920898437,68425600,0.78
2020-10-20,343.4599914550781,346.8800048828125,342.6400146484375,343.3800048828125,316.7029113769531,60051900,0.81
2020-10-21,343.3299865722656,345.6700134277344,342.3999938964844,342.7300109863281,316.1033935546875,63575000,0.83
2020-10-22,342.9599914550781,345.239990234375,340.6499938964844,344.6099853515625,317.8373107910156,55399300,0.87
2020-10-23,345.92999267578125,345.989990234375,343.1300048828125,345.7799987792969,318.9163818359375,49143900,0.85
2020-10-26,342.1300048828125,342.9800109863281,335.6199951171875,339.3900146484375,313.0229797363281,91473000,0.81
2020-10-27,339.760009765625,340.1199951171875,337.989990234375,338.2200012207031,311.9437255859375,65994100,0.79
2020-10-28,332.1000061035156,338.25,326.1300048828125,326.6600036621094,301.28192138671875,127094300,0.79
2020-10-29,326.9100036621094,333.3999938964844,325.0899963378906,329.9800109863281,304.343994140625,90597700,0.85
2020-10-30,328.2799987792969,329.69000244140625,322.6000061035156,326.5400085449219,301.17108154296875,120287300,0.88
2020-11-02,330.20001220703125,332.3599853515625,327.239990234375,330.20001220703125,304.5468139648437,86068300,0.87
2020-11-03,333.69000244140625,338.25,330.2900085449219,336.0299987792969,309.9239501953125,93294200,0.9
2020-11-04,340.8599853515625,347.94000244140625,339.5899963378906,343.5400085449219,316.8504943847656,126959700,0.78
2020-11-05,349.239990234375,352.19000244140625,348.8599853515625,350.239990234375,323.02996826171875,82039700,0.79
2020-11-06,349.92999267578125,351.510009765625,347.6499938964844,350.1600036621094,322.9561767578125,74973000,0.83
2020-11-09,363.9700012207031,364.3800048828125,354.0599975585937,354.5599975585937,327.0143737792969,172304200,0.96
2020-11-10,353.489990234375,355.17999267578125,350.510009765625,354.0400085449219,326.53472900390625,85552000,0.98
2020-11-11,356.3999938964844,357.5599975585937,355.0599975585937,356.6700134277344,328.9603881835937,58649000,0.98
2020-11-12,355.5799865722656,356.7200012207031,351.260009765625,353.2099914550781,325.7691650390625,67546200,0.88
2020-11-13,355.2699890136719,358.8999938964844,354.7099914550781,358.1000061035156,330.27935791015625,62892200,0.89
2020-11-16,360.9800109863281,362.7799987792969,359.5899963378906,362.5700073242188,334.40203857421875,74541100,0.91
2020-11-17,359.9700012207031,361.9200134277344,358.3399963378906,360.6199951171875,332.603515625,66111000,0.87
2020-11-18,360.9100036621094,361.5,356.239990234375,356.2799987792969,328.6007080078125,70591300,0.88
2020-11-19,355.6000061035156,358.17999267578125,354.1499938964844,357.7799987792969,329.9841613769531,59940900,0.86
2020-11-20,357.5,357.7200012207031,355.25,355.3299865722656,327.7245178222656,70417300,0.83
2020-11-23,357.2799987792969,358.82000732421875,354.8699951171875,357.4599914550781,329.68902587890625,63230600,0.86
2020-11-24,360.2099914550781,363.80999755859375,359.2900085449219,363.2200012207031,335.00152587890625,62415900,0.88
2020-11-25,363.1300048828125,363.1600036621094,361.4800109863281,362.6600036621094,334.485107421875,45330900,0.88
2020-11-27,363.8399963378906,364.1799926757813,362.5799865722656,363.6700134277344,335.4166564941406,28514100,0.84
2020-11-30,362.8299865722656,363.1199951171875,359.1700134277344,362.05999755859375,333.931640625,83872700,0.84
2020-12-01,365.5700073242188,367.6799926757813,364.9299926757813,366.0199890136719,337.583984375,74231400,0.92
2020-12-02,364.8200073242188,366.9599914550781,364.2000122070313,366.7900085449219,338.2940979003906,45927000,0.95
2020-12-03,366.6799926757813,368.1900024414063,365.5,366.6900024414063,338.201904296875,62882000,0.92
2020-12-04,367.3200073242188,369.8500061035156,367.2200012207031,369.8500061035156,341.116455078125,50749900,0.97
2020-12-07,369.0199890136719,369.6199951171875,367.7200012207031,369.0899963378906,340.41552734375,48944300,0.94
2020-12-08,367.7200012207031,370.7799987792969,367.6700134277344,370.1700134277344,341.41162109375,42458900,0.92
2020-12-09,370.8800048828125,371.0499877929688,365.9500122070313,366.8500061035156,338.3495483398437,74098300,0.95
2020-12-10,365.3699951171875,367.8599853515625,364.4299926757813,366.7300109863281,338.2388610839844,57735400,0.92
2020-12-11,364.8999938964844,366.739990234375,363.260009765625,366.2999877929688,337.8421936035156,57698600,0.9
2020-12-14,368.6400146484375,369.7999877929688,364.4700012207031,364.6600036621094,336.32965087890625,69216200,0.9
2020-12-15,367.3999938964844,369.5899963378906,365.9200134277344,369.5899963378906,340.8766784667969,63865300,0.92
2020-12-16,369.8200073242188,371.1600036621094,368.8699951171875,370.1700134277344,341.41162109375,58420500,0.92
2020-12-17,371.9400024414063,372.4599914550781,371.0499877929688,372.239990234375,343.3207702636719,64119500,0.94
2020-12-18,370.9700012207031,371.1499938964844,367.0199890136719,369.1799926757813,341.9499206542969,136542300,0.95
2020-12-21,364.9700012207031,378.4599914550781,362.0299987792969,367.8599853515625,340.727294921875,96386700,0.95
2020-12-22,368.2099914550781,368.3299865722656,366.0299987792969,367.239990234375,340.15301513671875,47949000,0.93
2020-12-23,368.2799987792969,369.6199951171875,367.2200012207031,367.5700073242188,340.4586486816406,46201400,0.96
2020-12-24,368.0799865722656,369.0299987792969,367.4500122070313,369.0,341.78326416015625,26457900,0.94
2020-12-28,371.739990234375,372.5899963378906,371.0700073242188,372.1700134277344,344.7193603515625,39000400,0.94
2020-12-29,373.80999755859375,374.0,370.8299865722656,371.4599914550781,344.06170654296875,53680500,0.94
2020-12-30,372.3399963378906,373.1000061035156,371.5700073242188,371.989990234375,344.5527038574219,49455300,0.93
2020-12-31,371.7799987792969,374.6600036621094,371.2300109863281,373.8800048828125,346.30328369140625,78520700,0.93
2021-01-04,375.30999755859375,375.4500122070313,364.8200073242188,368.7900085449219,341.5887451171875,110210800,0.93
2021-01-05,368.1000061035156,372.5,368.0499877929688,371.3299865722656,343.9413146972656,66426200,0.96
2021-01-06,369.7099914550781,376.9800109863281,369.1199951171875,373.5499877929688,345.9975891113281,107997700,1.04
2021-01-07,376.1000061035156,379.8999938964844,375.9100036621094,379.1000061035156,351.1383361816406,68766800,1.08
2021-01-08,380.5899963378906,381.489990234375,377.1000061035156,381.260009765625,353.1389465332031,71677200,1.13
2021-01-11,377.8500061035156,380.5799865722656,377.7200012207031,378.6900024414063,350.75848388671875,51034700,1.15
2021-01-12,378.8900146484375,379.8599853515625,376.3599853515625,378.7699890136719,350.8326416015625,52547700,1.15
2021-01-13,378.6900024414063,380.8599853515625,377.8500061035156,379.7900085449219,351.77734375,45303600,1.1
2021-01-14,380.5899963378906,381.1300048828125,378.1000061035156,378.4599914550781,350.54547119140625,49989100,1.15
2021-01-15,376.7200012207031,377.5799865722656,373.7000122070313,375.7000122070313,347.989013671875,107160000,1.11
2021-01-19,378.3399963378906,379.2300109863281,376.75,378.6499938964844,350.7215270996094,51233300,1.1
2021-01-20,381.1099853515625,384.7900085449219,380.6900024414063,383.8900146484375,355.5749206542969,61836100,1.1
2021-01-21,384.489990234375,384.9500122070313,383.25,384.239990234375,355.8991394042969,47840100,1.12
2021-01-22,382.25,384.1300048828125,381.8399963378906,382.8800048828125,354.6394958496094,52860500,1.1
2021-01-25,383.6700134277344,384.7699890136719,378.4599914550781,384.3900146484375,356.0380554199219,70402000,1.05
2021-01-26,385.4100036621094,385.8500061035156,383.5400085449219,383.7900085449219,355.4823303222656,42665300,1.05
2021-01-27,380.2200012207031,380.3200073242188,372.010009765625,374.4100036621094,346.7942199707031,123351100,1.04
2021-01-28,376.3599853515625,381.9299926757813,375.8900146484375,377.6300048828125,349.77667236328125,94198100,1.07
2021-01-29,375.6300048828125,376.6700134277344,368.2699890136719,370.0700073242188,342.7743530273437,126765100,1.11
2021-02-01,373.7200012207031,377.3399963378906,370.3800048828125,376.2300109863281,348.4799499511719,75817600,1.09
2021-02-02,379.6499938964844,383.2200012207031,376.3200073242188,381.5499877929688,353.407470703125,64450700,1.12
2021-02-03,382.4400024414063,383.7000122070313,380.4800109863281,381.8500061035156,353.6854248046875,52427100,1.15
2021-02-04,382.9599914550781,386.239990234375,381.9700012207031,386.1900024414063,357.7053527832031,47142600,1.15
2021-02-05,388.2000122070313,388.4700012207031,386.1400146484375,387.7099914550781,359.1131896972656,48669800,1.19
2021-02-08,389.2699890136719,390.55999755859375,388.3500061035156,390.510009765625,361.7066040039063,38365200,1.19
2021-02-09,389.6099853515625,390.8900146484375,389.1700134277344,390.25,361.46575927734375,35551100,1.18
2021-02-10,392.1199951171875,392.2799987792969,387.5,390.0799865722656,361.3083801269531,59154400,1.15
2021-02-11,391.239990234375,391.6900024414063,388.1000061035156,390.7099914550781,361.8919067382813,42913300,1.16
2021-02-12,389.8500061035156,392.8999938964844,389.7699890136719,392.6400146484375,363.6795959472656,50593300,1.2
2021-02-16,393.9599914550781,394.1700134277344,391.5299987792969,392.2999877929688,363.3645935058594,50972400,1.3
2021-02-17,390.4200134277344,392.6600036621094,389.3299865722656,392.3900146484375,363.4480590820313,52290600,1.29
2021-02-18,389.5899963378906,391.5199890136719,387.739990234375,390.7200012207031,361.901123046875,59712800,1.29
2021-02-19,392.0700073242188,392.3800048828125,389.5499877929688,390.0299987792969,361.2620849609375,83241000,1.34
2021-02-22,387.05999755859375,389.6199951171875,386.739990234375,387.0299987792969,358.4833068847656,67414200,1.37
2021-02-23,384.6600036621094,388.9500122070313,380.2000122070313,387.5,358.9186706542969,107284100,1.37
2021-02-24,386.3299865722656,392.2300109863281,385.2699890136719,391.7699890136719,362.8736267089844,72433900,1.38
2021-02-25,390.4100036621094,391.8800048828125,380.7799987792969,382.3299865722656,354.13006591796875,146670500,1.54
2021-02-26,384.3500061035156,385.5799865722656,378.2300109863281,380.3599853515625,352.3052978515625,152701600,1.44
2021-03-01,385.5899963378906,390.9200134277344,380.5700073242188,389.5799865722656,360.8452758789063,105348800,1.45
2021-03-02,389.8200073242188,390.0700073242188,386.0,386.5400085449219,358.0295104980469,79595300,1.42
2021-03-03,385.7900085449219,386.8299865722656,381.30999755859375,381.4200134277344,353.28717041015625,119940200,1.47
2021-03-04,381.2200012207031,384.0,371.8800048828125,376.7000122070313,348.9152526855469,183433000,1.54
2021-03-05,380.4599914550781,384.760009765625,372.6400146484375,383.6300048828125,355.3341369628906,152039600,1.56
2021-03-08,384.6600036621094,387.6799926757813,381.4200134277344,381.7200012207031,353.56500244140625,123149200,1.59
2021-03-09,385.8500061035156,389.9100036621094,385.30999755859375,387.1700134277344,358.6130065917969,113633600,1.55
2021-03-10,389.6900024414063,391.3999938964844,388.1700134277344,389.5799865722656,360.8452758789063,109899400,1.53
2021-03-11,392.2300109863281,395.6499938964844,391.739990234375,393.5299987792969,364.5038757324219,86245000,1.54
2021-03-12,392.0700073242188,394.2099914550781,391.2000122070313,394.05999755859375,364.9947814941406,64653600,1.64
2021-03-15,394.3299865722656,396.6900024414063,392.0299987792969,396.4100036621094,367.1715087890625,73427200,1.62
2021-03-16,397.0700073242188,397.8299865722656,395.0799865722656,395.9100036621094,366.7083740234375,73722500,1.62
2021-03-17,394.5299987792969,398.1199951171875,393.2999877929688,397.260009765625,367.9587707519531,97959300,1.63
2021-03-18,394.4800109863281,396.7200012207031,390.75,391.4800109863281,362.6051635742188,115349100,1.71
2021-03-19,389.8800048828125,391.5700073242188,387.1499938964844,389.4800109863281,361.9341735839844,113624500,1.74
2021-03-22,390.0299987792969,394.0700073242188,389.9700012207031,392.5899963378906,364.8242492675781,73778600,1.69
2021-03-23,391.9100036621094,393.4599914550781,388.6600036621094,389.5,361.9527587890625,90686600,1.63
2021-03-24,391.0,392.75,387.4700012207031,387.5199890136719,360.1128234863281,97588600,1.62
2021-03-25,385.9800109863281,390.5499877929688,383.8999938964844,389.7000122070313,362.1386413574219,116128600,1.63
2021-03-26,390.9299926757813,396.4100036621094,390.2900085449219,395.9800109863281,367.9744262695313,114409100,1.67
2021-03-29,394.3999938964844,396.75,392.80999755859375,395.7799987792969,367.78857421875,108107600,1.73
2021-03-30,394.4200134277344,395.4500122070313,393.0199890136719,394.7300109863281,366.8128662109375,76262200,1.73
2021-03-31,395.3399963378906,398.0,395.30999755859375,396.3299865722656,368.2996826171875,112734200,1.74
2021-04-01,398.3999938964844,400.6700134277344,398.1799926757813,400.6099853515625,372.2769775390625,99682900,1.69
2021-04-05,403.4599914550781,406.9400024414063,403.3800048828125,406.3599853515625,377.620361328125,91684800,1.73
2021-04-06,405.760009765625,407.239990234375,405.3999938964844,406.1199951171875,377.3973388671875,62021000,1.67
2021-04-07,405.9400024414063,406.9599914550781,405.4500122070313,406.5899963378906,377.8341369628906,55836300,1.68
2021-04-08,407.9299926757813,408.5799865722656,406.9299926757813,408.5199890136719,379.6275634765625,57863100,1.64
2021-04-09,408.3900146484375,411.6700134277344,408.260009765625,411.489990234375,382.3875732421875,61104600,1.67
2021-04-12,410.8500061035156,411.9299926757813,410.2000122070313,411.6400146484375,382.5269470214844,56704900,1.69
2021-04-13,411.5299987792969,413.5299987792969,411.1199951171875,412.8599853515625,383.66064453125,56551000,1.64
2021-04-14,412.8299865722656,413.9599914550781,410.8699951171875,411.4500122070313,382.350341796875,61659900,1.64
2021-04-15,413.739990234375,416.1600036621094,413.6900024414063,415.8699951171875,386.4577331542969,60229800,1.56
2021-04-16,417.25,417.9100036621094,415.7300109863281,417.260009765625,387.74945068359375,82037300,1.59
2021-04-19,416.260009765625,416.739990234375,413.7900085449219,415.2099914550781,385.8444213867188,78498500,1.61
2021-04-20,413.9100036621094,415.0899963378906,410.5899963378906,412.1700134277344,383.0194091796875,81851800,1.58
2021-04-21,411.510009765625,416.2900085449219,411.3599853515625,416.0700073242188,386.64361572265625,66793000,1.57
2021-04-22,415.8900146484375,416.7799987792969,411.1300048828125,412.2699890136719,383.1123962402344,97582800,1.57
2021-04-23,412.8699951171875,418.25,412.7900085449219,416.739990234375,387.2662658691406,73209200,1.58
2021-04-26,417.4400024414063,418.2200012207031,416.80999755859375,417.6099853515625,388.07464599609375,52182400,1.58
2021-04-27,417.9299926757813,418.1400146484375,416.2999877929688,417.5199890136719,387.9910278320313,51303100,1.63
2021-04-28,417.80999755859375,419.010009765625,416.8999938964844,417.3999938964844,387.8795471191406,51238900,1.63
2021-04-29,420.3200073242188,420.7200012207031,416.4400024414063,420.05999755859375,390.3514099121094,78544300,1.65
2021-04-30,417.6300048828125,418.5400085449219,416.3399963378906,417.2999877929688,387.78662109375,85527000,1.65
2021-05-03,419.4299926757813,419.8399963378906,417.6700134277344,418.2000122070313,388.62298583984375,68128300,1.63
2021-05-04,416.0700073242188,416.6000061035156,411.6700134277344,415.6199951171875,386.2254028320313,101591200,1.61
2021-05-05,417.3800048828125,417.6300048828125,415.1499938964844,415.75,386.3462524414063,60162200,1.59
2021-05-06,415.8299865722656,419.2099914550781,413.6799926757813,419.0700073242188,389.431396484375,74321400,1.58
2021-05-07,419.8900146484375,422.8200073242188,419.1600036621094,422.1199951171875,392.2657775878906,67733800,1.6
2021-05-10,422.5,422.739990234375,417.80999755859375,417.9400024414063,388.3813171386719,81852400,1.63
2021-05-11,413.1000061035156,415.2699890136719,410.05999755859375,414.2099914550781,384.9151611328125,116888000,1.64
2021-05-12,411.2300109863281,412.5899963378906,404.0,405.4100036621094,376.7375183105469,134811000,1.69
2021-05-13,407.0700073242188,412.3500061035156,407.0199890136719,410.2799987792969,381.2630310058594,106394000,1.66
2021-05-14,413.2099914550781,417.489990234375,413.1799926757813,416.5799865722656,387.1175842285156,82201600,1.63
2021-05-17,415.3900146484375,416.3900146484375,413.3599853515625,415.5199890136719,386.1324768066406,65129200,1.64
2021-05-18,415.7999877929688,416.05999755859375,411.7699890136719,411.9400024414063,382.80572509765625,59810200,1.64
2021-05-19,406.9200134277344,411.0499877929688,405.3299865722656,410.8599853515625,381.8020324707031,106467100,1.68
2021-05-20,411.7999877929688,416.6300048828125,411.6700134277344,415.2799987792969,385.9095458984375,78022200,1.63
2021-05-21,416.8699951171875,418.2000122070313,414.4500122070313,414.9400024414063,385.5935668945313,76578700,1.63
2021-05-24,417.3399963378906,420.3200073242188,417.0799865722656,419.1700134277344,389.5244140625,51376700,1.61
2021-05-25,420.3299865722656,420.7099914550781,417.6199951171875,418.239990234375,388.6601867675781,57451400,1.56
2021-05-26,418.8699951171875,419.6099853515625,417.760009765625,419.0700073242188,389.431396484375,43088600,1.58
2021-05-27,420.1700134277344,420.7200012207031,418.989990234375,419.2900085449219,389.6358642578125,56707700,1.61
2021-05-28,420.9700012207031,421.25,419.7900085449219,420.0400085449219,390.3328552246094,58520200,1.58
2021-06-01,422.5700073242188,422.7200012207031,419.2000122070313,419.6700134277344,389.989013671875,54216600,1.62
2021-06-02,420.3699951171875,421.2300109863281,419.2900085449219,420.3299865722656,390.6022338867188,49097100,1.59
2021-06-03,417.8500061035156,419.989990234375,416.2799987792969,418.7699890136719,389.1526489257813,58138800,1.63
2021-06-04,420.75,422.9200134277344,418.8399963378906,422.6000061035156,392.7117919921875,55938800,1.56
2021-06-07,422.5899963378906,422.7799987792969,421.1900024414063,422.1900024414063,392.3308715820313,51555000,1.57
2021-06-08,423.1099853515625,423.2099914550781,420.3200073242188,422.2799987792969,392.4144287109375,47134300,1.53
2021-06-09,423.1799926757813,423.260009765625,421.4100036621094,421.6499938964844,391.8289794921875,48436300,1.5
2021-06-10,422.9599914550781,424.6300048828125,421.5499877929688,423.6099853515625,393.6503601074219,51020100,1.45
2021-06-11,424.2000122070313,424.4299926757813,422.8200073242188,424.30999755859375,394.3008117675781,45570800,1.47
2021-06-14,424.4299926757813,425.3699951171875,423.1000061035156,425.260009765625,395.1836853027344,42358500,1.51
2021-06-15,425.4200134277344,425.4599914550781,423.5400085449219,424.4800109863281,394.4588012695313,51508500,1.51
2021-06-16,424.6300048828125,424.8699951171875,419.9200134277344,422.1099853515625,392.2564697265625,80386100,1.57
2021-06-17,421.6700134277344,423.0199890136719,419.3200073242188,421.9700012207031,392.1263427734375,90949700,1.52
2021-06-18,417.0899963378906,417.8299865722656,414.7000122070313,414.9200134277344,386.83642578125,118676300,1.45
2021-06-21,416.7999877929688,421.05999755859375,415.9299926757813,420.8599853515625,392.3742980957031,72822000,1.5
2021-06-22,420.8500061035156,424.0,420.0799865722656,423.1099853515625,394.4720764160156,57700300,1.48
2021-06-23,423.1900024414063,424.0499877929688,422.510009765625,422.6000061035156,393.99658203125,49445400,1.5
2021-06-24,424.8900146484375,425.5499877929688,424.6199951171875,425.1000061035156,396.3273620605469,45110300,1.49
2021-06-25,425.8999938964844,427.0899963378906,425.5499877929688,426.6099853515625,397.7351684570313,58129500,1.54
2021-06-28,427.1700134277344,427.6499938964844,425.8900146484375,427.4700012207031,398.5369873046875,53159600,1.49
2021-06-29,427.8800048828125,428.55999755859375,427.1300048828125,427.7000122070313,398.75146484375,35970500,1.49
2021-06-30,427.2099914550781,428.7799987792969,427.1799926757813,428.05999755859375,399.08697509765625,64827900,1.45
2021-07-01,428.8699951171875,430.6000061035156,428.7999877929688,430.4299926757813,401.2965393066406,53441000,1.48
2021-07-02,431.6700134277344,434.1000061035156,430.5199890136719,433.7200012207031,404.3639221191406,57697700,1.44
2021-07-06,433.7799987792969,434.010009765625,430.010009765625,432.9299926757813,403.62738037109375,68710400,1.37
2021-07-07,433.6600036621094,434.760009765625,431.510009765625,434.4599914550781,405.0538940429688,63549500,1.33
2021-07-08,428.7799987792969,431.7300109863281,427.5199890136719,430.9200134277344,401.7534484863281,97595200,1.3
2021-07-09,432.5299987792969,435.8399963378906,430.7099914550781,435.5199890136719,406.04205322265625,76238600,1.37
2021-07-12,435.4299926757813,437.3500061035156,434.9700012207031,437.0799865722656,407.4964294433594,52889600,1.38
2021-07-13,436.239990234375,437.8399963378906,435.30999755859375,435.5899963378906,406.10736083984375,52911300,1.42
2021-07-14,437.3999938964844,437.9200134277344,434.9100036621094,436.239990234375,406.7134094238281,64130400,1.37
2021-07-15,434.80999755859375,435.5299987792969,432.7200012207031,434.75,405.32427978515625,55126400,1.31
2021-07-16,436.010009765625,436.05999755859375,430.9200134277344,431.3399963378906,402.1450805664063,75874700,1.31
2021-07-19,426.1900024414063,431.4100036621094,421.9700012207031,424.9700012207031,396.2062072753906,147987000,1.19
2021-07-20,425.6799926757813,432.4200134277344,424.8299865722656,431.05999755859375,401.8840026855469,99608200,1.23
2021-07-21,432.3399963378906,434.7000122070313,431.010009765625,434.5499877929688,405.13775634765625,64724400,1.3
2021-07-22,434.739990234375,435.7200012207031,433.6900024414063,435.4599914550781,405.9861755371094,47878500,1.27
2021-07-23,437.5199890136719,440.2999877929688,436.7900085449219,439.9400024414063,410.1629638671875,63766600,1.3
2021-07-26,439.30999755859375,441.0299987792969,439.260009765625,441.0199890136719,411.1697692871094,43719200,1.29
2021-07-27,439.9100036621094,439.9400024414063,435.989990234375,439.010009765625,409.2959289550781,67397100,1.25
2021-07-28,439.6799926757813,440.2999877929688,437.30999755859375,438.8299865722656,409.12799072265625,52472400,1.26
2021-07-29,439.8200073242188,441.7999877929688,439.80999755859375,440.6499938964844,410.8248901367188,47435300,1.28
2021-07-30,437.9100036621094,440.05999755859375,437.7699890136719,438.510009765625,408.8296813964844,68951200,1.24
2021-08-02,440.3399963378906,440.9299926757813,437.2099914550781,437.5899963378906,407.971923828125,58783300,1.2
2021-08-03,438.4400024414063,441.2799987792969,436.1000061035156,441.1499938964844,411.29095458984375,58053900,1.19
2021-08-04,439.7799987792969,441.1199951171875,438.7300109863281,438.9800109863281,409.2679443359375,46732200,1.19
2021-08-05,440.2200012207031,441.8500061035156,439.8800048828125,441.760009765625,411.8597412109375,38969700,1.23
2021-08-06,442.1000061035156,442.9400024414063,441.7999877929688,442.489990234375,412.5403137207031,46930000,1.31
2021-08-09,442.4599914550781,442.7999877929688,441.30999755859375,442.1300048828125,412.2046508789063,41222600,1.33
2021-08-10,442.6099853515625,443.4400024414063,441.8800048828125,442.6799926757813,412.7174682617188,43339300,1.36
2021-08-11,443.8200073242188,443.8800048828125,442.6199951171875,443.7799987792969,413.7429809570313,44034300,1.35
2021-08-12,443.6199951171875,445.260009765625,442.6600036621094,445.1099853515625,414.9830017089844,38909400,1.36
2021-08-13,445.5899963378906,445.9400024414063,445.0700073242188,445.9200134277344,415.7382507324219,39470300,1.29
2021-08-16,444.5299987792969,447.1099853515625,442.8699951171875,446.9700012207031,416.7171325683594,73740000,1.26
2021-08-17,444.239990234375,444.9599914550781,440.8500061035156,444.0400085449219,413.9854736328125,92673900,1.26
2021-08-18,442.9599914550781,444.6300048828125,438.9200134277344,439.1799926757813,409.4544067382813,89351900,1.27
2021-08-19,436.2699890136719,441.1400146484375,436.1199951171875,439.8599853515625,410.08831787109375,92812200,1.24
2021-08-20,440.2300109863281,443.7099914550781,439.7099914550781,443.3599853515625,413.3513793945313,72008700,1.26
2021-08-23,445.1600036621094,448.2300109863281,443.4400024414063,447.260009765625,416.9874877929688,54973000,1.25
2021-08-24,447.9700012207031,448.5400085449219,447.4200134277344,447.9700012207031,417.6494445800781,38744700,1.29
2021-08-25,448.1700134277344,449.4599914550781,447.7699890136719,448.9100036621094,418.52581787109375,40529700,1.35
2021-08-26,448.6099853515625,448.8599853515625,446.1600036621094,446.260009765625,416.05517578125,57829600,1.34
2021-08-27,447.1199951171875,450.6499938964844,447.05999755859375,450.25,419.7750549316406,77235100,1.31
2021-08-30,450.9700012207031,453.0700073242188,450.7099914550781,452.2300109863281,421.6211242675781,48357400,1.29
2021-08-31,452.1300048828125,452.489990234375,450.9200134277344,451.55999755859375,420.9964294433594,59300200,1.3
2021-09-01,452.55999755859375,453.1099853515625,451.5499877929688,451.7999877929688,421.2201232910156,48721400,1.31
2021-09-02,453.3200073242188,454.0499877929688,451.9100036621094,453.1900024414063,422.51611328125,42501000,1.29
2021-09-03,451.9800109863281,453.6300048828125,451.5499877929688,453.0799865722656,422.4134521484375,47170500,1.33
2021-09-07,452.7099914550781,452.80999755859375,450.739990234375,451.4599914550781,420.9031677246094,51671500,1.38
2021-09-08,450.8900146484375,451.6700134277344,448.8599853515625,450.9100036621094,420.3903503417969,56181900,1.35
2021-09-09,450.7000122070313,452.5700073242188,448.7200012207031,448.9800109863281,418.5910949707031,57970400,1.3
2021-09-10,451.0400085449219,451.489990234375,445.30999755859375,445.4400024414063,415.2906799316406,89948200,1.35
2021-09-13,448.6400146484375,448.9200134277344,444.1099853515625,446.5799865722656,416.3534851074219,83738600,1.33
2021-09-14,448.1199951171875,448.3399963378906,443.2200012207031,444.1700134277344,414.106689453125,78197100,1.28
2021-09-15,444.6199951171875,448.4100036621094,443.4400024414063,447.8800048828125,417.5655517578125,78792200,1.31
2021-09-16,447.3200073242188,448.3599853515625,444.0199890136719,447.1700134277344,416.903564453125,77786700,1.34
2021-09-17,444.9200134277344,445.3699951171875,441.0199890136719,441.3999938964844,412.8424987792969,118425000,1.37
2021-09-20,434.8800048828125,436.55999755859375,428.8599853515625,434.0400085449219,405.958740234375,166445500,1.31
2021-09-21,436.5299987792969,437.9100036621094,433.0700073242188,433.6300048828125,405.5751953125,92526100,1.33
2021-09-22,436.0499877929688,440.0299987792969,433.75,437.8599853515625,409.531494140625,102350100,1.32
2021-09-23,439.8500061035156,444.8900146484375,439.6000061035156,443.1799926757813,414.5073852539063,76396000,1.41
2021-09-24,441.4400024414063,444.6700134277344,441.2099914550781,443.9100036621094,415.190185546875,62094800,1.47
2021-09-27,442.80999755859375,444.0499877929688,441.8999938964844,442.6400146484375,414.0022583007813,61371100,1.48
2021-09-28,439.6900024414063,440.0400085449219,432.9400024414063,433.7200012207031,405.6593933105469,130436300,1.54
2021-09-29,435.1900024414063,437.0400085449219,433.8500061035156,434.4500122070313,406.3421020507813,82329200,1.55
2021-09-30,436.0199890136719,436.7699890136719,428.7799987792969,429.1400146484375,401.3757019042969,140506000,1.52
2021-10-01,430.9800109863281,436.0299987792969,427.2300109863281,434.239990234375,406.1457214355469,129240100,1.48
2021-10-04,433.0,433.9599914550781,426.3599853515625,428.6400146484375,400.9080200195313,128570000,1.49
2021-10-05,430.239990234375,435.489990234375,429.3900146484375,433.1000061035156,405.0794982910156,90682500,1.54
2021-10-06,429.2699890136719,435.1199951171875,427.5400085449219,434.8999938964844,406.7630615234375,113032200,1.53
2021-10-07,438.3900146484375,441.6799926757813,438.2000122070313,438.6600036621094,410.27972412109375,72437500,1.58
2021-10-08,439.4800109863281,439.8900146484375,437.1900024414063,437.8599853515625,409.531494140625,74557400,1.61
2021-10-11,437.1600036621094,440.260009765625,434.6199951171875,434.6900024414063,406.566650390625,65233300,1.61
2021-10-12,435.6700134277344,436.1000061035156,432.7799987792969,433.6199951171875,405.5658874511719,71181200,1.59
2021-10-13,434.7099914550781,436.0499877929688,431.5400085449219,435.1799926757813,407.02484130859375,72974000,1.56
2021-10-14,439.0799865722656,442.6600036621094,438.5799865722656,442.5,413.871337890625,70236800,1.52
2021-10-15,444.75,446.260009765625,444.0899963378906,445.8699951171875,417.0232849121094,66260200,1.59
2021-10-18,443.9700012207031,447.5499877929688,443.2699890136719,447.1900024414063,418.2579040527344,62213200,1.59
2021-10-19,448.9200134277344,450.7099914550781,448.2699890136719,450.6400146484375,421.4847106933594,46996800,1.65
2021-10-20,451.1300048828125,452.7300109863281,451.010009765625,452.4100036621094,423.1401977539063,49571600,1.65
2021-10-21,451.7699890136719,453.8299865722656,451.30999755859375,453.5899963378906,424.2438659667969,41305400,1.68
2021-10-22,453.1300048828125,454.6700134277344,451.0499877929688,453.1199951171875,423.8042907714844,58845100,1.66
2021-10-25,454.2799987792969,455.8999938964844,452.3900146484375,455.5499877929688,426.076904296875,45214500,1.64
2021-10-26,457.2000122070313,458.489990234375,455.55999755859375,455.9599914550781,426.46044921875,56075100,1.63
2021-10-27,456.4500122070313,457.1600036621094,453.8599853515625,453.9400024414063,424.5712890625,72438000,1.54
2021-10-28,455.4599914550781,458.3999938964844,455.4500122070313,458.3200073242188,428.6678466796875,51437900,1.57
2021-10-29,455.8699951171875,459.55999755859375,455.55999755859375,459.25,429.5376586914063,70162400,1.55
2021-11-01,460.2999877929688,460.7000122070313,458.2000122070313,460.0400085449219,430.2765502929688,48433600,1.58
2021-11-02,460.2200012207031,462.2300109863281,460.0799865722656,461.8999938964844,432.0162353515625,48908400,1.56
2021-11-03,461.2999877929688,465.1499938964844,460.8299865722656,464.7200012207031,434.6537780761719,52509800,1.6
2021-11-04,465.3599853515625,467.0,464.989990234375,466.9100036621094,436.7020263671875,52847100,1.53
2021-11-05,469.2799987792969,470.6499938964844,466.9200134277344,468.5299987792969,438.2173156738281,66390600,1.45
2021-11-08,469.7000122070313,470.2300109863281,468.2000122070313,468.9299926757813,438.5914306640625,50405200,1.51
2021-11-09,469.3200073242188,469.5700073242188,465.8800048828125,467.3800048828125,437.1417236328125,51149100,1.46
2021-11-10,465.5799865722656,467.3800048828125,462.0400085449219,463.6199951171875,433.62493896484375,69429700,1.56
2021-11-11,465.2099914550781,465.2900085449219,463.75,463.7699890136719,433.7652587890625,34848500,1.56
2021-11-12,465.1199951171875,467.8599853515625,464.1099853515625,467.2699890136719,437.0387573242188,53466700,1.58
2021-11-15,468.6400146484375,468.80999755859375,466.2300109863281,467.4299926757813,437.1883850097656,46980500,1.63
2021-11-16,467.1499938964844,470.489990234375,467.0700073242188,469.2799987792969,438.918701171875,48857500,1.63
2021-11-17,469.0,469.1900024414063,467.4800109863281,468.1400146484375,437.85247802734375,47858300,1.6
2021-11-18,469.239990234375,470.010009765625,466.3399963378906,469.7300109863281,439.3396606445313,50625600,1.59
2021-11-19,469.6099853515625,470.9400024414063,468.5,468.8900146484375,438.553955078125,57315600,1.54
2021-11-22,470.8900146484375,473.5400085449219,467.3500061035156,467.5700073242188,437.31939697265625,72762000,1.63
2021-11-23,467.2200012207031,469.1000061035156,464.4500122070313,468.1900024414063,437.8993225097656,73206500,1.67
2021-11-24,466.05999755859375,469.5700073242188,465.1900024414063,469.4400024414063,439.06842041015625,61858800,1.64
2021-11-26,462.3399963378906,463.8999938964844,457.7699890136719,458.9700012207031,429.2757568359375,112669600,1.48
2021-11-29,464.0700073242188,466.55999755859375,461.7300109863281,464.6000061035156,434.5415344238281,86268800,1.52
2021-11-30,462.0,464.0299987792969,455.2999877929688,455.55999755859375,426.08636474609375,148559600,1.43
2021-12-01,461.6400146484375,464.6700134277344,450.2900085449219,450.5,421.3537292480469,131939200,1.43
2021-12-02,450.7300109863281,459.0700073242188,450.30999755859375,457.3999938964844,427.8073120117188,127637800,1.44
2021-12-03,459.1700134277344,460.2999877929688,448.9200134277344,453.4200134277344,424.08489990234375,137331600,1.35
2021-12-06,456.1300048828125,460.7900085449219,453.55999755859375,458.7900085449219,429.107421875,98977500,1.43
2021-12-07,464.4100036621094,468.8800048828125,458.6499938964844,468.2799987792969,437.98345947265625,95484700,1.48
2021-12-08,468.7000122070313,470.0,466.8299865722656,469.5199890136719,439.1432189941406,72238800,1.52
2021-12-09,468.1499938964844,469.6300048828125,466.1400146484375,466.3500061035156,436.1782531738281,61272600,1.49
2021-12-10,469.2300109863281,470.8999938964844,466.510009765625,470.739990234375,440.2842712402344,77159800,1.48
2021-12-13,470.1900024414063,470.55999755859375,466.2699890136719,466.5700073242188,436.3840026855469,87724700,1.42
2021-12-14,463.0899963378906,465.739990234375,460.25,463.3599853515625,433.38177490234375,97264100,1.44
2021-12-15,463.4200134277344,470.8599853515625,460.739990234375,470.6000061035156,440.1533508300781,116899300,1.47
2021-12-16,472.5700073242188,472.8699951171875,464.7999877929688,466.4500122070313,436.2718811035156,116568600,1.44
2021-12-17,461.5499877929688,464.739990234375,458.05999755859375,459.8699951171875,431.6285705566406,135511600,1.41
2021-12-20,454.4800109863281,455.3999938964844,451.1400146484375,454.9800109863281,427.0389709472656,107134800,1.43
2021-12-21,458.6099853515625,463.2099914550781,456.30999755859375,463.05999755859375,434.6227722167969,69806300,1.48
2021-12-22,462.7900085449219,467.80999755859375,462.5799865722656,467.6900024414063,438.9684143066406,58890200,1.46
2021-12-23,468.75,472.1900024414063,468.6400146484375,470.6000061035156,441.6996765136719,56439700,1.5
2021-12-27,472.05999755859375,477.30999755859375,472.010009765625,477.260009765625,447.95068359375,56808600,1.48
2021-12-28,477.7200012207031,478.80999755859375,476.05999755859375,476.8699951171875,447.5845947265625,47274600,1.49
2021-12-29,476.9800109863281,478.55999755859375,475.9200134277344,477.4800109863281,448.1571960449219,54503000,1.55
2021-12-30,477.9299926757813,479.0,475.6700134277344,476.1600036621094,446.9182739257813,55329000,1.52
2021-12-31,475.6400146484375,476.8599853515625,474.6700134277344,474.9599914550781,445.7918701171875,65237400,1.52
2022-01-03,476.2999877929688,477.8500061035156,473.8500061035156,477.7099914550781,448.37298583984375,72668200,1.63
2022-01-04,479.2200012207031,479.9800109863281,475.5799865722656,477.5499877929688,448.222900390625,71178700,1.66
2022-01-05,477.1600036621094,477.9800109863281,468.2799987792969,468.3800048828125,439.6159973144531,104538900,1.71
2022-01-06,467.8900146484375,470.8200073242188,465.4299926757813,467.9400024414063,439.2030334472656,86858900,1.73
2022-01-07,467.9500122070313,469.2000122070313,464.6499938964844,466.0899963378906,437.4667053222656,85111600,1.76
2022-01-10,462.7000122070313,465.739990234375,456.6000061035156,465.510009765625,436.9222717285156,119362000,1.78
2022-01-11,465.2300109863281,469.8500061035156,462.0499877929688,469.75,440.9018249511719,74303100,1.75
2022-01-12,471.5899963378906,473.2000122070313,468.9400024414063,471.0199890136719,442.0939025878906,67605400,1.74
2022-01-13,472.1900024414063,472.8800048828125,463.4400024414063,464.5299987792969,436.0025024414063,91173100,1.7
2022-01-14,461.1900024414063,465.0899963378906,459.8999938964844,464.7200012207031,436.1808166503906,95890900,1.78
2022-01-18,459.739990234375,459.9599914550781,455.30999755859375,456.489990234375,428.4561767578125,109709100,1.87
2022-01-19,458.1300048828125,459.6099853515625,451.4599914550781,451.75,424.00732421875,109357600,1.83
2022-01-20,453.75,458.739990234375,444.5,446.75,419.3143005371094,122379700,1.83
2022-01-21,445.55999755859375,448.05999755859375,437.9500122070313,437.9800109863281,411.08294677734375,202271200,1.75
2022-01-24,432.0299987792969,440.3800048828125,420.760009765625,439.8399963378906,412.8287048339844,251783900,1.75
2022-01-25,433.05999755859375,439.7200012207031,427.1499938964844,434.4700012207031,407.7884826660156,167997300,1.78
2022-01-26,440.7200012207031,444.0400085449219,428.8599853515625,433.3800048828125,406.7654724121094,186391100,1.85
2022-01-27,438.260009765625,441.5899963378906,429.4500122070313,431.239990234375,404.7568664550781,149878300,1.81
2022-01-28,432.6799926757813,442.0,427.8200073242188,441.9500122070313,414.8091430664063,164457400,1.78
2022-01-31,441.239990234375,450.2799987792969,439.80999755859375,449.9100036621094,422.2803039550781,152251400,1.79
2022-02-01,450.6799926757813,453.6300048828125,446.9400024414063,452.9500122070313,425.1336975097656,123155400,1.81
2022-02-02,455.5,458.1199951171875,453.0499877929688,457.3500061035156,429.2633972167969,117361000,1.78
2022-02-03,450.9500122070313,452.9700012207031,445.7099914550781,446.6000061035156,419.1735534667969,118024400,1.82
2022-02-04,446.3500061035156,452.7799987792969,443.8299865722656,448.7000122070313,421.1446228027344,118454400,1.93
2022-02-07,449.510009765625,450.989990234375,445.8500061035156,447.260009765625,419.7930908203125,84472900,1.92
2022-02-08,446.7300109863281,451.9200134277344,445.2200012207031,450.9400024414063,423.2469787597656,81012000,1.96
2022-02-09,455.2200012207031,457.8800048828125,455.010009765625,457.5400085449219,429.4417114257813,92589900,1.94
2022-02-10,451.3399963378906,457.7099914550781,447.2000122070313,449.3200073242188,421.7265319824219,140103700,2.03
2022-02-11,449.4100036621094,451.6099853515625,438.9400024414063,440.4599914550781,413.4106750488281,153214600,1.92
2022-02-14,439.9200134277344,441.6000061035156,435.3399963378906,439.0199890136719,412.0591125488281,123006300,1.98
2022-02-15,443.7300109863281,446.2799987792969,443.1799926757813,446.1000061035156,418.7041931152344,88482700,2.05
2022-02-16,443.9299926757813,448.05999755859375,441.9400024414063,446.6000061035156,419.1735534667969,84863600,2.03
2022-02-17,443.2200012207031,446.5700073242188,436.4200134277344,437.05999755859375,410.2193603515625,102259100,1.97
2022-02-18,437.3299865722656,438.6600036621094,431.8200073242188,434.2300109863281,407.5632629394531,132642900,1.92
2022-02-22,431.8900146484375,435.5,425.8599853515625,429.5700073242188,403.1894836425781,124391800,1.94
2022-02-23,432.6600036621094,433.260009765625,421.3500061035156,421.9500122070313,396.037353515625,132578000,1.99
2022-02-24,411.0199890136719,428.760009765625,410.6400146484375,428.2999877929688,401.9974365234375,213942900,1.96
2022-02-25,429.6099853515625,437.8399963378906,427.8599853515625,437.75,410.8670654296875,121804500,1.97
2022-02-28,432.0299987792969,438.2000122070313,430.7000122070313,436.6300048828125,409.8158264160156,145615000,1.83
2022-03-01,435.0400085449219,437.1700134277344,427.1099853515625,429.9800109863281,403.57427978515625,137785900,1.72
2022-03-02,432.3699951171875,439.7200012207031,431.5700073242188,437.8900146484375,410.9984436035156,117726500,1.86
2022-03-03,440.4700012207031,441.1099853515625,433.7999877929688,435.7099914550781,408.9523010253906,105501700,1.86
2022-03-04,431.75,433.3699951171875,427.8800048828125,432.1700134277344,405.6297302246094,113978200,1.74
2022-03-07,431.5499877929688,432.2999877929688,419.3599853515625,419.4299926757813,393.6721496582031,137896600,1.78
2022-03-08,419.6199951171875,427.2099914550781,415.1199951171875,416.25,390.6874084472656,164772700,1.86
2022-03-09,425.1400146484375,429.510009765625,422.8200073242188,427.4100036621094,401.16204833984375,116990800,1.94
2022-03-10,422.5199890136719,426.4299926757813,420.4400024414063,425.4800109863281,399.3505554199219,93972700,1.98
2022-03-11,428.1199951171875,428.7699890136719,419.5299987792969,420.0700073242188,394.2728271484375,95636300,2.0
2022-03-14,420.8900146484375,424.5499877929688,415.7900085449219,417.0,391.391357421875,95729200,2.14
2022-03-15,419.7699890136719,426.8399963378906,418.4200134277344,426.1700134277344,399.9982604980469,106219100,2.15
2022-03-16,429.8900146484375,435.6799926757813,424.7999877929688,435.6199951171875,408.8678588867188,144954800,2.19
2022-03-17,433.5899963378906,441.0700073242188,433.1900024414063,441.0700073242188,413.9831848144531,102676900,2.2
2022-03-18,438.0,444.8599853515625,437.2200012207031,444.5199890136719,418.5174560546875,106345500,2.14
2022-03-21,444.3399963378906,446.4599914550781,440.6799926757813,444.3900146484375,418.3951110839844,88349800,2.32
2022-03-22,445.8599853515625,450.5799865722656,445.8599853515625,449.5899963378906,423.29095458984375,74650400,2.38
2022-03-23,446.9100036621094,448.489990234375,443.7099914550781,443.7999877929688,417.8396301269531,79426100,2.32
2022-03-24,445.9400024414063,450.5,444.760009765625,450.489990234375,424.1382141113281,64736900,2.34
2022-03-25,451.1600036621094,452.9800109863281,448.4299926757813,452.6900024414063,426.2096252441406,77101300,2.48
2022-03-28,452.05999755859375,455.9100036621094,450.05999755859375,455.9100036621094,429.2411804199219,68529800,2.46
2022-03-29,460.0199890136719,462.0700073242188,457.1799926757813,461.5499877929688,434.5512390136719,86581500,2.41
2022-03-30,460.3399963378906,461.2000122070313,456.4700012207031,458.7000122070313,431.8679809570313,79666900,2.35
2022-03-31,457.8900146484375,458.760009765625,451.1600036621094,451.6400146484375,425.2209777832031,121699900,2.32
2022-04-01,453.30999755859375,453.4599914550781,449.1400146484375,452.9200134277344,426.4261474609375,89048800,2.39
2022-04-04,453.1300048828125,456.9100036621094,452.260009765625,456.7999877929688,430.0791015625,59601000,2.42
2022-04-05,455.2200012207031,457.8299865722656,449.8200073242188,451.0299987792969,424.6466979980469,74214500,2.54
2022-04-06,446.8900146484375,448.9299926757813,443.4700012207031,446.5199890136719,420.4004211425781,106898000,2.61
2022-04-07,445.5899963378906,450.6900024414063,443.5299987792969,448.7699890136719,422.5188598632813,78097200,2.66
2022-04-08,447.9700012207031,450.6300048828125,445.9400024414063,447.5700073242188,421.3889770507813,79272700,2.72
2022-04-11,444.1099853515625,445.0,439.3900146484375,439.9200134277344,414.1864929199219,89770500,2.79
2022-04-12,443.0799865722656,445.75,436.6499938964844,438.2900085449219,412.65185546875,84363600,2.72
2022-04-13,438.0299987792969,444.1099853515625,437.8399963378906,443.30999755859375,417.3782043457031,74070400,2.7
2022-04-14,443.5499877929688,444.7300109863281,437.6799926757813,437.7900085449219,412.1811218261719,97869500,2.83
2022-04-18,436.80999755859375,439.75,435.6099853515625,437.9700012207031,412.35064697265625,66002500,2.85
2022-04-19,437.8599853515625,445.7999877929688,437.6799926757813,445.0400085449219,419.0070190429688,77821000,2.93
2022-04-20,446.9200134277344,447.5700073242188,443.4800109863281,444.7099914550781,418.69635009765625,65224400,2.85
2022-04-21,448.5400085449219,450.010009765625,437.1000061035156,438.05999755859375,412.4352722167969,85417300,2.9
2022-04-22,436.9100036621094,438.0799865722656,425.4400024414063,426.0400085449219,401.118408203125,132471800,2.9
2022-04-25,423.6700134277344,428.6900024414063,418.8399963378906,428.510009765625,403.4440002441406,119647700,2.81
2022-04-26,425.8299865722656,426.0400085449219,416.0700073242188,416.1000061035156,391.75982666015625,103996300,2.77
2022-04-27,417.239990234375,422.9200134277344,415.010009765625,417.2699890136719,392.8614501953125,122030000,2.82
2022-04-28,422.2900085449219,429.6400146484375,417.6000061035156,427.80999755859375,402.7849731445313,105449100,2.85
2022-04-29,423.5899963378906,425.8699951171875,411.2099914550781,412.0,387.8997497558594,145491100,2.89
2022-05-02,412.0700073242188,415.9200134277344,405.0199890136719,414.4800109863281,390.2347106933594,158312500,2.99
2022-05-03,415.010009765625,418.9299926757813,413.3599853515625,416.3800048828125,392.0235595703125,100028200,2.97
2022-05-04,417.0799865722656,429.6600036621094,413.7099914550781,429.05999755859375,403.9617919921875,144247900,2.93
2022-05-05,424.5499877929688,425.0,409.4400024414063,413.80999755859375,389.6038513183594,172929100,3.05
2022-05-06,411.1000061035156,414.7999877929688,405.7300109863281,411.3399963378906,387.27825927734375,151770800,3.12
2022-05-09,405.1000061035156,406.4100036621094,396.5,398.1700134277344,374.8787231445313,155586100,3.05
2022-05-10,404.489990234375,406.0799865722656,394.8200073242188,399.0899963378906,375.7449340820313,132497200,2.99
2022-05-11,398.0700073242188,404.0400085449219,391.9599914550781,392.75,369.77581787109375,142361000,2.91
2022-05-12,389.3699951171875,395.7999877929688,385.1499938964844,392.3399963378906,369.3897399902344,125090800,2.84
2022-05-13,396.7099914550781,403.1799926757813,395.6099853515625,401.7200012207031,378.22113037109375,104174400,2.93
2022-05-16,399.9800109863281,403.9700012207031,397.6000061035156,400.0899963378906,376.6864013671875,78622400,2.88
2022-05-17,406.5299987792969,408.5700073242188,402.5799865722656,408.3200073242188,384.4349670410156,83029700,2.98
2022-05-18,403.5,403.7999877929688,390.5499877929688,391.8599853515625,368.9378662109375,117674500,2.89
2022-05-19,388.6199951171875,394.1400146484375,387.1099853515625,389.4599914550781,366.6781921386719,98510700,2.84
2022-05-20,393.25,397.0299987792969,380.5400085449219,389.6300048828125,366.8383483886719,131432200,2.78
2022-05-23,392.8299865722656,397.7300109863281,390.3800048828125,396.9200134277344,373.7018737792969,76414900,2.86
2022-05-24,392.55999755859375,395.1499938964844,386.9599914550781,393.8900146484375,370.84906005859375,91448800,2.76
2022-05-25,392.30999755859375,399.4500122070313,391.8900146484375,397.3699951171875,374.1255493164063,91472900,2.75
2022-05-26,398.6700134277344,407.0400085449219,398.4500122070313,405.30999755859375,381.60107421875,82168300,2.75
2022-05-27,407.9100036621094,415.3800048828125,407.7000122070313,415.260009765625,390.9690246582031,84768700,2.74
2022-05-31,413.5499877929688,416.4599914550781,410.0299987792969,412.9299926757813,388.775390625,95937000,2.85
2022-06-01,415.1700134277344,416.239990234375,406.9299926757813,409.5899963378906,385.6306762695313,86585800,2.94
2022-06-02,409.4200134277344,417.4400024414063,407.0400085449219,417.3900146484375,392.9744567871094,79609600,2.92
2022-06-03,412.3999938964844,414.0400085449219,409.510009765625,410.5400085449219,386.525146484375,71874300,2.96
2022-06-06,414.7799987792969,416.6099853515625,410.5499877929688,411.7900085449219,387.7020263671875,57508900,3.04
2022-06-07,408.1000061035156,416.2200012207031,407.6099853515625,415.739990234375,391.4209289550781,59272400,2.98
2022-06-08,413.9299926757813,415.8200073242188,410.3800048828125,411.2200012207031,387.1653137207031,64350000,3.03
2022-06-09,409.3399963378906,411.739990234375,401.4400024414063,401.4400024414063,377.95745849609375,86289800,3.04
2022-06-10,394.8800048828125,395.7799987792969,389.75,389.7999877929688,366.9983215332031,132893900,3.15
2022-06-13,379.8500061035156,381.80999755859375,373.2999877929688,375.0,353.0640869140625,170004900,3.43
2022-06-14,376.8500061035156,377.9400024414063,370.5899963378906,373.8699951171875,352.00018310546875,104011800,3.49
2022-06-15,377.3599853515625,383.8999938964844,372.1199951171875,379.2000122070313,357.0184020996094,125666800,3.33
2022-06-16,370.510009765625,370.9400024414063,364.0799865722656,366.6499938964844,345.2025451660156,134473300,3.28
2022-06-17,365.510009765625,369.3800048828125,362.1700134277344,365.8599853515625,345.9466857910156,111113900,3.25
2022-06-21,371.8900146484375,376.5299987792969,371.80999755859375,375.0700073242188,354.6554870605469,76811900,3.31
2022-06-22,370.6199951171875,378.7200012207031,370.1799926757813,374.3900146484375,354.0124206542969,90059400,3.16
2022-06-23,376.6400146484375,378.8299865722656,372.8900146484375,378.05999755859375,357.4826354980469,79292100,3.09
2022-06-24,381.3999938964844,390.0899963378906,381.3699951171875,390.0799865722656,368.8484191894531,98050300,3.13
2022-06-27,391.0499877929688,391.3599853515625,387.4400024414063,388.5899963378906,367.43951416015625,66009600,3.2
2022-06-28,390.2300109863281,393.1600036621094,380.5299987792969,380.6499938964844,359.9317321777344,86548900,3.2
2022-06-29,381.2300109863281,382.2699890136719,378.4200134277344,380.3399963378906,359.6385498046875,65676000,3.1
2022-06-30,376.239990234375,380.6600036621094,372.55999755859375,377.25,356.716796875,112508300,2.98
2022-07-01,376.55999755859375,381.7000122070313,373.7999877929688,381.239990234375,360.4895324707031,74839700,2.88
2022-07-05,375.8800048828125,381.9800109863281,372.8999938964844,381.9599914550781,361.1703796386719,81438000,2.82
2022-07-06,382.1099853515625,385.8699951171875,379.6000061035156,383.25,362.3901672363281,70426200,2.93
2022-07-07,385.1199951171875,389.8299865722656,383.2699890136719,388.989990234375,367.8177185058594,64525900,3.01
2022-07-08,387.2699890136719,390.6400146484375,385.6600036621094,388.6700134277344,367.5152282714844,72397800,3.09
2022-07-11,385.8500061035156,386.8699951171875,383.5,384.2300109863281,363.3168640136719,58366900,2.99
2022-07-12,383.6499938964844,386.1600036621094,378.989990234375,380.8299865722656,360.1018981933594,62219200,2.96
2022-07-13,375.1000061035156,381.9200134277344,374.6600036621094,378.8299865722656,358.2108154296875,84224600,2.91
2022-07-14,373.6099853515625,379.0499877929688,371.0400085449219,377.9100036621094,357.3409118652344,89704800,2.96
2022-07-15,382.5499877929688,385.25,380.5400085449219,385.1300048828125,364.1678771972656,79060400,2.93
2022-07-18,388.3800048828125,389.0899963378906,380.6600036621094,381.9500122070313,361.1609497070313,63203600,2.96
2022-07-19,386.0799865722656,392.8699951171875,385.3900146484375,392.2699890136719,370.9192199707031,78506000,3.01
2022-07-20,392.4700012207031,396.260009765625,391.0299987792969,394.7699890136719,373.2831726074219,71843800,3.04
2022-07-21,394.1600036621094,398.8399963378906,391.6300048828125,398.7900085449219,377.0843505859375,64903900,2.91
2022-07-22,398.9200134277344,400.1799926757813,392.75,395.0899963378906,373.5857238769531,72197300,2.77
2022-07-25,395.75,396.4700012207031,393.2099914550781,395.5700073242188,374.0396118164063,53631500,2.81
2022-07-26,393.8399963378906,394.05999755859375,389.9500122070313,390.8900146484375,369.61431884765625,52946400,2.81
2022-07-27,394.3599853515625,402.8800048828125,394.0499877929688,401.0400085449219,379.21185302734375,82342100,2.78
2022-07-28,401.8900146484375,406.7999877929688,398.1499938964844,406.0700073242188,383.9681091308594,73966600,2.68
2022-07-29,407.5799865722656,413.0299987792969,406.7699890136719,411.989990234375,389.5659484863281,87003700,2.67
2022-08-01,409.1499938964844,413.4100036621094,408.3999938964844,410.7699890136719,388.4122619628906,69997500,2.6
2022-08-02,409.1199951171875,413.0,406.8200073242188,408.05999755859375,385.8497924804688,63435400,2.75
2022-08-03,410.2999877929688,415.6799926757813,410.0,414.4500122070313,391.89202880859375,67820600,2.73
2022-08-04,414.3699951171875,415.0899963378906,412.4400024414063,414.1700134277344,391.6272277832031,45656600,2.68
2022-08-05,409.6600036621094,414.1499938964844,409.6000061035156,413.4700012207031,390.9653625488281,56814900,2.83
2022-08-08,415.25,417.6199951171875,411.8299865722656,412.989990234375,390.5114135742188,53886100,2.77
2022-08-09,412.2200012207031,412.75,410.2200012207031,411.3500061035156,388.9607543945313,44931800,2.8
2022-08-10,418.7799987792969,420.1400146484375,416.7200012207031,419.989990234375,397.1304931640625,68665700,2.78
2022-08-11,422.989990234375,424.9500122070313,419.2099914550781,419.989990234375,397.1304931640625,59489700,2.87
2022-08-12,422.0299987792969,427.2099914550781,421.0299987792969,427.1000061035156,403.8534851074219,61694500,2.84
2022-08-15,424.7699890136719,429.4100036621094,424.7099914550781,428.8599853515625,405.5177001953125,54048300,2.79
2022-08-16,427.7300109863281,431.7300109863281,426.8800048828125,429.7000122070313,406.31201171875,59289000,2.82
2022-08-17,425.9100036621094,429.5,424.5400085449219,426.6499938964844,403.4279174804688,63563400,2.89
2022-08-18,426.8599853515625,428.6099853515625,425.5,427.8900146484375,404.6005554199219,49023200,2.88
2022-08-19,424.9800109863281,425.260009765625,421.2200012207031,422.1400146484375,399.1634521484375,68016900,2.98
2022-08-22,417.0499877929688,417.2300109863281,412.3999938964844,413.3500061035156,390.8518981933594,77695600,3.03
2022-08-23,412.8999938964844,415.4200134277344,411.7699890136719,412.3500061035156,389.90631103515625,49105200,3.05
2022-08-24,412.1099853515625,415.1099853515625,411.3900146484375,413.6700134277344,391.1544799804688,49177800,3.11
2022-08-25,415.239990234375,419.55999755859375,414.0899963378906,419.510009765625,396.6765747070313,50942300,3.03
2022-08-26,419.3900146484375,419.9599914550781,405.25,405.30999755859375,383.24945068359375,103087000,3.04
2022-08-29,402.2000122070313,405.8399963378906,401.2000122070313,402.6300048828125,380.7153625488281,65370800,3.12
2022-08-30,403.8500061035156,404.1000061035156,396.0,398.2099914550781,376.5359191894531,85652400,3.11
2022-08-31,399.9299926757813,401.239990234375,395.0400085449219,395.1799926757813,373.6709289550781,76029700,3.15
2022-09-01,392.8900146484375,396.7799987792969,390.0400085449219,396.4200134277344,374.8433837890625,78740100,3.26
2022-09-02,400.2799987792969,401.55999755859375,390.3299865722656,392.239990234375,370.8908386230469,99632100,3.2
2022-09-06,393.1300048828125,394.1199951171875,388.4200134277344,390.760009765625,369.4914245605469,76637400,3.33
2022-09-07,390.4299926757813,398.5899963378906,390.2000122070313,397.7799987792969,376.1293640136719,70964200,3.27
2022-09-08,395.3900146484375,400.8599853515625,394.1199951171875,400.3800048828125,378.58782958984375,80821700,3.29
2022-09-09,402.739990234375,407.510009765625,402.4599914550781,406.6000061035156,384.4692687988281,76706900,3.33
2022-09-12,408.7799987792969,411.7300109863281,408.4599914550781,410.9700012207031,388.6014404296875,69256300,3.37
2022-09-13,401.8299865722656,403.1000061035156,391.9200134277344,393.1000061035156,371.7040710449219,122947100,3.42
2022-09-14,394.4700012207031,396.2000122070313,391.1199951171875,394.6000061035156,373.1224670410156,85023700,3.41
2022-09-15,392.9599914550781,395.9599914550781,388.7799987792969,390.1199951171875,368.88623046875,87633800,3.45
2022-09-16,384.1400146484375,386.25,382.1099853515625,385.55999755859375,366.0720520019531,103084800,3.45
2022-09-19,382.260009765625,388.5499877929688,382.1799926757813,388.5499877929688,368.9109497070313,73278500,3.49
2022-09-20,385.05999755859375,386.1199951171875,381.2000122070313,384.0899963378906,364.6764221191406,77274900,3.57
2022-09-21,386.1099853515625,389.30999755859375,377.3800048828125,377.3900146484375,358.31500244140625,106746600,3.51
2022-09-22,376.5799865722656,378.2999877929688,373.4400024414063,374.2200012207031,355.3052673339844,89472600,3.7
2022-09-23,370.5799865722656,370.6199951171875,363.2900085449219,367.9500122070313,349.3521423339844,122346900,3.69
2022-09-26,366.4100036621094,370.2099914550781,363.0299987792969,364.30999755859375,345.8961486816406,92581200,3.88
2022-09-27,368.0199890136719,370.3999938964844,360.8699951171875,363.3800048828125,345.0131530761719,108294100,3.97
2022-09-28,364.3800048828125,372.2999877929688,362.6000061035156,370.5299987792969,351.8016967773437,110802200,3.72
2022-09-29,366.80999755859375,367.1099853515625,359.70001220703125,362.7900085449219,344.4530029296875,112952300,3.76
2022-09-30,361.7999877929688,365.9100036621094,357.0400085449219,357.17999267578125,339.1264953613281,153711200,3.83
2022-10-03,361.0799865722656,368.5499877929688,359.2099914550781,366.6099853515625,348.079833984375,89756500,3.67
2022-10-04,372.3999938964844,378.0,366.5700073242188,377.9700012207031,358.8656921386719,103602800,3.62
2022-10-05,373.3900146484375,379.4599914550781,370.9500122070313,377.0899963378906,358.03009033203125,88065700,3.76
2022-10-06,375.6199951171875,378.7200012207031,372.6799926757813,373.2000122070313,354.3367614746094,82333500,3.83
2022-10-07,368.9700012207031,373.2900085449219,360.9400024414063,362.7900085449219,344.4530029296875,107789500,3.89
2022-10-10,363.9599914550781,364.2099914550781,357.6700134277344,360.0199890136719,341.8229675292969,76042800,3.89
2022-10-11,358.239990234375,363.0299987792969,355.7099914550781,357.739990234375,339.6582336425781,92482800,3.93
2022-10-12,358.1700134277344,359.82000732421875,356.29998779296875,356.5599975585937,338.5378112792969,76991800,3.91
2022-10-13,349.2099914550781,367.510009765625,348.1099853515625,365.9700012207031,347.47222900390625,147254500,3.97
2022-10-14,368.5499877929688,370.260009765625,356.9599914550781,357.6300048828125,339.5537414550781,123737000,4.0
2022-10-17,364.010009765625,367.9800109863281,357.2799987792969,366.8200073242188,348.2792358398437,93168200,4.02
2022-10-18,375.1300048828125,375.4500122070313,367.5199890136719,371.1300048828125,352.3714294433594,97162900,4.01
2022-10-19,368.989990234375,371.8500061035156,365.5499877929688,368.5,349.87432861328125,79746900,4.14
2022-10-20,368.0299987792969,372.6700134277344,364.6099853515625,365.4100036621094,346.9405517578125,88283100,4.24
2022-10-21,365.1199951171875,374.7999877929688,363.5400085449219,374.2900085449219,355.37176513671875,131038400,4.21
2022-10-24,375.8900146484375,380.05999755859375,373.1099853515625,378.8699951171875,359.72021484375,85436900,4.25
2022-10-25,378.7900085449219,385.25,378.6700134277344,384.9200134277344,365.4644470214844,78846300,4.1
2022-10-26,381.6199951171875,387.5799865722656,381.3500061035156,382.0199890136719,362.7109680175781,104087300,4.04
2022-10-27,383.0700073242188,385.0,379.3299865722656,379.9800109863281,360.7741394042969,81971800,3.96
2022-10-28,379.8699951171875,389.5199890136719,379.6799926757813,389.0199890136719,369.357177734375,100302000,4.02
2022-10-31,386.4400024414063,388.3999938964844,385.260009765625,386.2099914550781,366.6891784667969,96631300,4.1
2022-11-01,390.1400146484375,390.3900146484375,383.2900085449219,384.5199890136719,365.0846252441406,85407600,4.07
2022-11-02,383.8999938964844,388.6300048828125,374.760009765625,374.8699951171875,355.92236328125,126990400,4.1
2022-11-03,371.4700012207031,374.2000122070313,368.7900085449219,371.010009765625,352.25750732421875,87100100,4.14
2022-11-04,377.0,378.8699951171875,370.0,376.3500061035156,357.3275756835937,103505200,4.17
2022-11-07,377.7099914550781,380.5700073242188,375.5299987792969,379.9500122070313,360.7455749511719,68286900,4.22
2022-11-08,381.1099853515625,385.1199951171875,377.7200012207031,382.0,362.6920166015625,84641100,4.14
2022-11-09,379.9299926757813,381.1400146484375,373.6099853515625,374.1300048828125,355.21978759765625,78495500,4.12
2022-11-10,388.0499877929688,395.0400085449219,385.6400146484375,394.6900024414063,374.7406311035156,141455800,3.82
2022-11-11,395.5899963378906,399.3500061035156,393.6099853515625,398.510009765625,378.3675231933594,93839900,3.82
2022-11-14,396.6600036621094,400.1799926757813,394.8299865722656,395.1199951171875,375.14886474609375,71903500,3.88
2022-11-15,401.1499938964844,402.30999755859375,394.489990234375,398.489990234375,378.3485107421875,93194500,3.8
2022-11-16,396.7799987792969,397.7799987792969,394.7900085449219,395.4500122070313,375.4621887207031,68508500,3.67
2022-11-17,390.4599914550781,394.9500122070313,390.1400146484375,394.239990234375,374.3133239746094,74496300,3.77
2022-11-18,397.739990234375,397.80999755859375,393.0400085449219,396.0299987792969,376.0128784179688,92922500,3.82
2022-11-21,394.6400146484375,395.8200073242188,392.6600036621094,394.5899963378906,374.6456298828125,51243200,3.83
2022-11-22,396.6300048828125,400.0700073242188,395.1499938964844,399.8999938964844,379.6872863769531,60429000,3.76
2022-11-23,399.5499877929688,402.9299926757813,399.30999755859375,402.4200134277344,382.0799255371094,68261600,3.71
2022-11-25,401.8299865722656,402.9100036621094,401.5400085449219,402.3299865722656,381.9944152832031,30545400,3.68
2022-11-28,399.0899963378906,400.80999755859375,395.1099853515625,395.9100036621094,375.89892578125,67881600,3.69
2022-11-29,396.0499877929688,397.2999877929688,393.2999877929688,395.2300109863281,375.2532958984375,52310000,3.75
2022-11-30,395.489990234375,407.6799926757813,393.4800109863281,407.6799926757813,387.073974609375,144566700,3.68
2022-12-01,408.7699890136719,410.0,404.75,407.3800048828125,386.7892150878906,76398200,3.53
2022-12-02,402.25,407.8599853515625,402.1400146484375,406.9100036621094,386.3429565429688,85342700,3.51
2022-12-05,403.9500122070313,404.9299926757813,398.1700134277344,399.5899963378906,379.3929138183594,77289800,3.6
2022-12-06,399.4200134277344,399.989990234375,391.6400146484375,393.8299865722656,373.9240417480469,77972200,3.51
2022-12-07,392.9400024414063,395.6400146484375,391.9700012207031,393.1600036621094,373.2879333496094,65927900,3.42
2022-12-08,395.1400146484375,397.3599853515625,393.2699890136719,396.239990234375,376.2121887207031,60737900,3.48
2022-12-09,394.9400024414063,397.6199951171875,393.1499938964844,393.2799987792969,373.40185546875,81447700,3.57
2022-12-12,394.1099853515625,398.9500122070313,393.4100036621094,398.9500122070313,378.7853088378906,75405800,3.61
2022-12-13,410.2200012207031,410.489990234375,399.0700073242188,401.9700012207031,381.6526184082031,123782500,3.51
2022-12-14,401.6099853515625,405.5,396.30999755859375,399.3999938964844,379.2125244140625,108111300,3.49
2022-12-15,394.2999877929688,395.25,387.8900146484375,389.6300048828125,369.9363403320313,117705900,3.44
2022-12-16,385.1799926757813,386.5799865722656,381.0400085449219,383.2699890136719,365.5688781738281,119858000,3.48
2022-12-19,383.4700012207031,383.8200073242188,378.2799987792969,380.0199890136719,362.4689636230469,79878100,3.57
2022-12-20,379.2300109863281,382.2300109863281,377.8500061035156,380.5400085449219,362.96490478515625,74427200,3.69
2022-12-21,383.25,387.4100036621094,382.6900024414063,386.2300109863281,368.39208984375,78167400,3.68
2022-12-22,383.0499877929688,386.2099914550781,374.7699890136719,380.7200012207031,363.1365966796875,100120900,3.67
2022-12-23,379.6499938964844,383.05999755859375,378.0299987792969,382.9100036621094,365.2254333496094,59857300,3.75
2022-12-27,382.7900085449219,383.1499938964844,379.6499938964844,381.3999938964844,363.78515625,51638200,3.84
2022-12-28,381.3299865722656,383.3900146484375,376.4200134277344,376.6600036621094,359.2640991210937,70911500,3.88
2022-12-29,379.6300048828125,384.3500061035156,379.0799865722656,383.4400024414063,365.73095703125,66970900,3.83
2022-12-30,380.6400146484375,382.5799865722656,378.4299926757813,382.4299926757813,364.7676086425781,84022200,3.88
2023-01-03,384.3699951171875,386.4299926757813,377.8299865722656,380.8200073242188,363.2319946289063,74850700,3.79
2023-01-04,383.1799926757813,385.8800048828125,380.0,383.760009765625,366.03619384765625,85934100,3.69
2023-01-05,381.7200012207031,381.8399963378906,378.760009765625,379.3800048828125,361.8585205078125,76970500,3.71
2023-01-06,382.6099853515625,389.25,379.4100036621094,388.0799865722656,370.15667724609375,104189600,3.55
2023-01-09,390.3699951171875,393.7000122070313,387.6700134277344,387.8599853515625,369.9468688964844,73978100,3.53
2023-01-10,387.25,390.6499938964844,386.2699890136719,390.5799865722656,372.5411376953125,65358100,3.61
2023-01-11,392.2300109863281,395.6000061035156,391.3800048828125,395.5199890136719,377.2530212402344,68881100,3.54
2023-01-12,396.6700134277344,398.489990234375,392.4200134277344,396.9599914550781,378.6265258789063,90157700,3.43
2023-01-13,393.6199951171875,399.1000061035156,393.3399963378906,398.5,380.0954284667969,63903900,3.49
2023-01-17,398.4800109863281,400.2300109863281,397.05999755859375,397.7699890136719,379.3991394042969,62677300,3.53
2023-01-18,399.010009765625,400.1199951171875,391.2799987792969,391.489990234375,373.4091796875,99632300,3.37
2023-01-19,389.3599853515625,391.0799865722656,387.260009765625,388.6400146484375,370.6907958984375,86958900,3.39
2023-01-20,390.1000061035156,396.0400085449219,388.3800048828125,395.8800048828125,377.596435546875,91806400,3.48
2023-01-23,396.7200012207031,402.6499938964844,395.7200012207031,400.6300048828125,382.1270751953125,84178800,3.52
2023-01-24,398.8800048828125,401.1499938964844,397.6400146484375,400.2000122070313,381.7169189453125,59524900,3.46
2023-01-25,395.9500122070313,400.7000122070313,393.55999755859375,400.3500061035156,381.8599548339844,84800300,3.46
2023-01-26,403.1300048828125,404.9200134277344,400.0299987792969,404.75,386.0567321777344,72287400,3.49
2023-01-27,403.6600036621094,408.1600036621094,403.4400024414063,405.6799926757813,386.94384765625,68346200,3.52
2023-01-30,402.7999877929688,405.1300048828125,400.2799987792969,400.5899963378906,382.0888977050781,74202000,3.55
2023-01-31,401.1300048828125,406.5299987792969,400.7699890136719,406.4800109863281,387.7068481445313,86811800,3.52
2023-02-01,405.2099914550781,413.6700134277344,402.3500061035156,410.7999877929688,391.8273010253906,101459200,3.39
2023-02-02,414.8599853515625,418.30999755859375,412.8800048828125,416.7799987792969,397.5312194824219,101654500,3.4
2023-02-03,411.5899963378906,416.9700012207031,411.0899963378906,412.3500061035156,393.3057556152344,94736800,3.53
2023-02-06,409.7900085449219,411.2900085449219,408.1000061035156,409.8299865722656,390.9021606445313,60295300,3.63
2023-02-07,408.8699951171875,416.489990234375,407.5700073242188,415.1900024414063,396.0146179199219,90990700,3.67
2023-02-08,413.1300048828125,414.5299987792969,409.9299926757813,410.6499938964844,391.684326171875,76227500,3.63
2023-02-09,414.4100036621094,414.5700073242188,405.80999755859375,407.0899963378906,388.2886962890625,78694900,3.67
2023-02-10,405.8599853515625,408.4400024414063,405.010009765625,408.0400085449219,389.1948852539063,70769700,3.74
2023-02-13,408.7200012207031,412.9700012207031,408.239990234375,412.8299865722656,393.7635498046875,64913500,3.72
2023-02-14,411.239990234375,415.0499877929688,408.510009765625,412.6400146484375,393.5823974609375,88389300,3.77
2023-02-15,410.3500061035156,414.05999755859375,409.4700012207031,413.9800109863281,394.8605346679688,61555700,3.81
2023-02-16,408.7900085449219,412.9100036621094,408.1400146484375,408.2799987792969,389.4237365722656,76431500,3.86
2023-02-17,406.05999755859375,407.510009765625,404.0499877929688,407.260009765625,388.4508666992188,89257800,3.82
2023-02-21,403.05999755859375,404.1600036621094,398.8200073242188,399.0899963378906,380.658203125,82655900,3.95
2023-02-22,399.5199890136719,401.1300048828125,397.0199890136719,398.5400085449219,380.1336364746094,83742300,3.93
2023-02-23,401.55999755859375,402.2000122070313,396.25,400.6600036621094,382.1556701660156,96242400,3.88
2023-02-24,395.4200134277344,397.25,393.6400146484375,396.3800048828125,378.0733337402344,108194400,3.95
2023-02-27,399.8699951171875,401.2900085449219,396.75,397.7300109863281,379.3610534667969,80444700,3.92
2023-02-28,397.2300109863281,399.2799987792969,396.1499938964844,396.260009765625,377.9588928222656,96438600,3.92
2023-03-01,395.4100036621094,396.6900024414063,393.3800048828125,394.739990234375,376.5090942382813,99706800,4.01
2023-03-02,392.6799926757813,398.6900024414063,392.3299865722656,397.80999755859375,379.4373474121094,85127800,4.08
2023-03-03,399.7099914550781,404.4500122070313,399.0299987792969,404.1900024414063,385.5226745605469,90120000,3.97
2023-03-06,405.0499877929688,407.4500122070313,404.010009765625,404.4700012207031,385.7897033691406,72795900,3.98
2023-03-07,404.4200134277344,404.6700134277344,397.6300048828125,398.2699890136719,379.87603759765625,108310600,3.97
2023-03-08,398.3900146484375,399.7099914550781,396.5899963378906,398.9200134277344,380.4960632324219,74746600,3.98
2023-03-09,399.739990234375,401.4800109863281,390.5299987792969,391.55999755859375,373.4759521484375,111945300,3.93
2023-03-10,390.989990234375,393.1600036621094,384.3200073242188,385.9100036621094,368.0868835449219,189253000,3.7
2023-03-13,381.80999755859375,390.3900146484375,380.6499938964844,385.3599853515625,367.5622863769531,157790000,3.55
2023-03-14,390.5,393.4500122070313,387.0499877929688,391.7300109863281,373.6380920410156,149752400,3.64
2023-03-15,385.8900146484375,389.489990234375,383.7099914550781,389.2799987792969,371.3013305664063,172996900,3.51
2023-03-16,386.8200073242188,396.4700012207031,386.2900085449219,396.1099853515625,377.81585693359375,143254200,3.56
2023-03-17,393.2200012207031,394.3999938964844,388.5499877929688,389.989990234375,373.3981628417969,140553400,3.39
2023-03-20,390.7999877929688,394.1700134277344,390.0700073242188,393.739990234375,376.9885864257813,93055800,3.47
2023-03-21,397.239990234375,399.4100036621094,395.5799865722656,398.9100036621094,381.9386596679688,91524200,3.59
2023-03-22,398.7300109863281,402.489990234375,392.0700073242188,392.1099853515625,375.4279479980469,111746600,3.48
2023-03-23,395.0899963378906,399.2900085449219,390.3500061035156,393.1700134277344,376.4428405761719,119351300,3.38
2023-03-24,391.8399963378906,395.8399963378906,389.3999938964844,395.75,378.91302490234375,107682400,3.38
2023-03-27,398.1199951171875,398.9200134277344,395.55999755859375,396.489990234375,379.62152099609375,74010400,3.53
2023-03-28,395.7699890136719,396.489990234375,393.6900024414063,395.6000061035156,378.7694396972656,62871700,3.55
2023-03-29,399.9299926757813,401.6000061035156,398.6799926757813,401.3500061035156,384.2748107910156,77497900,3.57
2023-03-30,404.0899963378906,404.3500061035156,401.760009765625,403.7000122070313,386.52484130859375,69840000,3.55
2023-03-31,404.6600036621094,409.7000122070313,404.5499877929688,409.3900146484375,391.9728088378906,112062600,3.48
2023-04-03,408.8500061035156,411.3699951171875,408.4400024414063,410.9500122070313,393.4664306640625,67391100,3.43
2023-04-04,411.6199951171875,411.9200134277344,407.239990234375,408.6700134277344,391.2834167480469,66601500,3.35
2023-04-05,407.9100036621094,408.7000122070313,405.8800048828125,407.6000061035156,390.2589111328125,65200200,3.3
2023-04-06,406.7699890136719,409.4800109863281,405.6799926757813,409.1900024414063,391.7813415527344,63743300,3.3
2023-04-10,406.6099853515625,409.6900024414063,405.9700012207031,409.6099853515625,392.1834411621094,63681000,3.41
2023-04-11,410.260009765625,411.1799926757813,408.9200134277344,409.7200012207031,392.2887573242188,59297900,3.43
2023-04-12,411.8699951171875,412.1700134277344,407.4400024414063,408.0499877929688,390.689697265625,86420400,3.41
2023-04-13,409.1799926757813,413.8399963378906,407.989990234375,413.4700012207031,395.879150390625,85814800,3.45
2023-04-14,412.80999755859375,415.0899963378906,410.05999755859375,412.4599914550781,394.9121398925781,78161500,3.52
2023-04-17,412.3699951171875,413.9599914550781,411.0899963378906,413.9400024414063,396.32916259765625,66436400,3.6
2023-04-18,415.5799865722656,415.7200012207031,412.7799987792969,414.2099914550781,396.5877075195313,63560000,3.58
2023-04-19,412.2200012207031,415.0799865722656,412.1600036621094,414.1400146484375,396.520751953125,55227300,3.6
2023-04-20,411.2099914550781,413.7000122070313,410.2699890136719,411.8800048828125,394.3568420410156,75840400,3.54
2023-04-21,412.1900024414063,412.6799926757813,410.1700134277344,412.2000122070313,394.6632385253906,73457400,3.57
2023-04-24,411.989990234375,413.0700073242188,410.6000061035156,412.6300048828125,395.074951171875,64332100,3.52
2023-04-25,410.5799865722656,411.1600036621094,406.0199890136719,406.0799865722656,388.8035583496094,97766700,3.4
2023-04-26,406.7200012207031,407.8399963378906,403.7799987792969,404.3599853515625,387.1567687988281,80447000,3.43
2023-04-27,407.0,412.6900024414063,406.739990234375,412.4100036621094,394.8642578125,92968400,3.53
2023-04-28,411.489990234375,415.9400024414063,411.4299926757813,415.9299926757813,398.2345581054688,89433100,3.44
2023-05-01,415.4700012207031,417.6199951171875,415.2699890136719,415.510009765625,397.8323974609375,62122300,3.59
2023-05-02,414.7699890136719,414.8200073242188,407.8200073242188,410.8399963378906,393.3610229492188,103998500,3.44
2023-05-03,411.3599853515625,413.8699951171875,407.7699890136719,408.0199890136719,390.6610412597656,91531800,3.38
2023-05-04,406.9299926757813,407.2699890136719,403.739990234375,405.1300048828125,387.8940124511719,94901900,3.37
2023-05-05,408.9100036621094,413.7200012207031,408.6400146484375,412.6300048828125,395.074951171875,87891800,3.44
2023-05-08,412.9700012207031,413.239990234375,411.2799987792969,412.739990234375,395.1802368164063,50046800,3.52
2023-05-09,411.1300048828125,412.0899963378906,410.6900024414063,410.9299926757813,393.4471740722656,49220100,3.53
2023-05-10,413.8800048828125,414.5400085449219,408.8699951171875,412.8500061035156,395.28558349609375,96142900,3.43
2023-05-11,411.9500122070313,412.4299926757813,409.9700012207031,412.1300048828125,394.59619140625,70157100,3.39
2023-05-12,413.4200134277344,413.6400146484375,409.0700073242188,411.5899963378906,394.07916259765625,70481500,3.46
2023-05-15,412.2200012207031,413.4299926757813,410.2300109863281,413.010009765625,395.4388122558594,54289400,3.5
2023-05-16,411.8599853515625,412.8200073242188,410.239990234375,410.25,392.7961730957031,57705500,3.54
2023-05-17,412.3500061035156,415.8599853515625,410.6400146484375,415.2300109863281,397.5643310546875,87287000,3.57
2023-05-18,414.8999938964844,419.6700134277344,414.6700134277344,419.2300109863281,401.3941650390625,97177200,3.65
2023-05-19,420.1700134277344,420.7200012207031,417.3500061035156,418.6199951171875,400.8101196289063,103793300,3.7
2023-05-22,418.6400146484375,420.3900146484375,417.3500061035156,418.7900085449219,400.9727783203125,60745400,3.72
2023-05-23,417.0799865722656,418.7200012207031,413.6799926757813,414.0899963378906,396.4728393554688,86383500,3.7
2023-05-24,412.4200134277344,412.8200073242188,409.8800048828125,411.0899963378906,393.6004333496094,89213700,3.73
2023-05-25,414.739990234375,416.1600036621094,412.4100036621094,414.6499938964844,397.0090026855469,90961600,3.83
2023-05-26,415.3299865722656,420.7699890136719,415.25,420.0199890136719,402.15045166015625,93830000,3.8
2023-05-30,422.0299987792969,422.5799865722656,418.739990234375,420.1799926757813,402.30364990234375,72216000,3.69
2023-05-31,418.2799987792969,419.2200012207031,416.2200012207031,417.8500061035156,400.0728149414063,110811800,3.64
2023-06-01,418.0899963378906,422.9200134277344,416.7900085449219,421.8200073242188,403.8740234375,88865000,3.61
2023-06-02,424.5,428.739990234375,423.9500122070313,427.9200134277344,409.7144470214844,91426200,3.69
2023-06-05,428.2799987792969,429.6199951171875,426.3699951171875,427.1000061035156,408.9293212890625,65460200,3.69
2023-06-06,426.6700134277344,428.5799865722656,425.989990234375,428.0299987792969,409.8197326660156,64022200,3.7
2023-06-07,428.4400024414063,429.6199951171875,426.1099853515625,426.5499877929688,408.4027099609375,85373300,3.79
2023-06-08,426.6199951171875,429.6000061035156,425.8200073242188,429.1300048828125,410.8729553222656,61952800,3.73
2023-06-09,429.9599914550781,431.989990234375,428.8699951171875,429.8999938964844,411.6101379394531,85742800,3.75
2023-06-12,430.9200134277344,433.8800048828125,430.1700134277344,433.7999877929688,415.3442687988281,76104300,3.73
2023-06-13,435.3200073242188,437.3299865722656,434.6300048828125,436.6600036621094,418.0825805664063,95899700,3.84
2023-06-14,437.010009765625,439.05999755859375,433.5899963378906,437.1799926757813,418.5804138183594,100612100,3.83
2023-06-15,436.3299865722656,443.8999938964844,436.2300109863281,442.6000061035156,423.7698974609375,110303100,3.72
2023-06-16,443.0199890136719,443.6099853515625,438.9700012207031,439.4599914550781,422.3265075683594,114165800,3.77
2023-06-20,437.4500122070313,438.3699951171875,435.0299987792969,437.1799926757813,420.13525390625,76160400,3.74
2023-06-21,436.1600036621094,436.989990234375,434.3299865722656,434.9400024414063,417.982666015625,76982300,3.72
2023-06-22,433.9500122070313,436.6199951171875,433.6000061035156,436.510009765625,419.491455078125,70637200,3.8
2023-06-23,432.9299926757813,435.05999755859375,432.4700012207031,433.2099914550781,416.320068359375,92074500,3.74
2023-06-26,432.6199951171875,434.6099853515625,431.1900024414063,431.4400024414063,414.619140625,72823600,3.72
2023-06-27,432.3500061035156,436.80999755859375,431.8800048828125,436.1700134277344,419.1647338867188,72813700,3.77
2023-06-28,435.0499877929688,437.4400024414063,434.4100036621094,436.3900146484375,419.3761291503906,75636000,3.71
2023-06-29,435.9599914550781,438.2799987792969,435.5400085449219,438.1099853515625,421.0290222167969,67882300,3.85
2023-06-30,441.4400024414063,444.2999877929688,441.1099853515625,443.2799987792969,425.99755859375,104964000,3.81
2023-07-03,442.9200134277344,444.0799865722656,442.6300048828125,443.7900085449219,426.4876403808594,32793400,3.86
2023-07-05,441.9100036621094,443.8900146484375,441.8999938964844,443.1300048828125,425.8533630371094,58418400,3.95
2023-07-06,439.4200134277344,440.1000061035156,437.05999755859375,439.6600036621094,422.5186462402344,80658300,4.05
2023-07-07,438.6300048828125,442.6400146484375,438.2999877929688,438.5499877929688,421.451904296875,86134200,4.06
2023-07-10,438.1799926757813,439.8399963378906,437.5899963378906,439.6600036621094,422.5186462402344,62443500,4.01
2023-07-11,440.4500122070313,442.9700012207031,439.4400024414063,442.4599914550781,425.2094421386719,64463800,3.99
2023-07-12,446.3900146484375,447.4800109863281,444.9100036621094,446.0199890136719,428.6306457519531,91924500,3.86
2023-07-13,447.8999938964844,450.3800048828125,447.4500122070313,449.55999755859375,432.0326843261719,72425200,3.76
2023-07-14,450.4800109863281,451.3599853515625,448.489990234375,449.2799987792969,431.7635803222656,69815800,3.83
2023-07-17,449.1300048828125,451.9299926757813,449.0799865722656,450.8399963378906,433.2627258300781,52680200,3.81
2023-07-18,450.5,454.8599853515625,450.0499877929688,454.1900024414063,436.4820861816406,80668200,3.8
2023-07-19,455.010009765625,456.4299926757813,454.1099853515625,455.2000122070313,437.4526977539063,65891700,3.75
2023-07-20,454.1700134277344,455.1000061035156,451.4400024414063,452.1799926757813,434.5505065917969,70591600,3.85
2023-07-21,453.9599914550781,454.1700134277344,452.1700134277344,452.1799926757813,434.5505065917969,71275600,3.84
2023-07-24,453.3699951171875,455.0400085449219,452.2999877929688,454.2000122070313,436.4917602539063,54023400,3.86
2023-07-25,453.9200134277344,456.739990234375,453.8699951171875,455.4400024414063,437.683349609375,55191200,3.91
2023-07-26,454.4700012207031,456.989990234375,453.3800048828125,455.510009765625,437.7506408691406,71052900,3.86
2023-07-27,459.0199890136719,459.4400024414063,451.5499877929688,452.489990234375,434.8484191894531,92194400,4.01
2023-07-28,455.8800048828125,457.7799987792969,452.489990234375,456.9200134277344,439.1057434082031,80011800,3.96
2023-07-31,457.4100036621094,458.1600036621094,456.0499877929688,457.7900085449219,439.9418029785156,62040400,3.97
2023-08-01,456.2699890136719,457.25,455.489990234375,456.4800109863281,438.6828002929688,55291500,4.05
2023-08-02,453.25,453.5199890136719,449.3500061035156,450.1300048828125,432.5804138183594,93933400,4.08
2023-08-03,448.0400085449219,450.7900085449219,447.3699951171875,448.8399963378906,431.3407287597656,64276100,4.2
2023-08-04,450.7200012207031,452.8999938964844,446.2699890136719,446.80999755859375,429.3899230957031,100128900,4.05
2023-08-07,448.7099914550781,450.8699951171875,447.989990234375,450.7099914550781,433.13775634765625,58357500,4.09
2023-08-08,448.0799865722656,450.7000122070313,445.2699890136719,448.75,431.2542114257813,71361300,4.02
2023-08-09,449.0299987792969,449.2000122070313,444.9599914550781,445.75,428.3711853027344,78789600,4.0
2023-08-10,448.1900024414063,451.7000122070313,444.7000122070313,445.9100036621094,428.5249328613281,93005500,4.09
2023-08-11,443.9700012207031,446.7000122070313,443.3500061035156,445.6499938964844,428.2750244140625,68690900,4.16
2023-08-14,444.7000122070313,448.1099853515625,444.3800048828125,448.1099853515625,430.6392211914063,47867400,4.19
2023-08-15,446.2699890136719,446.6400146484375,442.2999877929688,442.8900146484375,425.6227416992188,75707500,4.21
2023-08-16,442.4599914550781,444.1799926757813,439.5299987792969,439.6400146484375,422.49945068359375,80107200,4.28
2023-08-17,441.1600036621094,441.4299926757813,435.75,436.2900085449219,419.2799987792969,95711300,4.3
2023-08-18,433.3699951171875,437.5700073242188,433.010009765625,436.5,419.4818420410156,98852000,4.26
2023-08-21,437.5499877929688,440.1099853515625,435.3200073242188,439.3399963378906,422.2110900878906,68719000,4.34
2023-08-22,441.1799926757813,441.1799926757813,437.5700073242188,438.1499938964844,421.0675048828125,64994200,4.34
2023-08-23,439.25,443.6700134277344,439.1000061035156,443.0299987792969,425.7572326660156,68441000,4.19
2023-08-24,444.6900024414063,445.2200012207031,436.8599853515625,436.8900146484375,419.8566589355469,88517300,4.23
2023-08-25,438.6799926757813,441.2999877929688,435.0,439.9700012207031,422.81646728515625,102325100,4.25
2023-08-28,442.239990234375,443.3999938964844,439.9700012207031,442.760009765625,425.497802734375,61595400,4.2
2023-08-29,442.6499938964844,449.4500122070313,442.4599914550781,449.1600036621094,431.6482543945313,83081900,4.12
2023-08-30,449.510009765625,451.6700134277344,448.7799987792969,451.010009765625,433.4260864257813,69053900,4.12
2023-08-31,451.6499938964844,452.8299865722656,450.1600036621094,450.3500061035156,432.7918090820313,66084600,4.09
2023-09-01,453.1700134277344,453.6700134277344,449.6799926757813,451.1900024414063,433.5990905761719,58944100,4.18
2023-09-05,450.7300109863281,451.05999755859375,449.1700134277344,449.239990234375,431.7251281738281,55166200,4.27
2023-09-06,448.3999938964844,448.510009765625,443.80999755859375,446.2200012207031,428.8228759765625,70758500,4.3
2023-09-07,443.1099853515625,445.5499877929688,442.75,444.8500061035156,427.5063171386719,70355400,4.27
2023-09-08,444.8999938964844,447.1099853515625,444.5299987792969,445.5199890136719,428.1501159667969,61659700,4.26
2023-09-11,448.239990234375,448.7699890136719,446.4700012207031,448.4500122070313,430.9660339355469,60180100,4.29
2023-09-12,446.9500122070313,448.5299987792969,445.3900146484375,445.989990234375,428.6017761230469,67565400,4.27
2023-09-13,446.2200012207031,447.7099914550781,445.0799865722656,446.510009765625,429.1015930175781,60199300,4.25
2023-09-14,449.0700073242188,451.0799865722656,447.7200012207031,450.3599853515625,432.8014221191406,83430800,4.29
2023-09-15,447.1400146484375,447.4800109863281,442.9200134277344,443.3699951171875,427.5869445800781,111848900,4.33
2023-09-18,443.0499877929688,444.9700012207031,442.55999755859375,443.6300048828125,427.837646484375,55752200,4.32
2023-09-19,442.6799926757813,443.2900085449219,439.9400024414063,442.7099914550781,426.950439453125,66514600,4.37
2023-09-20,444.010009765625,444.4400024414063,438.4299926757813,438.6400146484375,423.02532958984375,82562600,4.35
2023-09-21,435.7000122070313,435.9700012207031,431.2300109863281,431.3900146484375,416.0333862304688,104095800,4.49
2023-09-22,432.4500122070313,434.1000061035156,429.989990234375,430.4200134277344,415.097900390625,100829700,4.44
2023-09-25,429.1700134277344,432.2699890136719,428.7200012207031,432.2300109863281,416.843505859375,70874500,4.55
2023-09-26,429.0899963378906,429.8200073242188,425.0199890136719,425.8800048828125,410.7195129394531,96168400,4.56
2023-09-27,427.0899963378906,427.6700134277344,422.2900085449219,426.0499877929688,410.8834533691406,104705800,4.61
2023-09-28,425.4800109863281,430.25,424.8699951171875,428.5199890136719,413.26556396484375,92258300,4.59
2023-09-29,431.6700134277344,431.8500061035156,425.9100036621094,427.4800109863281,412.26263427734375,115111300,4.59
2023-10-02,426.6199951171875,428.6000061035156,424.4599914550781,427.30999755859375,412.0986022949219,83798600,4.69
2023-10-03,425.05999755859375,427.3699951171875,420.1799926757813,421.5899963378906,406.5822448730469,103760600,4.81
2023-10-04,422.0700073242188,425.4299926757813,420.55999755859375,424.6600036621094,409.5429382324219,87453000,4.73
2023-10-05,424.3599853515625,425.3699951171875,421.1700134277344,424.5,409.3887023925781,70142700,4.72
2023-10-06,421.9700012207031,431.1300048828125,420.6000061035156,429.5400085449219,414.2492980957031,113273300,4.78
2023-10-09,427.5799865722656,432.8800048828125,427.010009765625,432.2900085449219,416.9013366699219,80374400,4.78
2023-10-10,432.9400024414063,437.2200012207031,432.5299987792969,434.5400085449219,419.0712890625,78607300,4.66
2023-10-11,435.6400146484375,436.5799865722656,433.1799926757813,436.3200073242188,420.7879028320313,62451700,4.58
2023-10-12,436.9500122070313,437.3399963378906,431.2300109863281,433.6600036621094,418.22259521484375,81154200,4.7
2023-10-13,435.2099914550781,436.4500122070313,429.8800048828125,431.5,416.1394653320313,95143100,4.63
2023-10-16,433.8200073242188,437.1400146484375,433.5700073242188,436.0400085449219,420.517822265625,75433200,4.71
2023-10-17,432.80999755859375,438.1400146484375,432.4500122070313,436.0199890136719,420.49853515625,75324700,4.83
2023-10-18,434.1900024414063,435.1799926757813,429.0899963378906,430.2099914550781,414.8953857421875,93559800,4.91
2023-10-19,430.9500122070313,432.8200073242188,425.7300109863281,426.4299926757813,411.24993896484375,121323000,4.98
2023-10-20,425.9800109863281,426.5400085449219,421.0799865722656,421.1900024414063,406.1965026855469,123919900,4.93
2023-10-23,419.6099853515625,424.4500122070313,417.7999877929688,420.4599914550781,405.4924926757813,92035100,4.86
2023-10-24,422.6499938964844,424.8200073242188,420.739990234375,423.6300048828125,408.5496520996094,78564200,4.83
2023-10-25,421.8900146484375,421.9200134277344,417.0199890136719,417.5499877929688,402.6860656738281,94223200,4.95
2023-10-26,416.4500122070313,417.3299865722656,411.6000061035156,412.5499877929688,397.8640441894531,115156800,4.86
2023-10-27,414.1900024414063,414.6000061035156,409.2099914550781,410.6799926757813,396.0605773925781,107367700,4.84
2023-10-30,413.55999755859375,416.6799926757813,412.2200012207031,415.5899963378906,400.79583740234375,86562700,4.88
2023-10-31,416.1799926757813,418.5299987792969,414.2099914550781,418.2000122070313,403.3129577636719,79665200,4.88
2023-11-01,419.2000122070313,423.5,418.6499938964844,422.6600036621094,407.6141357421875,98068100,4.77
2023-11-02,426.5799865722656,430.9200134277344,426.55999755859375,430.760009765625,415.42584228515625,94938900,4.67
2023-11-03,433.1400146484375,436.2900085449219,433.010009765625,434.6900024414063,419.2159118652344,100167800,4.57
2023-11-06,435.4700012207031,436.1499938964844,433.6799926757813,435.6900024414063,420.1802673339844,67831700,4.67
2023-11-07,435.6900024414063,437.5899963378906,434.510009765625,436.9299926757813,421.3761596679688,64256100,4.58
2023-11-08,437.5499877929688,438.0899963378906,434.8699951171875,437.25,421.6847839355469,61746000,4.49
2023-11-09,438.4299926757813,438.4700012207031,433.3999938964844,433.8399963378906,418.3961791992188,83174400,4.62
2023-11-10,435.9800109863281,440.9299926757813,433.8299865722656,440.6099853515625,424.9251708984375,89462200,4.61
2023-11-13,439.2300109863281,441.3299865722656,438.4200134277344,440.1900024414063,424.5201416015625,52236100,4.63
2023-11-14,446.3200073242188,450.05999755859375,446.0899963378906,448.7300109863281,432.7561340332031,97176900,4.44
2023-11-15,450.1099853515625,451.3800048828125,448.7999877929688,449.6799926757813,433.67230224609375,77327600,4.53
2023-11-16,449.2200012207031,450.55999755859375,448.1199951171875,450.2300109863281,434.2027587890625,66665800,4.45
2023-11-17,450.239990234375,451.4200134277344,449.2900085449219,450.7900085449219,434.7427673339844,83133200,4.44
2023-11-20,450.5299987792969,455.1300048828125,450.5199890136719,454.260009765625,438.0892639160156,69936200,4.42
2023-11-21,453.1799926757813,454.1300048828125,451.9599914550781,453.2699890136719,437.134521484375,49244600,4.41
2023-11-22,454.9800109863281,456.3800048828125,453.8900146484375,455.0199890136719,438.82220458984375,59394900,4.42
2023-11-24,455.0700073242188,455.5,454.7300109863281,455.2999877929688,439.09222412109375,29737400,4.47
2023-11-27,454.6499938964844,455.489990234375,454.0799865722656,454.4800109863281,438.3014526367188,50506000,4.39
2023-11-28,454.0799865722656,456.2699890136719,453.5,454.9299926757813,438.7353820800781,62115000,4.34
2023-11-29,457.1499938964844,458.3200073242188,454.2000122070313,454.6099853515625,438.4268493652344,63146000,4.27
2023-11-30,455.4800109863281,456.760009765625,453.3399963378906,456.3999938964844,440.153076171875,79752700,4.37
2023-12-01,455.7699890136719,459.6499938964844,455.1600036621094,459.1000061035156,442.7569580078125,89183400,4.22
2023-12-04,455.6000061035156,459.1199951171875,454.3399963378906,456.6900024414063,440.4327697753906,72430900,4.28
2023-12-05,455.260009765625,457.5899963378906,454.8699951171875,456.6000061035156,440.3460083007813,69793500,4.18
2023-12-06,458.80999755859375,458.8399963378906,454.30999755859375,454.760009765625,438.5714416503906,69124700,4.12
2023-12-07,456.9100036621094,458.8999938964844,456.2900085449219,458.2300109863281,441.9179382324219,66995400,4.14
2023-12-08,457.4599914550781,460.75,457.2099914550781,460.2000122070313,443.81781005859375,83194400,4.23
2023-12-11,459.6900024414063,462.1700134277344,459.4700012207031,461.989990234375,445.5441284179688,65002200,4.23
2023-12-12,461.6300048828125,464.2000122070313,460.6000061035156,464.1000061035156,447.5789794921875,68327600,4.2
2023-12-13,464.489990234375,470.760009765625,464.1199951171875,470.5,453.7511596679688,93278000,4.04
2023-12-14,472.5,473.7300109863281,469.25,472.010009765625,455.2073974609375,119026000,3.92
2023-12-15,469.489990234375,470.7000122070313,467.4299926757813,469.3299865722656,454.45794677734375,141553700,3.91
2023-12-18,470.9800109863281,472.9800109863281,469.8900146484375,471.9700012207031,457.0143127441406,70375300,3.95
2023-12-19,472.5299987792969,474.9200134277344,472.4500122070313,474.8399963378906,459.7933044433594,55761800,3.93
2023-12-20,473.9599914550781,475.8999938964844,467.8200073242188,468.260009765625,453.4217834472656,102921000,3.86
2023-12-21,471.3299865722656,472.9800109863281,468.8399963378906,472.7000122070313,457.72119140625,86667500,3.89
2023-12-22,473.8599853515625,475.3800048828125,471.7000122070313,473.6499938964844,458.64105224609375,67160400,3.9
2023-12-26,474.0700073242188,476.5799865722656,473.989990234375,475.6499938964844,460.5776672363281,55387000,3.89
2023-12-27,475.4400024414063,476.6600036621094,474.8900146484375,476.510009765625,461.410400390625,68000300,3.79
2023-12-28,476.8800048828125,477.5499877929688,476.260009765625,476.6900024414063,461.584716796875,77158100,3.84
2023-12-29,476.489990234375,477.0299987792969,473.2999877929688,475.30999755859375,460.2484436035156,122283100,3.88
2024-01-02,472.1600036621094,473.6700134277344,470.489990234375,472.6499938964844,457.6727294921875,123623700,3.95
2024-01-03,470.4299926757813,471.1900024414063,468.1700134277344,468.7900085449219,453.9350280761719,103585900,3.91
2024-01-04,468.2999877929688,470.9599914550781,467.0499877929688,467.2799987792969,452.4728393554688,84232200,3.99
2024-01-05,467.489990234375,470.4400024414063,466.4299926757813,467.9200134277344,453.0926208496094,86118900,4.05
2024-01-08,468.4299926757813,474.75,468.2999877929688,474.6000061035156,459.5609436035156,74879100,4.01
2024-01-09,471.8699951171875,474.9299926757813,471.3500061035156,473.8800048828125,458.86376953125,65931400,4.02
2024-01-10,474.1600036621094,477.4500122070313,473.8699951171875,476.55999755859375,461.4588012695313,67310600,4.04
2024-01-11,477.5899963378906,478.1199951171875,472.260009765625,476.3500061035156,461.2554931640625,77940700,3.98
2024-01-12,477.8399963378906,478.6000061035156,475.2300109863281,476.6799926757813,461.5750122070313,58026400,3.96
2024-01-16,475.260009765625,476.6099853515625,473.05999755859375,474.9299926757813,459.8804626464844,85014900,4.07
2024-01-17,471.8200073242188,472.7900085449219,469.8699951171875,472.2900085449219,457.3241271972656,68843900,4.1
2024-01-18,474.010009765625,477.05999755859375,472.4200134277344,476.489990234375,461.3910217285156,91856200,4.14
2024-01-19,477.6499938964844,482.7200012207031,476.5400085449219,482.4299926757813,467.142822265625,110834500,4.15
2024-01-22,484.010009765625,485.2200012207031,482.7799987792969,483.4500122070313,468.1304931640625,75844900,4.11
2024-01-23,484.010009765625,485.1099853515625,482.8900146484375,484.8599853515625,469.4957885742188,49945300,4.14
2024-01-24,487.80999755859375,488.7699890136719,484.8800048828125,485.3900146484375,470.009033203125,81765000,4.18
2024-01-25,487.5799865722656,488.30999755859375,485.3900146484375,488.0299987792969,472.5653381347656,72525000,4.14
2024-01-26,487.5899963378906,489.1199951171875,486.5400085449219,487.4100036621094,471.9650268554688,76641600,4.15
2024-01-29,487.7300109863281,491.4200134277344,487.1700134277344,491.2699890136719,475.7026672363281,61322800,4.08
2024-01-30,490.55999755859375,491.6199951171875,490.1099853515625,490.8900146484375,475.3347473144531,58618400,4.06
2024-01-31,488.6199951171875,489.0799865722656,482.8599853515625,482.8800048828125,467.5785217285156,126011100,3.99
2024-02-01,484.6300048828125,489.2300109863281,483.7999877929688,489.2000122070313,473.69830322265625,91891600,3.87
2024-02-02,489.6499938964844,496.0499877929688,489.2999877929688,494.3500061035156,478.6851501464844,99228200,4.03
2024-02-05,493.7000122070313,494.3800048828125,490.2300109863281,492.5499877929688,476.942138671875,75757100,4.17
2024-02-06,493.5199890136719,494.3200073242188,492.0499877929688,493.9800109863281,478.3268432617188,55918600,4.09
2024-02-07,496.2900085449219,498.5299987792969,495.3599853515625,498.1000061035156,482.3162536621094,70556500,4.09
2024-02-08,498.1000061035156,498.7099914550781,497.260009765625,498.3200073242188,482.529296875,52343600,4.15
2024-02-09,498.8399963378906,501.6499938964844,498.489990234375,501.2000122070313,485.3179931640625,63979400,4.17
2024-02-12,501.1700134277344,503.5,500.239990234375,500.9800109863281,485.1050109863281,56502300,4.17
2024-02-13,494.5299987792969,497.0899963378906,490.7200012207031,494.0799865722656,478.4236145019531,113099200,4.31
2024-02-14,496.7900085449219,499.0700073242188,494.3999938964844,498.5700073242188,482.7713928222656,68387800,4.27
2024-02-15,499.2900085449219,502.2000122070313,498.7999877929688,502.010009765625,486.1023559570313,61683000,4.24
2024-02-16,501.7000122070313,502.8699951171875,498.75,499.510009765625,483.6816101074219,75532900,4.3
2024-02-20,497.7200012207031,498.4100036621094,494.4500122070313,496.760009765625,481.0187377929688,71736700,4.27
2024-02-21,495.4200134277344,497.3699951171875,493.55999755859375,497.2099914550781,481.4544372558594,59293400,4.32
2024-02-22,504.010009765625,508.489990234375,503.0199890136719,507.5,491.41839599609375,76402500,4.33
2024-02-23,509.2699890136719,510.1300048828125,507.1000061035156,507.8500061035156,491.75726318359375,61321800,4.26
2024-02-26,508.2999877929688,508.75,505.8599853515625,505.989990234375,489.9562683105469,50386700,4.28
2024-02-27,506.7000122070313,507.1600036621094,504.75,506.9299926757813,490.8664245605469,48854500,4.31
2024-02-28,505.3299865722656,506.8599853515625,504.9599914550781,506.260009765625,490.2176513671875,56506600,4.27
2024-02-29,508.0700073242188,509.739990234375,505.3500061035156,508.0799865722656,491.9800109863281,83924800,4.25
2024-03-01,508.9800109863281,513.2899780273438,508.55999755859375,512.8499755859375,496.598876953125,76844800,4.19
2024-03-04,512.030029296875,514.2000122070312,512.0,512.2999877929688,496.0662841796875,49799300,4.22
2024-03-05,510.239990234375,510.7000122070313,504.9100036621094,507.1799926757813,491.1085205078125,72855600,4.13
2024-03-06,510.5499877929688,512.0700073242188,508.4200134277344,509.75,493.5970153808594,68382400,4.11
2024-03-07,513.1400146484375,515.8900146484375,509.80999755859375,514.8099975585938,498.4967651367188,58652100,4.09
2024-03-08,515.4600219726562,518.219970703125,511.1300048828125,511.7200012207031,495.5046691894531,86532500,4.09
2024-03-11,510.4800109863281,511.8800048828125,508.5,511.2799987792969,495.0786437988281,62557200,4.1
2024-03-12,513.4500122070312,517.3800048828125,510.8599853515625,516.780029296875,500.40435791015625,73114400,4.16
2024-03-13,517.1099853515625,517.2899780273438,514.489990234375,515.969970703125,499.6199951171875,55104100,4.19
2024-03-14,516.969970703125,517.1300048828125,511.8200073242188,514.9500122070312,498.63232421875,110171800,4.29
2024-03-15,510.2099914550781,511.7000122070313,508.1199951171875,509.8299865722656,495.2084045410156,107646300,4.31
2024-03-18,514.0,515.47998046875,512.4400024414062,512.8599853515625,498.1515197753906,88893300,4.34
2024-03-19,512.1500244140625,516.0,511.1199951171875,515.7100219726562,500.9198303222656,60755300,4.3
2024-03-20,515.77001953125,520.6199951171875,515.0800170898438,520.47998046875,505.5529479980469,69594600,4.27
2024-03-21,523.3900146484375,524.1099853515625,521.9099731445312,522.2000122070312,507.2236328125,60256100,4.27
2024-03-22,522.1099853515625,522.6099853515625,520.969970703125,521.2100219726562,506.26214599609375,79070800,4.22
2024-03-25,519.7999877929688,520.9500122070312,519.6099853515625,519.77001953125,504.8634033203125,48512100,4.25
2024-03-26,521.22998046875,521.5800170898438,518.4000244140625,518.8099975585938,503.9308776855469,65463700,4.24
2024-03-27,521.7100219726562,523.2100219726562,519.489990234375,523.1699829101562,508.1658325195313,82999800,4.2
2024-03-28,523.2100219726562,524.6099853515625,522.780029296875,523.0700073242188,508.0687255859375,96294900,4.2
2024-04-01,523.8300170898438,524.3800048828125,520.969970703125,522.1599731445312,507.1847534179688,62477500,4.33
2024-04-02,518.239990234375,518.97998046875,516.47998046875,518.8400268554688,503.9601135253906,74230300,4.36
2024-04-03,517.719970703125,520.9500122070312,517.6699829101562,519.4099731445312,504.513671875,59155800,4.36
2024-04-04,523.52001953125,523.8699951171875,512.760009765625,513.0700073242188,498.35546875,96858100,4.31
2024-04-05,514.4600219726562,520.4400024414062,514.010009765625,518.4299926757812,503.561767578125,74546500,4.39
2024-04-08,519.1500244140625,520.1799926757812,517.8900146484375,518.719970703125,503.8434753417969,48401800,4.42
2024-04-09,520.5,520.75,514.3499755859375,519.3200073242188,504.42626953125,68049200,4.36
2024-04-10,513.47998046875,516.1599731445312,512.0900268554688,514.1199951171875,499.3753662109375,82652800,4.55
2024-04-11,515.6799926757812,519.47998046875,512.0800170898438,518.0,503.1441345214844,70099000,4.56
2024-04-12,514.3699951171875,515.8200073242188,509.0799865722656,510.8500061035156,496.19915771484375,92561100,4.5
2024-04-15,515.1300048828125,515.2999877929688,503.5799865722656,504.4500122070313,489.9827575683594,92101400,4.63
2024-04-16,504.9400024414063,506.5,502.2099914550781,503.5299987792969,489.0891418457031,73484000,4.67
2024-04-17,506.0499877929688,506.2200012207031,499.1199951171875,500.5499877929688,486.1945495605469,75910300,4.59
2024-04-18,501.9800109863281,504.1300048828125,498.55999755859375,499.5199890136719,485.1941223144531,74548100,4.64
2024-04-19,499.4400024414063,500.4599914550781,493.8599853515625,495.1600036621094,480.9591064453125,102212600,4.62
2024-04-22,497.8299865722656,502.3800048828125,495.4299926757813,499.7200012207031,485.3883666992188,67961000,4.62
2024-04-23,501.7799987792969,506.0899963378906,499.5299987792969,505.6499938964844,491.1482849121094,64633600,4.61
2024-04-24,506.55999755859375,507.3699951171875,503.1300048828125,505.4100036621094,490.9152221679688,55928100,4.65
2024-04-25,499.1799926757813,504.2699890136719,497.489990234375,503.489990234375,489.05023193359375,69122400,4.7
2024-04-26,506.3500061035156,509.8800048828125,505.7000122070313,508.260009765625,493.6834716796875,64306100,4.67
2024-04-29,510.0899963378906,510.75,507.25,510.05999755859375,495.4317932128906,46415400,4.63
2024-04-30,508.55999755859375,509.55999755859375,501.9800109863281,501.9800109863281,487.5835876464844,77483600,4.69
2024-05-01,501.3800048828125,508.1900024414063,499.8699951171875,500.3500061035156,486.0003051757813,80242800,4.63
2024-05-02,504.1499938964844,505.8900146484375,499.5499877929688,505.0299987792969,490.5460510253906,62550200,4.58
2024-05-03,511.1600036621094,512.5499877929688,508.55999755859375,511.2900085449219,496.6265869140625,72756700,4.5
2024-05-06,513.75,516.6099853515625,513.2999877929688,516.5700073242188,501.7552185058594,47264700,4.49
2024-05-07,517.5599975585938,518.5700073242188,516.4500122070312,517.1400146484375,502.3088073730469,52561300,4.47
2024-05-08,515.260009765625,517.739990234375,515.1400146484375,517.1900024414062,502.35736083984375,42047200,4.48
2024-05-09,517.3800048828125,520.2100219726562,516.7100219726562,520.1699829101562,505.2518310546875,43643700,4.45
2024-05-10,521.8099975585938,522.6400146484375,519.5900268554688,520.8400268554688,505.9027404785156,52233200,4.5
2024-05-13,522.5599975585938,522.6699829101562,519.739990234375,520.9099731445312,505.97064208984375,36716400,4.48
2024-05-14,521.1099853515625,523.8300170898438,520.5599975585938,523.2999877929688,508.2920837402344,57535900,4.45
2024-05-15,525.8300170898438,530.0800170898438,525.1799926757812,529.780029296875,514.5863037109375,59504900,4.36
2024-05-16,529.8800048828125,531.52001953125,528.5399780273438,528.6900024414062,513.5275268554688,50244800,4.38
2024-05-17,528.8099975585938,529.52001953125,527.3200073242188,529.4500122070312,514.265625,59187600,4.42
2024-05-20,529.5700073242188,531.5599975585938,529.1699829101562,530.0599975585938,514.8583374023438,37764200,4.44
2024-05-21,529.280029296875,531.52001953125,529.0700073242188,531.3599853515625,516.1209106445312,33437000,4.41
2024-05-22,530.6500244140625,531.3800048828125,527.5999755859375,529.8300170898438,514.6348266601562,48390000,4.43
2024-05-23,532.9600219726562,533.0700073242188,524.719970703125,525.9600219726562,510.8758544921875,57211200,4.47
2024-05-24,527.8499755859375,530.27001953125,526.8800048828125,529.4400024414062,514.256103515625,41291100,4.46
2024-05-28,530.27001953125,530.510009765625,527.1099853515625,529.8099975585938,514.6152954101562,36269600,4.54
2024-05-29,525.6799926757812,527.3099975585938,525.3699951171875,526.0999755859375,511.0118713378906,45190300,4.61
2024-05-30,524.52001953125,525.2000122070312,521.3300170898438,522.6099853515625,507.6219482421875,46377600,4.55
2024-05-31,523.5900268554688,527.5,518.3599853515625,527.3699951171875,512.2454223632812,90785800,4.51
2024-06-03,529.02001953125,529.3099975585938,522.5999755859375,527.7999877929688,512.6630249023438,46835700,4.41
2024-06-04,526.4600219726562,529.1500244140625,524.9600219726562,528.3900146484375,513.2362060546875,34632700,4.33
2024-06-05,530.77001953125,534.6900024414062,528.72998046875,534.6699829101562,519.3360595703125,47610400,4.29
2024-06-06,534.97998046875,535.4199829101562,532.6799926757812,534.6599731445312,519.3262329101562,30808500,4.28
2024-06-07,533.6599731445312,536.8900146484375,532.5399780273438,534.010009765625,518.6950073242188,43224500,4.43
2024-06-10,533.1799926757812,535.989990234375,532.5700073242188,535.6599731445312,520.2977294921875,35686100,4.47
2024-06-11,534.0700073242188,537.010009765625,532.0499877929688,536.9500122070312,521.5507202148438,36383400,4.39
2024-06-12,541.6300048828125,544.1199951171875,540.2999877929688,541.3599853515625,525.834228515625,63251300,4.31
2024-06-13,543.1500244140625,543.3300170898438,539.5900268554688,542.4500122070312,526.8929443359375,44760900,4.24
2024-06-14,540.8800048828125,542.8099975585938,539.8499755859375,542.780029296875,527.2134399414062,40089900,4.2
2024-06-17,542.0800170898438,548.530029296875,541.6099853515625,547.0999755859375,531.4095458984375,55839500,4.28
2024-06-18,547.1599731445312,548.6199951171875,546.72998046875,548.489990234375,532.7596435546875,41376400,4.22
2024-06-20,549.4400024414062,550.1199951171875,545.1799926757812,547.0,531.3124389648438,70328200,4.25
2024-06-21,544.4000244140625,545.6500244140625,543.02001953125,544.510009765625,530.60009765625,64338600,4.25
2024-06-24,544.3300170898438,546.9500122070312,542.6199951171875,542.739990234375,528.8753051757812,45528700,4.25
2024-06-25,543.989990234375,545.2000122070312,542.4400024414062,544.8300170898438,530.9119873046875,37936200,4.23
2024-06-26,543.6900024414062,546.239990234375,543.030029296875,545.510009765625,531.5745239257812,38550600,4.32
2024-06-27,545.3699951171875,546.9600219726562,544.6099853515625,546.3699951171875,532.4125366210938,35041500,4.29
2024-06-28,547.1599731445312,550.280029296875,542.9500122070312,544.219970703125,530.3173828125,76144500,4.36
2024-07-01,545.6300048828125,545.8800048828125,542.52001953125,545.3400268554688,531.408935546875,40297800,4.48
2024-07-02,543.7000122070312,549.010009765625,543.6500244140625,549.010009765625,534.985107421875,40434800,4.43
2024-07-03,548.6900024414062,551.8300170898438,548.6500244140625,551.4600219726562,537.3726196289062,32789900,4.36
2024-07-05,551.77001953125,555.0499877929688,551.1199951171875,554.6400146484375,540.4713134765625,41488400,4.28
2024-07-08,555.4400024414062,556.25,554.1900024414062,555.280029296875,541.0950317382812,36110500,4.28
2024-07-09,556.260009765625,557.1799926757812,555.52001953125,555.8200073242188,541.6211547851562,27289700,4.3
2024-07-10,557.0700073242188,561.6699829101562,556.77001953125,561.3200073242188,546.9805908203125,38701200,4.28
2024-07-11,561.4400024414062,562.3300170898438,555.8300170898438,556.47998046875,542.2642822265625,53054200,4.2
2024-07-12,557.6300048828125,563.6699829101562,557.1500244140625,559.989990234375,545.6846923828125,53084400,4.18
2024-07-15,562.030029296875,564.8400268554688,559.6300048828125,561.530029296875,547.1853637695312,40584300,4.23
2024-07-16,562.8699951171875,565.1599731445312,562.0999755859375,564.8599853515625,550.43017578125,36475300,4.17
2024-07-17,558.7999877929688,560.510009765625,556.6099853515625,556.9400024414062,542.7125854492188,57119000,4.16
2024-07-18,558.510009765625,559.52001953125,550.4299926757812,552.6599731445312,538.5419311523438,56270400,4.2
2024-07-19,552.4199829101562,554.0800170898438,547.9099731445312,548.989990234375,534.9656372070312,65509100,4.25
2024-07-22,553.0,555.27001953125,551.02001953125,554.6500244140625,540.4811401367188,43346700,4.26
2024-07-23,554.5399780273438,556.739990234375,553.280029296875,553.780029296875,539.6333618164062,34439600,4.25
2024-07-24,548.8599853515625,549.1699829101562,540.2899780273438,541.22998046875,527.40380859375,74515300,4.28
2024-07-25,541.3499755859375,547.4600219726562,537.4500122070312,538.4099731445312,524.6558837890625,61158300,4.27
2024-07-26,542.280029296875,547.1900024414062,541.489990234375,544.4400024414062,530.5318603515625,53763800,4.2
2024-07-29,546.02001953125,547.0499877929688,542.719970703125,544.760009765625,530.8436889648438,39515800,4.17
2024-07-30,546.260009765625,547.3400268554688,538.52001953125,542.0,528.1541748046875,46853600,4.15
2024-07-31,548.97998046875,553.5,547.5800170898438,550.8099975585938,536.7390747070312,65663400,4.09
2024-08-01,552.5700073242188,554.8699951171875,539.4299926757812,543.010009765625,529.138427734375,76428700,3.99
2024-08-02,535.75,536.989990234375,528.5999755859375,532.9000244140625,519.2867431640625,82789100,3.8
2024-08-05,511.6400146484375,523.5800170898438,510.2699890136719,517.3800048828125,504.1631774902344,146267400,3.78
2024-08-06,519.219970703125,529.75,517.8699951171875,522.1500244140625,508.8113098144531,84826300,3.9
2024-08-07,528.469970703125,531.5900268554688,518.0499877929688,518.6599731445312,505.4104614257813,70698300,3.96
2024-08-08,523.9099731445312,531.2899780273438,521.8400268554688,530.6500244140625,517.0941772460938,63276600,3.99
2024-08-09,529.8099975585938,534.510009765625,528.5599975585938,532.989990234375,519.3743896484375,45619600,3.94
2024-08-12,534.2100219726562,535.72998046875,530.9500122070312,533.27001953125,519.647216796875,42542100,3.9
2024-08-13,536.530029296875,542.280029296875,536.280029296875,542.0399780273438,528.193115234375,52333100,3.85
2024-08-14,542.8499755859375,544.9600219726562,540.1199951171875,543.75,529.8595581054688,42446900,3.83
2024-08-15,549.5,553.3599853515625,548.8800048828125,553.0700073242188,538.9414672851562,60846800,3.92
2024-08-16,551.4199829101562,555.02001953125,551.260009765625,554.3099975585938,540.1497802734375,44430700,3.89
2024-08-19,554.72998046875,559.6099853515625,553.8599853515625,559.6099853515625,545.3142700195312,39121800,3.86
2024-08-20,559.1500244140625,560.8400268554688,557.3300170898438,558.7000122070312,544.4276123046875,33732300,3.82
2024-08-21,559.77001953125,562.1099853515625,554.72998046875,560.6199951171875,546.298583984375,41514600,3.79
2024-08-22,562.5599975585938,563.1799926757812,554.97998046875,556.219970703125,542.0108032226562,56121500,3.86
2024-08-23,559.530029296875,563.0900268554688,557.2899780273438,562.1300048828125,547.7699584960938,50639400,3.81
2024-08-26,563.1799926757812,563.9099731445312,559.0499877929688,560.7899780273438,546.464111328125,35788600,3.82
2024-08-27,559.489990234375,562.0599975585938,558.3200073242188,561.5599975585938,547.214599609375,32693900,3.83
2024-08-28,561.2100219726562,561.6500244140625,555.0399780273438,558.2999877929688,544.037841796875,41066000,3.84
2024-08-29,560.3099975585938,563.6799926757812,557.1799926757812,558.3499755859375,544.0865478515625,38715200,3.87
2024-08-30,560.77001953125,564.2000122070312,557.1400146484375,563.6799926757812,549.2803955078125,62700100,3.91
2024-09-03,560.469970703125,560.8099975585938,549.510009765625,552.0800170898438,537.9766845703125,60600100,3.84
2024-09-04,550.2000122070312,554.4299926757812,549.4600219726562,550.9500122070312,536.8756103515625,47224900,3.77
2024-09-05,550.8900146484375,553.7999877929688,547.0999755859375,549.6099853515625,535.56982421875,44264300,3.73
2024-09-06,549.9400024414062,551.5999755859375,539.4400024414062,540.3599853515625,526.55615234375,68493800,3.72
2024-09-09,544.6500244140625,547.7100219726562,542.6799926757812,546.4099731445312,532.4514770507812,40445800,3.7
2024-09-10,548.3599853515625,549.1500244140625,543.3800048828125,548.7899780273438,534.770751953125,36394600,3.65
2024-09-11,548.7000122070312,555.3599853515625,539.9600219726562,554.4199829101562,540.2569580078125,75248600,3.65
2024-09-12,555.010009765625,559.4000244140625,552.739990234375,559.0900268554688,544.8076782226562,51819600,3.68
2024-09-13,559.7100219726562,563.030029296875,559.4500122070312,562.010009765625,547.6531372070312,39310500,3.66
2024-09-16,561.739990234375,563.1099853515625,559.9000244140625,562.8400268554688,548.4618530273438,36656100,3.63
2024-09-17,565.0999755859375,566.5800170898438,560.7899780273438,563.0700073242188,548.6859130859375,49321000,3.65
2024-09-18,563.739990234375,568.6900024414062,560.8300170898438,561.4000244140625,547.0587158203125,59044900,3.7
2024-09-19,571.010009765625,572.8800048828125,568.0800170898438,570.97998046875,556.393798828125,75315500,3.73
2024-09-20,567.8400268554688,569.3099975585938,565.1699829101562,568.25,555.4320678710938,77503100,3.73
2024-09-23,569.3400268554688,570.3300170898438,568.0999755859375,569.6699829101562,556.8201293945312,44116900,3.75
2024-09-24,570.47998046875,571.3599853515625,567.5999755859375,571.2999877929688,558.4132080078125,46805700,3.74
2024-09-25,571.1400146484375,571.8900146484375,568.9099731445312,570.0399780273438,557.181640625,38428600,3.79
2024-09-26,574.3800048828125,574.7100219726562,569.9000244140625,572.2999877929688,559.390625,48336000,3.79
2024-09-27,573.3900146484375,574.219970703125,570.4199829101562,571.469970703125,558.5794677734375,42100900,3.75
2024-09-30,570.4199829101562,574.3800048828125,568.0800170898438,573.760009765625,560.81787109375,63557400,3.81
2024-10-01,573.4000244140625,574.0599975585938,566.0,568.6199951171875,555.7937622070312,72668800,3.74
2024-10-02,567.7100219726562,569.9000244140625,565.27001953125,568.8599853515625,556.0283203125,38097800,3.79
2024-10-03,567.3599853515625,569.7999877929688,565.489990234375,567.8200073242188,555.01171875,40846500,3.85
2024-10-04,572.3499755859375,573.3599853515625,568.0999755859375,572.97998046875,560.055419921875,42939100,3.98
2024-10-07,571.2999877929688,571.9600219726562,566.6300048828125,567.7999877929688,554.9921875,49964700,4.03
2024-10-08,570.4199829101562,573.780029296875,569.530029296875,573.1699829101562,560.2411499023438,37398700,4.04
2024-10-09,573.1599731445312,577.7100219726562,572.5499877929688,577.1400146484375,564.1216430664062,37912200,4.06
2024-10-10,575.77001953125,577.5800170898438,574.489990234375,576.1300048828125,563.1343994140625,44138100,4.09
2024-10-11,576.0499877929688,580.3300170898438,575.9099731445312,579.5800170898438,566.506591796875,42268000,4.08
2024-10-14,581.219970703125,585.27001953125,580.72998046875,584.3200073242188,571.1396484375,36217200,4.08
2024-10-15,584.5900268554688,584.9000244140625,578.5399780273438,579.780029296875,566.7020263671875,54203600,4.03
2024-10-16,579.780029296875,582.8300170898438,578.9600219726562,582.2999877929688,569.1652221679688,30725400,4.02
2024-10-17,585.9099731445312,586.1199951171875,582.1599731445312,582.3499755859375,569.214111328125,34393700,4.09
2024-10-18,584.0700073242188,585.3900146484375,582.5800170898438,584.5900268554688,571.4035034179688,37416800,4.08
2024-10-21,583.8499755859375,584.8499755859375,580.5999755859375,583.6300048828125,570.4652099609375,36439000,4.19
2024-10-22,581.0499877929688,584.5,580.3800048828125,583.3200073242188,570.1622314453125,34183800,4.2
2024-10-23,581.260009765625,581.7100219726562,574.4199829101562,577.989990234375,564.952392578125,49314600,4.24
2024-10-24,579.97998046875,580.0599975585938,576.5700073242188,579.239990234375,566.1741943359375,34979900,4.21
2024-10-25,581.510009765625,584.4600219726562,578.0800170898438,579.0399780273438,565.9786376953125,47268200,4.25
2024-10-28,582.5800170898438,582.7100219726562,580.52001953125,580.8300170898438,567.728271484375,30174700,4.28
2024-10-29,579.8499755859375,582.9099731445312,578.4299926757812,581.77001953125,568.6471557617188,42899700,4.28
2024-10-30,581.2899780273438,583.3200073242188,579.2899780273438,580.010009765625,566.9268798828125,41435800,4.29
2024-10-31,575.5599975585938,575.6300048828125,568.4400024414062,568.6400146484375,555.8134155273438,60182500,4.28
2024-11-01,571.3200073242188,575.5499877929688,570.6199951171875,571.0399780273438,558.1591186523438,45667500,4.37
2024-11-04,571.1799926757812,572.5,567.8900146484375,569.8099975585938,556.9569091796875,38217000,4.31
2024-11-05,570.739990234375,576.739990234375,570.52001953125,576.7000122070312,563.6914672851562,39478300,4.26
2024-11-06,589.2000122070312,591.9299926757812,585.3900146484375,591.0399780273438,577.7080688476562,68182000,4.42
2024-11-07,593.0800170898438,596.6500244140625,593.0,595.6099853515625,582.1748657226562,47233200,4.31
2024-11-08,596.1699829101562,599.6400146484375,596.1699829101562,598.1900024414062,584.6967163085938,46444900,4.3
2024-11-11,599.8099975585938,600.1699829101562,597.0,598.760009765625,585.25390625,37586800,4.3
2024-11-12,598.6799926757812,599.2899780273438,594.3699951171875,596.9000244140625,583.4358520507812,43006100,4.43
2024-11-13,597.3699951171875,599.22998046875,594.9600219726562,597.1900024414062,583.7193603515625,47388600,4.44
2024-11-14,597.3200073242188,597.8099975585938,592.6500244140625,593.3499755859375,579.9659423828125,38904100,4.43
2024-11-15,589.719970703125,590.2000122070312,583.8599853515625,585.75,572.537353515625,75988800,4.43
2024-11-18,586.219970703125,589.489990234375,585.3400268554688,588.1500244140625,574.8832397460938,37001700,4.42
2024-11-19,584.7100219726562,591.0399780273438,584.030029296875,590.2999877929688,576.9848022460938,49412000,4.39
2024-11-20,590.3800048828125,590.7899780273438,584.6300048828125,590.5,577.1802368164062,50032600,4.41
2024-11-21,593.4000244140625,595.1199951171875,587.4500122070312,593.6699829101562,580.2786865234375,46750300,4.43
2024-11-22,593.6599731445312,596.1500244140625,593.1500244140625,595.510009765625,582.0771484375,38226400,4.41
2024-11-25,599.52001953125,600.8599853515625,595.2000122070312,597.530029296875,584.0515747070312,42441400,4.27
2024-11-26,598.7999877929688,601.3300170898438,598.0700073242188,600.6500244140625,587.1012573242188,45621300,4.3
2024-11-27,600.4600219726562,600.8499755859375,597.280029296875,598.8300170898438,585.322265625,34000200,4.25
2024-11-29,599.6599731445312,603.3499755859375,599.3800048828125,602.5499877929688,588.9583740234375,30177400,4.18
2024-12-02,602.969970703125,604.3200073242188,602.469970703125,603.6300048828125,590.0140380859375,31746000,4.19
2024-12-03,603.3900146484375,604.1599731445312,602.3400268554688,603.9099731445312,590.28759765625,26906600,4.23
2024-12-04,605.6300048828125,607.9099731445312,604.9500122070312,607.6599731445312,593.953125,42787600,4.19
2024-12-05,607.6599731445312,608.47998046875,606.2999877929688,606.6599731445312,592.9757690429688,28762200,4.17
2024-12-06,607.4400024414062,609.0700073242188,607.02001953125,607.8099975585938,594.0997314453125,31241500,4.15
2024-12-09,607.6900024414062,607.8599853515625,604.0800170898438,604.6799926757812,591.0403442382812,34742700,4.2
2024-12-10,605.3699951171875,605.7999877929688,602.1300048828125,602.7999877929688,589.2026977539062,37234500,4.22
2024-12-11,605.780029296875,608.4299926757812,605.5,607.4600219726562,593.757568359375,28677700,4.26
2024-12-12,606.5800170898438,607.1599731445312,604.3300170898438,604.3300170898438,590.6983032226562,31543800,4.32
2024-12-13,606.4000244140625,607.1300048828125,602.8099975585938,604.2100219726562,590.5809936523438,35904700,4.4
2024-12-16,606.0,607.780029296875,605.2100219726562,606.7899780273438,593.1027221679688,43695200,4.39
2024-12-17,604.1900024414062,605.1699829101562,602.8900146484375,604.2899780273438,590.6591186523438,55773500,4.4
2024-12-18,603.97998046875,606.4099731445312,585.8900146484375,586.280029296875,573.055419921875,108248700,4.5
2024-12-19,591.3599853515625,593.0,585.8499755859375,586.0999755859375,572.87939453125,85919500,4.57
2024-12-20,581.77001953125,595.75,580.9099731445312,591.1500244140625,579.7603149414062,125716700,4.52
2024-12-23,590.8900146484375,595.2999877929688,587.6599731445312,594.6900024414062,583.2320556640625,57635800,4.59
2024-12-24,596.0599975585938,601.3400268554688,595.469970703125,601.2999877929688,589.7147216796875,33160100,4.59
2024-12-26,599.5,602.47998046875,598.0800170898438,601.3400268554688,589.7539672851562,41219100,4.58
2024-12-27,597.5399780273438,597.780029296875,590.760009765625,595.010009765625,583.5458984375,64969300,4.62
2024-12-30,587.8900146484375,591.739990234375,584.4099731445312,588.219970703125,576.88671875,56578800,4.55
2024-12-31,589.9099731445312,590.6400146484375,584.4199829101562,586.0800170898438,574.7879638671875,57052700,4.58
2025-01-02,589.3900146484375,591.1300048828125,580.5,584.6400146484375,573.3756103515625,50204000,4.57
2025-01-03,587.530029296875,592.5999755859375,586.4299926757812,591.9500122070312,580.5448608398438,37888500,4.6
2025-01-06,596.27001953125,599.7000122070312,593.5999755859375,595.3599853515625,583.8890991210938,47679400,4.62
2025-01-07,597.4199829101562,597.75,586.780029296875,588.6300048828125,577.288818359375,60393100,4.67
2025-01-08,588.7000122070312,590.5800170898438,585.2000122070312,589.489990234375,578.1322021484375,47304700,4.67
2025-01-10,585.8800048828125,585.9500122070312,578.5499877929688,580.489990234375,569.3057250976562,73105000,4.77
2025-01-13,575.77001953125,581.75,575.3499755859375,581.3900146484375,570.1883544921875,47910100,4.79
2025-01-14,584.3599853515625,585.0,578.3499755859375,582.1900024414062,570.972900390625,48420600,4.78
2025-01-15,590.3300170898438,593.9400024414062,589.2000122070312,592.780029296875,581.3589477539062,56900200,4.66
2025-01-16,594.1699829101562,594.3499755859375,590.9299926757812,591.6400146484375,580.2407836914062,43319700,4.61
2025-01-17,596.9600219726562,599.3599853515625,595.6099853515625,597.5800170898438,586.06640625,58070600,4.61
2025-01-21,600.6699829101562,603.0599975585938,598.6699829101562,603.0499877929688,591.4309692382812,42532900,4.57
2025-01-22,605.9199829101562,607.8200073242188,605.3599853515625,606.4400024414062,594.7557373046875,48196000,4.6
2025-01-23,605.7999877929688,609.75,605.52001953125,609.75,598.0018920898438,41152100,4.65
2025-01-24,609.8099975585938,610.780029296875,606.7999877929688,607.969970703125,596.2562255859375,34604700,4.63
2025-01-27,594.8099975585938,599.6900024414062,594.6400146484375,599.3699951171875,587.8219604492188,70361100,4.53
2025-01-28,600.6199951171875,605.3699951171875,597.25,604.52001953125,592.8726806640625,44433300,4.55
2025-01-29,603.719970703125,604.1300048828125,599.219970703125,601.8099975585938,590.21484375,37177400,4.55
2025-01-30,603.9600219726562,606.5999755859375,600.719970703125,605.0399780273438,593.382568359375,39281300,4.52
2025-01-31,607.5,609.9600219726562,601.0499877929688,601.8200073242188,590.2246704101562,66566900,4.58
2025-02-03,592.6699829101562,600.2899780273438,590.489990234375,597.77001953125,586.252685546875,65857200,4.54
2025-02-04,597.8300170898438,602.2999877929688,597.280029296875,601.780029296875,590.1854858398438,33457800,4.52
2025-02-05,600.6400146484375,604.3699951171875,598.5800170898438,604.219970703125,592.5784301757812,30653100,4.43
2025-02-06,605.989990234375,606.4500122070312,602.6300048828125,606.3200073242188,594.6380004882812,35771500,4.45
2025-02-07,606.8900146484375,608.1300048828125,600.0499877929688,600.77001953125,589.1949462890625,50788500,4.49
2025-02-10,604.030029296875,605.5,602.739990234375,604.8499755859375,593.1963500976562,26048700,4.51
2025-02-11,602.5499877929688,605.8599853515625,602.4299926757812,605.3099975585938,593.6475219726562,30056700,4.54
2025-02-12,599.2000122070312,604.5499877929688,598.510009765625,603.3599853515625,591.7349853515625,45076100,4.62
2025-02-13,604.47998046875,609.9400024414062,603.2000122070312,609.72998046875,597.9822998046875,40921300,4.52
2025-02-14,609.9400024414062,610.989990234375,609.0700073242188,609.7000122070312,597.952880859375,26910400,4.47
2025-02-18,610.8800048828125,611.489990234375,608.3800048828125,611.489990234375,599.7084350585938,26749000,4.55
2025-02-19,610.0800170898438,613.22998046875,609.5599975585938,612.9299926757812,601.1207275390625,31011100,4.53
2025-02-20,611.5399780273438,611.6799926757812,607.02001953125,610.3800048828125,598.6197509765625,36554000,4.5
2025-02-21,610.1599731445312,610.2999877929688,599.469970703125,599.9400024414062,588.3809204101562,76519800,4.42
2025-02-24,602.02001953125,603.030029296875,596.489990234375,597.2100219726562,585.7036743164062,50737200,4.4
2025-02-25,597.1500244140625,597.8900146484375,589.5599975585938,594.239990234375,582.7906494140625,58266500,4.3
2025-02-26,595.9299926757812,599.5800170898438,591.8599853515625,594.5399780273438,583.0849609375,43321600,4.25
2025-02-27,596.8499755859375,598.02001953125,584.6500244140625,585.0499877929688,573.77783203125,74196700,4.29
2025-02-28,585.5599975585938,594.719970703125,582.4400024414062,594.1799926757812,582.73193359375,88744100,4.24
2025-03-03,596.1799926757812,597.3400268554688,579.9000244140625,583.77001953125,572.5225219726562,74249200,4.16
2025-03-04,579.7100219726562,585.3900146484375,572.25,576.8599853515625,565.7455444335938,109648200,4.22
2025-03-05,576.6900024414062,584.8800048828125,573.0800170898438,583.0599975585938,571.8261108398438,71230500,4.28
2025-03-06,575.47998046875,580.1699829101562,570.1199951171875,572.7100219726562,561.6754760742188,80094900,4.29
2025-03-07,570.9000244140625,577.3900146484375,565.6300048828125,575.9199829101562,564.8236083984375,81158800,4.32
2025-03-10,567.5900268554688,569.5399780273438,555.5900268554688,560.5800170898438,549.779296875,99326600,4.22
2025-03-11,559.4000244140625,564.02001953125,552.02001953125,555.9199829101562,545.208984375,88102100,4.28
2025-03-12,562.1699829101562,563.1099853515625,553.6900024414062,558.8699951171875,548.1021728515625,69588200,4.32
2025-03-13,558.489990234375,559.1099853515625,549.6799926757812,551.4199829101562,540.7957153320312,74079400,4.27
2025-03-14,556.1099853515625,563.8300170898438,551.489990234375,562.8099975585938,551.9662475585938,62660300,4.31
2025-03-17,562.7899780273438,569.7100219726562,562.3499755859375,567.1500244140625,556.2227172851562,49008700,4.31
2025-03-18,564.7999877929688,565.02001953125,559.0599975585938,561.02001953125,550.2107543945312,66041400,4.29
2025-03-19,562.8300170898438,570.9500122070312,561.6300048828125,567.1300048828125,556.203125,66556000,4.25
2025-03-20,563.3300170898438,570.5700073242188,562.5999755859375,565.489990234375,554.5946655273438,62958200,4.24
2025-03-21,559.280029296875,564.8900146484375,558.030029296875,563.97998046875,554.7776489257812,83763000,4.25
2025-03-24,570.7999877929688,575.1500244140625,570.2000122070312,574.0800170898438,564.712890625,58766800,4.34
2025-03-25,575.2999877929688,576.4099731445312,573.6900024414062,575.4600219726562,566.0703735351562,38355700,4.31
2025-03-26,575.1900024414062,576.3300170898438,567.1900024414062,568.5900268554688,559.3124389648438,51848300,4.35
2025-03-27,567.1799926757812,570.9000244140625,564.9400024414062,567.0800170898438,557.8270874023438,42164200,4.38
2025-03-28,565.530029296875,566.27001953125,555.0700073242188,555.6599731445312,546.5933837890625,71662700,4.27
2025-03-31,549.8300170898438,560.7100219726562,546.8699951171875,559.3900146484375,550.2625122070312,95328200,4.23
2025-04-01,557.4500122070312,562.9400024414062,553.6799926757812,560.969970703125,551.816650390625,54609600,4.17
2025-04-02,555.0499877929688,567.4199829101562,554.8099975585938,564.52001953125,555.3087768554688,76014500,4.2
2025-04-03,545.1099853515625,547.969970703125,536.7000122070312,536.7000122070312,527.9428100585938,125986000,4.06
2025-04-04,523.6699829101562,525.8699951171875,505.05999755859375,505.2799987792969,497.035400390625,217965100,4.01
2025-04-07,489.1900024414063,523.1699829101562,481.7999877929688,504.3800048828125,496.1501159667969,256611400,4.15
2025-04-08,521.8599853515625,524.97998046875,489.1600036621094,496.4800109863281,488.3790283203125,165816600,4.26
2025-04-09,493.4400024414063,548.6199951171875,493.0499877929688,548.6199951171875,539.6683349609375,241867300,4.34
2025-04-10,532.1699829101562,533.5,509.3200073242188,524.5800170898438,516.0205688476562,162331200,4.4
2025-04-11,523.010009765625,536.4299926757812,520.0700073242188,533.9400024414062,525.2278442382812,97866300,4.48
2025-04-14,544.0499877929688,544.280029296875,533.8599853515625,539.1199951171875,530.3233032226562,68034000,4.38
2025-04-15,539.6699829101562,543.22998046875,536.8099975585938,537.6099853515625,528.837890625,56892900,4.35
2025-04-16,531.6799926757812,537.8900146484375,520.2899780273438,525.6599731445312,517.0829467773438,83484800,4.29
2025-04-17,527.6400146484375,531.1699829101562,523.9099731445312,526.4099731445312,517.8206787109375,79868100,4.34
2025-04-21,521.1599731445312,521.7000122070312,508.4599914550781,513.8800048828125,505.4950866699219,69368100,4.42
2025-04-22,520.1400146484375,529.2999877929688,519.1900024414062,527.25,518.64697265625,75948100,4.41
2025-04-23,540.4299926757812,545.4299926757812,533.8800048828125,535.4199829101562,526.6836547851562,90590700,4.4
2025-04-24,536.719970703125,547.4299926757812,535.4500122070312,546.6900024414062,537.769775390625,64150400,4.32
2025-04-25,546.6500244140625,551.0499877929688,543.6900024414062,550.6400146484375,541.6553955078125,61119600,4.29
2025-04-28,551.3900146484375,553.5499877929688,545.02001953125,550.8499755859375,541.8618774414062,47613800,4.23
2025-04-29,548.9099731445312,555.4500122070312,548.5499877929688,554.3200073242188,545.2752685546875,47775100,4.19
2025-04-30,547.5700073242188,556.52001953125,541.52001953125,554.5399780273438,545.4916381835938,93101500,4.17
2025-05-01,560.3699951171875,564.0700073242188,557.8599853515625,558.469970703125,549.3576049804688,63186100,4.25
2025-05-02,564.72998046875,568.3800048828125,562.3800048828125,566.760009765625,557.5122680664062,60717300,4.33
2025-05-05,562.5700073242188,566.6500244140625,561.7000122070312,563.510009765625,554.3152465820312,38659200,4.36
2025-05-06,557.9299926757812,563.3499755859375,556.9600219726562,558.7999877929688,549.6821899414062,48264700,4.3
2025-05-07,560.1500244140625,563.8200073242188,556.0399780273438,561.1500244140625,551.993896484375,55588000,4.26
2025-05-08,565.239990234375,570.3099975585938,561.7000122070312,565.0599975585938,555.8400268554688,65130800,4.37
2025-05-09,566.47998046875,567.5,562.760009765625,564.3400268554688,555.1318969726562,37603400,4.37
2025-05-12,581.469970703125,583.0,577.0399780273438,582.989990234375,573.4774780273438,78993600,4.45
2025-05-13,583.4099731445312,589.0800170898438,582.8400268554688,586.8400268554688,577.2646484375,67947200,4.49
2025-05-14,587.8099975585938,588.97998046875,585.5399780273438,587.5900268554688,578.00244140625,66283500,4.53
2025-05-15,585.5599975585938,590.969970703125,585.0999755859375,590.4600219726562,580.8255615234375,71268100,4.45
2025-05-16,591.25,594.5,589.280029296875,594.2000122070312,584.5045776367188,76052100,4.43
2025-05-19,588.0999755859375,595.5399780273438,588.0999755859375,594.8499755859375,585.1439819335938,68168500,4.46
2025-05-20,593.0900268554688,594.0499877929688,589.5999755859375,592.8499755859375,583.1765747070312,60614500,4.48
2025-05-21,588.4400024414062,592.5800170898438,581.8200073242188,582.8599853515625,573.3495483398438,95197700,4.58
2025-05-22,582.6599731445312,586.6199951171875,581.4099731445312,583.0900268554688,573.5758056640625,70860400,4.54
2025-05-23,575.97998046875,581.8099975585938,575.5999755859375,579.1099853515625,569.6607666015625,76029000,4.51
2025-05-27,586.0700073242188,591.3099975585938,578.4299926757812,591.1500244140625,581.50439453125,72588500,4.43
2025-05-28,591.5599975585938,592.77001953125,586.989990234375,587.72998046875,578.14013671875,68445500,4.47
2025-05-29,593.0599975585938,593.2000122070312,586.0700073242188,590.0499877929688,580.4223022460938,69973300,4.43
2025-05-30,588.9299926757812,591.1300048828125,583.239990234375,589.3900146484375,579.7730712890625,90601200,4.41
2025-06-02,587.760009765625,592.7899780273438,585.0599975585938,592.7100219726562,583.0389404296875,61630500,4.46
2025-06-03,592.3400268554688,597.0800170898438,591.8499755859375,596.0900268554688,586.3637084960938,63606200,4.46
2025-06-04,596.9600219726562,597.9500122070312,595.489990234375,595.9299926757812,586.2062377929688,57314200,4.37
2025-06-05,597.6300048828125,599.0,591.0499877929688,593.0499877929688,583.373291015625,92278700,4.4
2025-06-06,598.6599731445312,600.8300170898438,596.8599853515625,599.1400146484375,589.3639526367188,66588700,4.51
2025-06-09,599.719970703125,601.25,598.489990234375,599.6799926757812,589.8950805664062,53016400,4.49
2025-06-10,600.219970703125,603.469970703125,599.0900268554688,603.0800170898438,593.2396850585938,66247000,4.47
2025-06-11,604.1900024414062,605.0599975585938,599.27001953125,601.3599853515625,591.5476684570312,73658200,4.41
2025-06-12,600.010009765625,603.75,599.52001953125,603.75,593.8986206054688,64129000,4.36
2025-06-13,598.5,601.8499755859375,595.47998046875,597.0,587.2588500976562,89506000,4.41
2025-06-16,600.4000244140625,604.4500122070312,600.219970703125,602.6799926757812,592.84619140625,79984100,4.46
2025-06-17,600.2100219726562,601.75,596.760009765625,597.530029296875,587.7802124023438,82209400,4.39
2025-06-18,598.4400024414062,601.219970703125,596.469970703125,597.4400024414062,587.6917114257812,76605000,4.38
2025-06-20,598.3800048828125,599.4600219726562,592.8599853515625,594.280029296875,586.3114624023438,94051400,4.38
2025-06-23,595.0399780273438,600.5399780273438,591.8900146484375,600.1500244140625,592.1026611328125,87426000,4.34
2025-06-24,604.3300170898438,607.8499755859375,603.4099731445312,606.780029296875,598.6438598632812,67735300,4.3
2025-06-25,607.9099731445312,608.6099853515625,605.5399780273438,607.1199951171875,598.9793701171875,62114800,4.29
2025-06-26,608.989990234375,612.3099975585938,608.3699951171875,611.8699951171875,603.6655883789062,78548400,4.26
2025-06-27,612.8800048828125,616.3900146484375,610.8300170898438,614.9099731445312,606.6648559570312,86258400,4.29
2025-06-30,617.3800048828125,619.219970703125,615.0399780273438,617.8499755859375,609.5654296875,92502500,4.24
2025-07-01,616.3599853515625,618.8300170898438,615.52001953125,617.6500244140625,609.3680419921875,70030100,4.26
2025-07-02,617.239990234375,620.489990234375,616.6099853515625,620.4500122070312,612.1305541992188,66510400,4.3
2025-07-03,622.4500122070312,626.280029296875,622.4299926757812,625.3400268554688,616.9549560546875,51065800,4.35
2025-07-07,623.3599853515625,624.030029296875,617.8699951171875,620.6799926757812,612.357421875,74814500,4.4
2025-07-08,621.3499755859375,622.1099853515625,619.52001953125,620.3400268554688,612.0220947265625,59024600,4.42
2025-07-09,622.77001953125,624.719970703125,620.9099731445312,624.0599975585938,615.6920776367188,66113300,4.34
2025-07-10,624.2000122070312,626.8699951171875,623.010009765625,625.8200073242188,617.4285278320312,57529000,4.35
2025-07-11,622.739990234375,624.8599853515625,621.530029296875,623.6199951171875,615.2579345703125,63670200,4.43
2025-07-14,623.1599731445312,625.1599731445312,621.7999877929688,624.8099975585938,616.4320678710938,51898500,4.43
2025-07-15,627.52001953125,627.8599853515625,622.0599975585938,622.1400146484375,613.7978515625,74317300,4.5
2025-07-16,623.739990234375,624.72998046875,618.0499877929688,624.219970703125,615.8499755859375,88987500,4.46
2025-07-17,624.4000244140625,628.4000244140625,624.1799926757812,628.0399780273438,619.6187133789062,68885700,4.47
2025-07-18,629.2999877929688,629.469970703125,626.4600219726562,627.5800170898438,619.1649780273438,65621600,4.44
2025-07-21,628.77001953125,631.5399780273438,628.3400268554688,628.77001953125,620.3390502929688,63375000,4.38
2025-07-22,629.0999755859375,629.72998046875,626.1900024414062,628.8599853515625,620.4277954101562,60046300,4.35
2025-07-23,631.5499877929688,634.2100219726562,629.72998046875,634.2100219726562,625.7059936523438,70511000,4.4
2025-07-24,634.5999755859375,636.1500244140625,633.989990234375,634.4199829101562,625.9131469726562,71307100,4.43
2025-07-25,635.0900268554688,637.5800170898438,634.8400268554688,637.0999755859375,628.5572509765625,56865400,4.4
2025-07-28,637.47998046875,638.0399780273438,635.5399780273438,636.9400024414062,628.3994750976562,54917100,4.42
2025-07-29,638.3499755859375,638.6699829101562,634.3400268554688,635.260009765625,626.741943359375,60556300,4.34
2025-07-30,635.9199829101562,637.6799926757812,631.5399780273438,634.4600219726562,625.95263671875,80418900,4.38
2025-07-31,639.4600219726562,639.8499755859375,630.77001953125,632.0800170898438,623.6046142578125,103385200,4.37
2025-08-01,626.2999877929688,626.3400268554688,619.2899780273438,621.719970703125,613.3834838867188,140103600,4.23
2025-08-04,625.6699829101562,631.219970703125,625.5800170898438,631.1699829101562,622.7067260742188,73218000,4.22
2025-08-05,631.7899780273438,632.6099853515625,627.0399780273438,627.969970703125,619.5496215820312,68051400,4.22
2025-08-06,629.0499877929688,633.4400024414062,628.1300048828125,632.780029296875,624.2952270507812,64357500,4.22
2025-08-07,636.239990234375,636.97998046875,629.1099853515625,632.25,623.772216796875,74205800,4.23
2025-08-08,634.0599975585938,637.6500244140625,633.739990234375,637.1799926757812,628.63623046875,64051600,4.27
2025-08-11,637.4600219726562,638.9500122070312,634.6599731445312,635.9199829101562,627.39306640625,58742300,4.27
2025-08-12,638.2899780273438,642.8499755859375,636.7899780273438,642.6900024414062,634.0723266601562,64730800,4.29
2025-08-13,644.9099731445312,646.1900024414062,642.6799926757812,644.8900146484375,636.2428588867188,60092800,4.24
2025-08-14,642.7899780273438,645.6199951171875,642.3400268554688,644.9500122070312,636.302001953125,59327500,4.29
2025-08-15,645.989990234375,646.0900268554688,642.52001953125,643.4400024414062,634.8123168945312,68592500,4.33
2025-08-18,642.8599853515625,644.0,642.1799926757812,643.2999877929688,634.6741333007812,43804900,4.34
2025-08-19,643.1199951171875,644.1099853515625,638.47998046875,639.8099975585938,631.23095703125,69750700,4.3
2025-08-20,639.4000244140625,639.6599731445312,632.9500122070312,638.1099853515625,629.5537109375,88890300,4.29
2025-08-21,636.280029296875,637.969970703125,633.8099975585938,635.5499877929688,627.028076171875,54805800,4.33
2025-08-22,637.760009765625,646.5,637.25,645.3099975585938,636.6572265625,84083200,4.26
2025-08-25,644.0399780273438,645.2899780273438,642.3499755859375,642.469970703125,633.855224609375,51274300,4.28
2025-08-26,642.2000122070312,645.510009765625,641.5700073242188,645.1599731445312,636.5091552734375,51581600,4.26
2025-08-27,644.5700073242188,647.3699951171875,644.4199829101562,646.6300048828125,637.9595336914062,48341100,4.24
2025-08-28,647.239990234375,649.47998046875,645.3400268554688,648.9199829101562,640.21875,61519500,4.22
2025-08-29,647.469970703125,647.8400268554688,643.1400146484375,645.0499877929688,636.400634765625,74522200,4.23
2025-09-02,637.5,640.489990234375,634.9199829101562,640.27001953125,631.6847534179688,81983500,4.28
2025-09-03,642.6699829101562,644.2100219726562,640.4600219726562,643.739990234375,635.1082153320312,70820900,4.22
2025-09-04,644.4199829101562,649.1500244140625,643.510009765625,649.1199951171875,640.4160766601562,65219200,4.17
2025-09-05,651.47998046875,652.2100219726562,643.3300170898438,647.239990234375,638.5612182617188,85178900,4.1
2025-09-08,648.6199951171875,649.8400268554688,647.22998046875,648.8300170898438,640.1298828125,63133100,4.05
2025-09-09,648.969970703125,650.8599853515625,647.219970703125,650.3300170898438,641.60986328125,66133900,4.08
2025-09-10,653.6199951171875,654.5499877929688,650.6300048828125,652.2100219726562,643.464599609375,78034500,4.04
2025-09-11,654.1799926757812,658.3300170898438,653.5900268554688,657.6300048828125,648.81201171875,69934400,4.01
2025-09-12,657.5999755859375,659.1099853515625,656.9000244140625,657.4099731445312,648.594970703125,72780100,4.06
2025-09-15,659.6400146484375,661.0399780273438,659.3400268554688,660.9099731445312,652.0479736328125,63772400,4.05
2025-09-16,661.469970703125,661.780029296875,659.2100219726562,660.0,651.150146484375,61169000,4.04
2025-09-17,660.010009765625,661.719970703125,654.2999877929688,659.1799926757812,650.3412475585938,101952200,4.06
2025-09-18,661.8900146484375,664.8900146484375,660.27001953125,662.260009765625,653.3798828125,90459200,4.11
2025-09-19,662.3300170898438,664.5499877929688,660.3699951171875,663.7000122070312,656.6160278320312,97945600,4.14
2025-09-22,662.2000122070312,667.2899780273438,662.1699829101562,666.8400268554688,659.7224731445312,69452200,4.15
2025-09-23,666.719970703125,667.3400268554688,661.97998046875,663.2100219726562,656.1312255859375,81708900,4.12
2025-09-24,664.510009765625,664.6099853515625,659.6699829101562,661.0999755859375,654.043701171875,68082200,4.16
2025-09-25,657.9400024414062,659.4099731445312,654.4099731445312,658.0499877929688,651.0263061523438,89622100,4.18
2025-09-26,659.510009765625,662.3699951171875,657.8800048828125,661.8200073242188,654.7559814453125,69179200,4.2
2025-09-29,664.3599853515625,665.280029296875,661.8599853515625,663.6799926757812,656.5962524414062,73499000,4.15
2025-09-30,662.9299926757812,666.6500244140625,661.6099853515625,666.1799926757812,659.0694580078125,86288000,4.16
2025-10-01,663.1699829101562,669.3699951171875,663.0599975585938,668.4500122070312,661.3153076171875,72545400,4.12
2025-10-02,670.4500122070312,670.5700073242188,666.780029296875,669.219970703125,662.0770263671875,56896000,4.1
2025-10-03,669.989990234375,672.6799926757812,668.1599731445312,669.2100219726562,662.0672607421875,70494400,4.13
2025-10-06,671.6199951171875,672.510009765625,669.4600219726562,671.6099853515625,664.4415283203125,54623300,4.18
2025-10-07,672.5399780273438,672.989990234375,667.6699829101562,669.1199951171875,661.9782104492188,72020100,4.14
2025-10-08,670.25,673.2100219726562,669.4199829101562,673.1099853515625,665.925537109375,60702200,4.13
2025-10-09,673.530029296875,673.9400024414062,669.2100219726562,671.1599731445312,663.996337890625,66501900,4.14
2025-10-10,672.1300048828125,673.9500122070312,652.8400268554688,653.02001953125,646.0499877929688,159422600,4.05
2025-10-13,660.6500244140625,665.1300048828125,659.77001953125,663.0399780273438,655.9630126953125,79560500,4.05
2025-10-14,657.1699829101562,665.8300170898438,653.1699829101562,662.22998046875,655.1616821289062,88779600,4.03
2025-10-15,666.8200073242188,670.22998046875,658.9299926757812,665.1699829101562,658.0703125,81702600,4.05
2025-10-16,666.8200073242188,668.7100219726562,657.1099853515625,660.6400146484375,653.5886840820312,110563300,3.99
2025-10-17,659.5,665.760009765625,658.1400146484375,664.3900146484375,657.2986450195312,96500900,4.02
2025-10-20,667.3200073242188,672.2100219726562,667.27001953125,671.2999877929688,664.1348876953125,60493400,4.0
2025-10-21,671.4400024414062,672.989990234375,669.97998046875,671.2899780273438,664.1249389648438,56249000,3.98
2025-10-22,672.0,672.0,663.2999877929688,667.7999877929688,660.6721801757812,80564000,3.97
2025-10-23,668.1199951171875,672.7100219726562,667.7999877929688,671.760009765625,664.5899658203125,65604500,4.01
2025-10-24,676.4600219726562,678.469970703125,675.6500244140625,677.25,670.0213623046875,74356500,4.02
2025-10-27,682.72998046875,685.5399780273438,682.1199951171875,685.239990234375,677.9260864257812,63339800,4.01
2025-10-28,687.0499877929688,688.9099731445312,684.8300170898438,687.0599975585938,679.7266235351562,61738100,3.99
2025-10-29,688.719970703125,689.7000122070312,682.8699951171875,687.3900146484375,680.0531005859375,85657100,4.08
2025-10-30,683.9000244140625,685.9400024414062,679.8300170898438,679.8300170898438,672.5738525390625,76335800,4.11
2025-10-31,685.0399780273438,685.0800170898438,679.239990234375,682.0599975585938,674.7800903320312,87164100,4.11
2025-11-03,685.6699829101562,685.7999877929688,679.9400024414062,683.3400268554688,676.04638671875,57315000,4.13
2025-11-04,676.1099853515625,679.9600219726562,674.5800170898438,675.239990234375,668.0327758789062,78427000,4.1
2025-11-05,674.97998046875,680.8599853515625,674.1699829101562,677.5800170898438,670.3478393554688,74402400,4.17
2025-11-06,676.469970703125,677.3800048828125,668.719970703125,670.3099975585938,663.155517578125,85035300,4.11
2025-11-07,667.9099731445312,671.0800170898438,661.2100219726562,670.969970703125,663.808349609375,100592400,4.11
2025-11-10,677.239990234375,682.1799926757812,675.030029296875,681.4400024414062,674.1666259765625,75842900,4.13
2025-11-11,679.9500122070312,683.5700073242188,678.72998046875,683.0,675.7100219726562,58953400,4.13
2025-11-12,684.7899780273438,684.9600219726562,680.9500122070312,683.3800048828125,676.0859375,62312500,4.08
2025-11-13,680.5,680.8599853515625,670.52001953125,672.0399780273438,664.8670043945312,103457800,4.11
2025-11-14,665.3800048828125,675.6599731445312,663.27001953125,671.9299926757812,664.758056640625,96846700,4.14
2025-11-17,669.7000122070312,673.7100219726562,662.1699829101562,665.6699829101562,658.56494140625,90456100,4.13
2025-11-18,662.0999755859375,665.1199951171875,655.8599853515625,660.0800170898438,653.0346069335938,114467500,4.12
2025-11-19,660.780029296875,667.3400268554688,658.75,662.6300048828125,655.5574340820312,94703000,4.13
2025-11-20,672.9099731445312,675.5599975585938,651.8900146484375,652.530029296875,645.5652465820312,165293500,4.1
2025-11-21,655.0499877929688,664.5499877929688,650.8499755859375,659.030029296875,651.995849609375,123956200,4.06
2025-11-24,662.6900024414062,670.0599975585938,661.5900268554688,668.72998046875,661.59228515625,80437900,4.04
2025-11-25,668.6300048828125,676.2100219726562,664.47998046875,675.02001953125,667.815185546875,81077100,4.01
2025-11-26,677.6300048828125,681.7000122070312,676.719970703125,679.6799926757812,672.4254760742188,71879600,4.0
2025-11-28,680.8599853515625,683.6699829101562,680.5,683.3900146484375,676.0958251953125,49212000,4.02
2025-12-01,678.8099975585938,682.989990234375,678.739990234375,680.27001953125,673.0091552734375,61201200,4.09
2025-12-02,681.9199829101562,683.8200073242188,679.3300170898438,681.530029296875,674.2556762695312,62953800,4.09
2025-12-03,680.5700073242188,684.9099731445312,679.6900024414062,683.8900146484375,676.5905151367188,57238500,4.06
2025-12-04,685.2999877929688,685.3699951171875,681.3400268554688,684.3900146484375,677.085205078125,61970300,4.11
2025-12-05,685.469970703125,688.3900146484375,684.5800170898438,685.6900024414062,678.3712768554688,79241000,4.14
2025-12-08,686.5900268554688,686.6400146484375,681.5700073242188,683.6300048828125,676.3333129882812,55231500,4.17
2025-12-09,683.1500244140625,685.3900146484375,682.5900268554688,683.0399780273438,675.7495727539062,58310100,4.18
2025-12-10,682.5599975585938,688.969970703125,681.3099975585938,687.5700073242188,680.231201171875,85671300,4.13
2025-12-11,685.1400146484375,689.25,682.1699829101562,689.1699829101562,681.8141479492188,86173700,4.14
2025-12-12,688.1699829101562,688.8800048828125,679.1699829101562,681.760009765625,674.4832763671875,113160300,4.19
2025-12-15,685.739990234375,685.760009765625,679.25,680.72998046875,673.4642333984375,90811000,4.18
2025-12-16,679.22998046875,681.0800170898438,674.97998046875,678.8699951171875,671.6240844726562,122030600,4.15
2025-12-17,679.8900146484375,680.4400024414062,671.2000122070312,671.4000244140625,664.2338256835938,110625200,4.16
2025-12-18,677.5999755859375,680.739990234375,674.9000244140625,676.469970703125,669.2496337890625,108650100,4.12
2025-12-19,676.5900268554688,681.0900268554688,676.469970703125,680.5900268554688,675.3153686523438,103599500,4.16
2025-12-22,683.9400024414062,685.3599853515625,680.5900268554688,684.8300170898438,679.5224609375,69556700,4.17
2025-12-23,683.9199829101562,688.2000122070312,683.8699951171875,687.9600219726562,682.628173828125,64840000,4.18
2025-12-24,687.9500122070312,690.8300170898438,687.7999877929688,690.3800048828125,685.0294799804688,39445600,4.15
2025-12-26,690.6400146484375,691.6599731445312,689.27001953125,690.3099975585938,684.9600219726562,41613300,4.14
2025-12-29,687.5399780273438,689.2000122070312,686.0700073242188,687.8499755859375,682.51904296875,62559500,4.12
2025-12-30,687.4500122070312,688.5599975585938,686.5800170898438,687.010009765625,681.685546875,47160700,4.14
2025-12-31,687.1400146484375,687.3599853515625,681.7100219726562,681.9199829101562,676.635009765625,74144800,4.18
2026-01-02,685.7100219726562,686.8699951171875,679.8200073242188,683.1699829101562,677.8753051757812,89377200,4.19
2026-01-05,686.5399780273438,689.4299926757812,686.3800048828125,687.719970703125,682.3900756835938,71927200,4.17
2026-01-06,687.9299926757812,692.3200073242188,687.780029296875,691.8099975585938,686.4483642578125,69273800,4.18
2026-01-07,692.1900024414062,693.9600219726562,689.3200073242188,689.5800170898438,684.2356567382812,75588300,4.15
2026-01-08,688.8200073242188,690.6199951171875,687.489990234375,689.510009765625,684.1661987304688,64019200,4.19
2026-01-09,690.6300048828125,695.3099975585938,689.1799926757812,694.0700073242188,688.6908569335938,80125500,4.18
2026-01-12,690.6799926757812,696.0900268554688,690.6300048828125,695.1599731445312,689.7723999023438,63976000,4.19
2026-01-13,695.489990234375,696.0900268554688,691.3499755859375,693.77001953125,688.3931884765625,78309700,4.18
2026-01-14,691.0,691.719970703125,686.0399780273438,690.3599853515625,685.0095825195312,94676700,4.15
2026-01-15,694.5700073242188,695.4500122070312,691.25,692.239990234375,686.8750610351562,77862000,4.17
2026-01-16,693.6599731445312,694.25,690.0999755859375,691.6599731445312,686.2994995117188,79289200,4.24
2026-01-20,681.489990234375,684.77001953125,676.5700073242188,677.5800170898438,672.32861328125,111623300,4.3
2026-01-21,679.6500244140625,688.739990234375,678.1300048828125,685.4000244140625,680.0880737304688,127844500,4.26
2026-01-22,689.8499755859375,691.1300048828125,686.9199829101562,688.97998046875,683.6403198242188,77112200,4.26
2026-01-23,688.1500244140625,690.9600219726562,687.1599731445312,689.22998046875,683.8883056640625,63059600,4.24
2026-01-26,690.489990234375,694.1300048828125,689.9199829101562,692.72998046875,687.3612670898438,60473800,4.22
2026-01-27,694.1799926757812,696.530029296875,693.5700073242188,695.489990234375,690.0997924804688,55506100,4.24
2026-01-28,697.0499877929688,697.8400268554688,693.9400024414062,695.4199829101562,690.0303344726562,61172200,4.26
2026-01-29,696.3900146484375,697.0599975585938,684.8300170898438,694.0399780273438,688.6610717773438,97486200,4.24
2026-01-30,691.7899780273438,694.2100219726562,687.1199951171875,691.969970703125,686.607177734375,101835100,4.26
2026-02-02,689.5800170898438,696.9299926757812,689.4199829101562,695.4099731445312,690.0204467773438,79286500,4.29
2026-02-03,696.2100219726562,696.9600219726562,684.030029296875,689.530029296875,684.18603515625,107904600,4.28
2026-02-04,690.3499755859375,691.4500122070312,681.760009765625,686.1900024414062,680.8719482421875,105204600,4.29
2026-02-05,680.9400024414062,683.6900024414062,675.7899780273438,677.6199951171875,672.3683471679688,113610800,4.21
2026-02-06,681.4600219726562,692.3099975585938,680.8499755859375,690.6199951171875,685.267578125,89127600,4.22
2026-02-09,689.4199829101562,695.8699951171875,688.3400268554688,693.9500122070312,688.57177734375,73885200,4.22
2026-02-10,694.9500122070312,696.5399780273438,691.6599731445312,692.1199951171875,686.7559204101562,65185700,4.16
2026-02-11,696.3900146484375,697.1400146484375,689.1799926757812,691.9600219726562,686.5972290039062,76353900,4.18
2026-02-12,694.239990234375,695.3499755859375,680.3699951171875,681.27001953125,675.9901123046875,118829000,4.09
2026-02-13,681.6900024414062,686.280029296875,677.52001953125,681.75,676.46630859375,96267500,4.04
2026-02-17,680.1400146484375,684.9400024414062,675.780029296875,682.8499755859375,677.5578002929688,81354700,4.05
2026-02-18,684.02001953125,689.1500244140625,682.8300170898438,686.2899780273438,680.9711303710938,73570300,4.09
2026-02-19,683.8400268554688,686.1799926757812,681.5499877929688,684.47998046875,679.1751708984375,58649400,4.08
2026-02-20,682.3200073242188,690.0599975585938,681.72998046875,689.4299926757812,684.0868530273438,100034000,4.08
2026-02-23,687.8300170898438,690.0,680.3699951171875,682.3900146484375,677.1013793945312,90558100,4.03
2026-02-24,681.9000244140625,688.3499755859375,680.0,687.3499755859375,682.0228881835938,73798700,4.04
2026-02-25,690.1799926757812,693.6799926757812,690.0999755859375,693.1500244140625,687.7780151367188,56369500,4.05
2026-02-26,693.280029296875,693.2999877929688,684.3499755859375,689.2999877929688,683.957763671875,71671000,4.02
2026-02-27,683.0900268554688,686.8599853515625,681.6400146484375,685.989990234375,680.6734619140625,83308900,3.97
2026-03-02,678.7000122070312,688.6199951171875,678.02001953125,686.3800048828125,681.0604248046875,87477200,4.05
2026-03-03,675.0599975585938,682.6099853515625,669.6599731445312,680.3300170898438,675.057373046875,105003100,4.06
2026-03-04,681.6300048828125,687.0900268554688,679.6199951171875,685.1300048828125,679.8201904296875,79182200,4.09
2026-03-05,682.0800170898438,685.530029296875,675.6099853515625,681.3099975585938,676.0297241210938,106606500,4.13
2026-03-06,673.4099731445312,676.1099853515625,669.760009765625,672.3800048828125,667.1688842773438,100687000,4.15
2026-03-09,666.3900146484375,679.9199829101562,662.3900146484375,678.27001953125,673.0133056640625,102667700,4.12
2026-03-10,677.719970703125,683.3599853515625,674.760009765625,677.1799926757812,671.9317626953125,81505300,4.15
2026-03-11,677.5800170898438,680.0800170898438,673.3400268554688,676.3300170898438,671.08837890625,68441700,4.21
2026-03-12,671.1599731445312,671.6500244140625,665.8699951171875,666.0599975585938,660.89794921875,108882200,4.27
2026-03-13,669.27001953125,672.3400268554688,661.3599853515625,662.2899780273438,657.1571655273438,97200200,4.28
2026-03-16,668.3800048828125,672.0700073242188,667.1199951171875,669.030029296875,663.844970703125,82023100,4.23
2026-03-17,672.3900146484375,674.4400024414062,669.7000122070312,670.7899780273438,665.5912475585938,87128000,4.2
2026-03-18,668.3599853515625,669.719970703125,661.1900024414062,661.4299926757812,656.3037719726562,82062600,4.26
2026-03-19,656.969970703125,662.97998046875,655.1699829101562,659.7999877929688,654.6864013671875,111272500,4.25
2026-03-20,656.510009765625,656.6900024414062,644.719970703125,648.5700073242188,645.301025390625,163617500,4.39
2026-03-23,658.0700073242188,662.6199951171875,653.9400024414062,655.3800048828125,652.07666015625,134802700,4.34
2026-03-24,651.3200073242188,657.030029296875,649.8800048828125,653.1799926757812,649.8877563476562,96457500,4.39
2026-03-25,658.6699829101562,660.8900146484375,654.239990234375,656.8200073242188,653.5093994140625,90653800,4.33
2026-03-26,652.0599975585938,654.8499755859375,644.8200073242188,645.0900268554688,641.8385620117188,96494400,4.42
2026-03-27,642.5,642.6599731445312,633.1099853515625,634.0900268554688,630.8939819335938,103649400,4.44
2026-03-30,640.1099853515625,640.3699951171875,629.280029296875,631.969970703125,628.78466796875,99275900,4.35
2026-03-31,638.9400024414062,651.5399780273438,637.97998046875,650.3400268554688,647.0620727539062,152534100,4.3
2026-04-01,653.9000244140625,658.52001953125,653.0,655.239990234375,651.9373779296875,97841500,4.33
2026-04-02,646.4199829101562,658.2000122070312,645.1099853515625,655.8300170898438,652.5244140625,68358700,4.31
2026-04-06,655.8599853515625,659.719970703125,655.52001953125,658.9299926757812,655.6088256835938,39105800,4.34
2026-04-07,656.6500244140625,659.6099853515625,651.0599975585938,659.219970703125,655.8972778320312,69980400,4.33
2026-04-08,676.3900146484375,677.0800170898438,671.4600219726562,676.010009765625,672.6027221679688,93606100,4.29
2026-04-09,674.8400268554688,681.1599731445312,673.77001953125,679.9099731445312,676.4829711914062,57134400,4.29
2026-04-10,681.3200073242188,682.030029296875,678.4500122070312,679.4600219726562,676.0353393554688,42253500,4.31
2026-04-13,677.4099731445312,686.2999877929688,676.5800170898438,686.0999755859375,682.641845703125,54185800,4.3
2026-04-14,687.6900024414062,694.5800170898438,687.6599731445312,694.4600219726562,690.959716796875,63480500,4.26
2026-04-15,695.260009765625,700.280029296875,694.2000122070312,699.9400024414062,696.412109375,58240400,4.29
2026-04-16,701.0599975585938,702.780029296875,698.530029296875,701.6599731445312,698.1234130859375,49972400,4.32
2026-04-17,706.1400146484375,712.3900146484375,705.760009765625,710.1400146484375,706.5607299804688,70661900,4.26
2026-04-20,708.780029296875,709.9099731445312,706.1400146484375,708.719970703125,705.1477661132812,43546800,4.26
2026-04-21,710.280029296875,711.280029296875,702.6400146484375,704.0800170898438,700.53125,58941400,4.3
2026-04-22,709.1500244140625,711.4500122070312,708.219970703125,711.2100219726562,707.6253051757812,42518500,4.3
2026-04-23,709.5,712.3599853515625,702.280029296875,708.4500122070312,704.8792114257812,56174000,4.34
2026-04-24,710.75,714.469970703125,709.010009765625,713.9400024414062,710.341552734375,45182000,4.31
2026-04-27,713.1699829101562,715.6300048828125,712.2999877929688,715.1699829101562,711.5653076171875,33135900,4.35
2026-04-28,711.8200073242188,712.8800048828125,709.25,711.6900024414062,708.1028442382812,43117400,4.36
2026-04-29,711.0,712.2000122070312,708.3699951171875,711.5800170898438,707.993408203125,41859200,4.42
2026-04-30,714.6300048828125,719.7899780273438,710.4500122070312,718.6599731445312,715.0377197265625,67240900,4.4
2026-05-01,721.25,724.8699951171875,720.469970703125,720.6500244140625,717.0177001953125,43049800,4.39
2026-05-04,720.0700073242188,722.1199951171875,714.989990234375,718.010009765625,714.3909912109375,51950600,4.45
2026-05-05,721.77001953125,725.0399780273438,721.489990234375,723.77001953125,720.1220092773438,36933200,4.43
2026-05-06,728.1599731445312,734.5900268554688,727.8200073242188,733.8300170898438,730.1312866210938,53288900,4.36
2026-05-07,735.0499877929688,736.1300048828125,729.75,731.5800170898438,727.8926391601562,51724600,4.41
2026-05-08,734.9299926757812,738.0800170898438,734.5700073242188,737.6199951171875,733.9021606445312,47227100,4.38
2026-05-11,736.4500122070312,740.7899780273438,736.4500122070312,739.2999877929688,735.5736694335938,44024000,4.42
2026-05-12,736.8900146484375,738.8400268554688,731.8300170898438,738.1799926757812,734.4593505859375,54185300,4.46
2026-05-13,738.469970703125,743.9099731445312,735.469970703125,742.3099975585938,738.5685424804688,44200200,4.46
2026-05-14,743.6500244140625,749.530029296875,743.5599975585938,748.1699829101562,744.3989868164062,45307600,4.47
2026-05-15,741.7899780273438,743.4600219726562,737.9600219726562,739.1699829101562,735.4443969726562,60410800,4.59
2026-05-18,739.8300170898438,741.4199829101562,733.3900146484375,738.6500244140625,734.927001953125,47843900,4.61
2026-05-19,734.780029296875,737.6500244140625,731.530029296875,733.72998046875,730.0317993164062,54255900,4.67
2026-05-20,735.7100219726562,741.8699951171875,733.8900146484375,741.25,737.5138549804688,45768000,4.57
2026-05-21,738.6400146484375,744.8699951171875,737.030029296875,742.719970703125,738.9764404296875,43332200,4.57
2026-05-22,746.239990234375,748.9400024414062,744.47998046875,745.6400146484375,741.8817749023438,41762000,4.56
2026-05-26,750.010009765625,752.1300048828125,748.3699951171875,750.5900268554688,746.8068237304688,41123600,4.5
2026-05-27,750.8800048828125,751.3800048828125,748.219970703125,750.4600219726562,746.677490234375,42106300,4.48
2026-05-28,750.25,755.1500244140625,749.22998046875,754.5999755859375,750.7965698242188,41562600,4.45
2026-05-29,755.9000244140625,758.0800170898438,754.6900024414062,756.47998046875,752.6671142578125,55075700,4.45
2026-06-01,755.3599853515625,760.280029296875,754.6900024414062,758.5399780273438,754.7167358398438,43634900,4.47
2026-06-02,757.030029296875,760.4000244140625,756.75,759.5700073242188,755.7415771484375,31581900,4.46
2026-06-03,758.1500244140625,758.7999877929688,753.5700073242188,754.239990234375,750.4384155273438,51402500,4.49
2026-06-04,752.0999755859375,758.3099975585938,751.469970703125,757.0900268554688,753.2740478515625,49923000,4.47
2026-06-05,752.3099975585938,752.8200073242188,735.530029296875,737.5499877929688,733.83251953125,93989400,4.55
2026-06-08,743.3599853515625,745.3400268554688,738.1900024414062,739.219970703125,735.4940795898438,49319100,4.56
2026-06-09,743.6300048828125,746.9000244140625,722.5900268554688,737.0499877929688,733.3350219726562,87683500,4.53
2026-06-10,733.3900146484375,738.3800048828125,725.3300170898438,725.4299926757812,721.7736206054688,60341300,4.55
2026-06-11,728.760009765625,740.0,724.4099731445312,737.760009765625,734.04150390625,86330500,4.45
2026-06-12,740.7100219726562,744.4400024414062,735.030029296875,741.75,738.0113525390625,57079500,4.48
2026-06-15,751.8499755859375,756.6799926757812,751.760009765625,754.8300170898438,751.0254516601562,60176400,4.47
2026-06-16,754.5499877929688,755.4400024414062,749.8800048828125,750.3300170898438,746.5481567382812,67093100,4.43
2026-06-17,751.2899780273438,752.1500244140625,739.219970703125,740.9600219726562,737.225341796875,85945200,4.49
2026-06-18,747.760009765625,748.22998046875,743.8599853515625,746.739990234375,744.8902587890625,80875700,4.46
2026-06-22,747.7000122070312,750.1799926757812,743.1300048828125,744.3900146484375,742.546142578125,46628100,4.51
2026-06-23,733.8099975585938,739.6300048828125,732.2999877929688,733.5800170898438,731.7628784179688,66846800,4.5
2026-06-24,735.1699829101562,739.9500122070312,730.8400268554688,733.239990234375,731.4237060546875,57439500,4.41
2026-06-25,738.9099731445312,739.3699951171875,729.5999755859375,734.2999877929688,732.4810791015625,53934400,4.4
2026-06-26,728.9500122070312,736.530029296875,716.5800170898438,728.989990234375,727.1842651367188,71034000,4.38
2026-06-29,736.530029296875,741.5599975585938,732.0900268554688,741.0,739.1644897460938,58035200,4.38
2026-06-30,741.2899780273438,748.02001953125,740.8900146484375,746.77001953125,744.9202270507812,55626000,4.44
2026-07-01,745.0,749.4400024414062,742.3800048828125,745.760009765625,743.9127197265625,47100900,4.48
2026-07-02,747.4000244140625,751.3099975585938,740.030029296875,744.780029296875,742.9351806640625,57447800,4.49
2026-07-06,748.739990234375,752.4099731445312,747.4099731445312,751.280029296875,749.4190673828125,50673300,4.48
2026-07-07,750.219970703125,750.9600219726562,745.2100219726562,747.7100219726562,745.85791015625,43721500,4.55
2026-07-08,743.1599731445312,746.1500244140625,739.510009765625,745.4000244140625,743.5536499023438,43767400,4.56
2026-07-09,747.3499755859375,751.969970703125,745.5900268554688,751.7100219726562,749.8480224609375,41441700,4.54
2026-07-10,752.0499877929688,755.4199829101562,748.0999755859375,754.9500122070312,753.0799560546875,42191300,4.56
2026-07-13,752.469970703125,753.9099731445312,748.0,749.1699829101562,747.3142700195312,44013600,4.62
2026-07-14,750.9099731445312,753.3400268554688,748.6599731445312,751.8300170898438,749.9677124023438,35143100,4.58
2026-07-15,754.239990234375,755.5800170898438,750.2000122070312,754.8099975585938,752.9403076171875,43844800,4.55
2026-07-16,752.760009765625,754.5700073242188,747.8800048828125,750.719970703125,748.8604125976562,46409800,4.57
2026-07-17,742.0800170898438,747.2899780273438,740.7999877929688,743.2899780273438,741.4487915039062,62651000,4.55
2026-07-20,747.0599975585938,748.72998046875,741.510009765625,742.0900268554688,740.2518310546875,50422300,4.6
2026-07-21,746.2899780273438,749.0399780273438,744.1799926757812,748.280029296875,746.426513671875,34324300,4.63
2026-07-22,746.6199951171875,750.02001953125,746.3699951171875,747.4099731445312,745.55859375,32836200,4.67
2026-07-23,739.3699951171875,742.5599975585938,735.2100219726562,738.1799926757812,736.3515014648438,55437300,4.71
2026-07-24,738.510009765625,743.719970703125,737.2899780273438,738.9299926757812,737.099609375,44782000,4.69
2026-07-27,744.9099731445312,745.530029296875,735.8699951171875,739.0900268554688,737.25927734375,41461200,4.65
2026-07-28,739.1900024414062,742.7899780273438,735.97998046875,740.8599853515625,739.0248413085938,47322200,4.61
2026-07-29,739.969970703125,742.6799926757812,729.0999755859375,729.4600219726562,727.6531372070312,70697200,4.67
2026-07-30,736.0499877929688,742.4500122070312,734.5900268554688,741.6900024414062,739.852783203125,66811300,4.68
2026-07-31,744.6799926757812,748.9000244140625,737.6799926757812,747.030029296875,745.1796264648438,62445900,4.75
2026-08-03,749.4400024414062,758.5800170898438,748.7999877929688,757.6699829101562,755.793212890625,59927500,4.7
2026-08-04,760.6300048828125,773.4099731445312,760.52001953125,771.3300170898438,769.4193725585938,69154800,4.63
2026-08-05,775.8499755859375,776.8499755859375,769.510009765625,769.7899780273438,767.8831787109375,44689100,4.63
2026-08-06,770.2100219726562,771.8200073242188,767.4600219726562,768.5599975585938,766.65625,38416900,4.69
2026-08-07,771.02001953125,773.9199829101562,769.6099853515625,773.260009765625,771.3446044921875,43586300,4.65
2026-08-10,772.5999755859375,775.0499877929688,771.6199951171875,773.030029296875,771.1151733398438,39249500,4.72
2026-08-11,774.530029296875,774.6099853515625,769.2000122070312,770.5599975585938,768.6513061523438,36740600,4.7
2026-08-12,774.7100219726562,774.9000244140625,771.280029296875,772.489990234375,770.5764770507812,33179100,4.68
2026-08-13,774.8699951171875,779.3699951171875,774.1099853515625,777.8800048828125,775.9531860351562,35634500,4.63
2026-08-14,778.5399780273438,778.7999877929688,775.4299926757812,776.3400268554688,774.4169921875,31367900,4.68
2026-08-17,776.1799926757812,776.780029296875,772.510009765625,772.6699829101562,770.7560424804688,34356600,4.72
2026-08-18,768.7000122070312,769.5,766.9199829101562,767.4500122070312,765.5490112304688,43920900,4.71
2026-08-19,770.3599853515625,772.469970703125,768.0999755859375,769.0599975585938,767.1549682617188,40306000,4.65
2026-08-20,765.9600219726562,768.1500244140625,762.0399780273438,762.5999755859375,760.7109985351562,45520300,4.69
2026-08-21,766.0499877929688,767.8499755859375,764.1699829101562,765.719970703125,763.8232421875,39188700,4.74
2026-08-24,764.780029296875,765.219970703125,762.0800170898438,763.469970703125,761.5787963867188,32430900,4.7
2026-08-25,766.1599731445312,766.780029296875,763.0499877929688,765.9099731445312,764.0127563476562,27422300,4.64
2026-08-26,764.72998046875,767.3499755859375,763.9299926757812,766.0800170898438,764.182373046875,28751600,4.66
2026-08-27,768.5,772.3599853515625,767.1599731445312,771.0999755859375,769.18994140625,34557100,4.67
2026-08-28,771.760009765625,775.2999877929688,768.3099975585938,769.3499755859375,767.4442749023438,36744300,4.73
2026-08-31,767.3300170898438,768.0,764.719970703125,767.0499877929688,765.1499633789062,38810800,4.75
2026-09-01,762.010009765625,764.6699829101562,759.47998046875,761.780029296875,759.89306640625,41126300,4.79
2026-09-02,762.4500122070312,766.4299926757812,761.72998046875,765.1599731445312,763.2646484375,29566200,4.79
2026-09-03,767.9000244140625,774.030029296875,767.4500122070312,773.1699829101562,771.2548217773438,43531600,4.77
2026-09-04,772.010009765625,772.8699951171875,769.0,770.1900024414062,768.2822265625,34054200,4.78
2026-09-08,769.0700073242188,769.7000122070312,765.1400146484375,765.9600219726562,764.0626831054688,44746100,4.8
2026-09-09,764.0800170898438,764.469970703125,760.9400024414062,762.4000244140625,760.5115356445312,32812400,4.83
2026-09-10,758.030029296875,760.1099853515625,756.6400146484375,757.8300170898438,755.9528198242188,42740400,4.95
2026-09-11,764.719970703125,766.3800048828125,763.5999755859375,764.2899780273438,762.3967895507812,45512700,4.96
2026-09-14,759.0,763.52001953125,757.9299926757812,760.8800048828125,758.9952392578125,43992400,4.97
2026-09-15,760.1199951171875,760.3499755859375,756.1500244140625,757.3900146484375,755.513916015625,46195000,5.0
2026-09-16,759.5,761.6699829101562,749.5999755859375,754.0499877929688,752.1821899414062,59217700,5.01
2026-09-17,763.1500244140625,763.5700073242188,759.9600219726562,762.5999755859375,760.7109985351562,49652800,4.94
2026-09-18,761.3099975585938,762.0,757.969970703125,761.6900024414062,761.6900024414062,65308100,4.94
2026-09-21,761.3099975585938,766.6500244140625,766.030029296875,766.52001953125,766.52001953125,2668269,4.94
